100 100 21
1 1 1
0
0 0 0 0 0 0 0 0 0 0 0 0 0 0 0 0 0 0 0 0 0 0 0 0 0 0 0 0 0 0 0 0 0 0 0 0 0 0 0 0 0 0 0 0 0 0 0 0 0 0 0 0 0 0 0 0 0 0 0 0 0 0 0 0 0 0 0 0 0 0 0 0 0 0 0 0 0 0 0 0 0 0 0 0 0 0 0 0 0 0 0 0 0 0 0 0 0 0 0 0 
0 0 0 0 0 0 0 0 0 0 0 0 0 0 0 0 0 0 0 0 0 0 0 0 0 0 0 0 0 0 0 0 0 0 0 0 0 0 0 0 0 0 0 0 0 0 0 0 0 0 0 0 0 0 0 0 0 0 0 0 0 0 0 0 0 0 0 0 0 0 0 0 0 0 0 0 0 0 0 0 0 0 0 0 0 0 0 0 0 0 0 0 0 0 0 0 0 0 0 0 
0 0 0 0 0 0 0 0 0 0 0 0 0 0 0 0 0 0 0 0 0 0 0 0 0 0 0 0 0 0 0 0 0 0 0 0 0 0 0 0 0 0 0 0 0 0 0 0 0 0 0 0 0 0 0 0 0 0 0 0 0 0 0 0 0 0 0 0 0 0 0 0 0 0 0 0 0 0 0 0 0 0 0 0 0 0 0 0 0 0 0 0 0 0 0 0 0 0 0 0 
0 0 0 0 0 0 0 0 0 0 0 0 0 0 0 0 0 0 0 0 0 0 0 0 0 0 0 0 0 0 0 0 0 0 0 0 0 0 0 0 0 0 0 0 0 0 0 0 0 0 0 0 0 0 0 0 0 0 0 0 0 0 0 0 0 0 0 0 0 0 0 0 0 0 0 0 0 0 0 0 0 0 0 0 0 0 0 0 0 0 0 0 0 0 0 0 0 0 0 0 
0 0 0 0 0 0 0 0 0 0 0 0 0 0 0 0 0 0 0 0 0 0 0 0 0 0 0 0 0 0 0 0 0 0 0 0 0 0 0 0 0 0 0 0 0 0 0 0 0 0 0 0 0 0 0 0 0 0 0 0 0 0 0 0 0 0 0 0 0 0 0 0 0 0 0 0 0 0 0 0 0 0 0 0 0 0 0 0 0 0 0 0 0 0 0 0 0 0 0 0 
0 0 0 0 0 0 0 0 0 0 0 0 0 0 0 0 0 0 0 0 0 0 0 0 0 0 0 0 0 0 0 0 0 0 0 0 0 0 0 0 0 0 0 0 0 0 0 0 0 0 0 0 0 0 0 0 0 0 0 0 0 0 0 0 0 0 0 0 0 0 0 0 0 0 0 0 0 0 0 0 0 0 0 0 0 0 0 0 0 0 0 0 0 0 0 0 0 0 0 0 
0 0 0 0 0 0 0 0 0 0 0 0 0 0 0 0 0 0 0 0 0 0 0 0 0 0 0 0 0 0 0 0 0 0 0 0 0 0 0 0 0 0 0 0 0 0 0 0 0 0 0 0 0 0 0 0 0 0 0 0 0 0 0 0 0 0 0 0 0 0 0 0 0 0 0 0 0 0 0 0 0 0 0 0 0 0 0 0 0 0 0 0 0 0 0 0 0 0 0 0 
0 0 0 0 0 0 0 0 0 0 0 0 0 0 0 0 0 0 0 0 0 0 0 0 0 0 0 0 0 0 0 0 0 0 0 0 0 0 0 0 0 0 0 0 0 0 0 0 0 0 0 0 0 0 0 0 0 0 0 0 0 0 0 0 0 0 0 0 0 0 0 0 0 0 0 0 0 0 0 0 0 0 0 0 0 0 0 0 0 0 0 0 0 0 0 0 0 0 0 0 
0 0 0 0 0 0 0 0 0 0 0 0 0 0 0 0 0 0 0 0 0 0 0 0 0 0 0 0 0 0 0 0 0 0 0 0 0 0 0 0 0 0 0 0 0 0 0 0 0 0 0 0 0 0 0 0 0 0 0 0 0 0 0 0 0 0 0 0 0 0 0 0 0 0 0 0 0 0 0 0 0 0 0 0 0 0 0 0 0 0 0 0 0 0 0 0 0 0 0 0 
0 0 0 0 0 0 0 0 0 0 0 0 0 0 0 0 0 0 0 0 0 0 0 0 0 0 0 0 0 0 0 0 0 0 0 0 0 0 0 0 0 0 0 0 0 0 0 0 0 0 0 0 0 0 0 0 0 0 0 0 0 0 0 0 0 0 0 0 0 0 0 0 0 0 0 0 0 0 0 0 0 0 0 0 0 0 0 0 0 0 0 0 0 0 0 0 0 0 0 0 
0 0 0 0 0 0 0 0 0 0 0 0 0 0 0 0 0 0 0 0 0 0 0 0 0 0 0 0 0 0 0 0 0 0 0 0 0 0 0 0 0 0 0 0 0 0 0 0 0 0 0 0 0 0 0 0 0 0 0 0 0 0 0 0 0 0 0 0 0 0 0 0 0 0 0 0 0 0 0 0 0 0 0 0 0 0 0 0 0 0 0 0 0 0 0 0 0 0 0 0 
0 0 0 0 0 0 0 0 0 0 0 0 0 0 0 0 0 0 0 0 0 0 0 0 0 0 0 0 0 0 0 0 0 0 0 0 0 0 0 0 0 0 0 0 0 0 0 0 0 0 0 0 0 0 0 0 0 0 0 0 0 0 0 0 0 0 0 0 0 0 0 0 0 0 0 0 0 0 0 0 0 0 0 0 0 0 0 0 0 0 0 0 0 0 0 0 0 0 0 0 
0 0 0 0 0 0 0 0 0 0 0 0 0 0 0 0 0 0 0 0 0 0 0 0 0 0 0 0 0 0 0 0 0 0 0 0 0 0 0 0 0 0 0 0 0 0 0 0 0 0 0 0 0 0 0 0 0 0 0 0 0 0 0 0 0 0 0 0 0 0 0 0 0 0 0 0 0 0 0 0 0 0 0 0 0 0 0 0 0 0 0 0 0 0 0 0 0 0 0 0 
0 0 0 0 0 0 0 0 0 0 0 0 0 0 0 0 0 0 0 0 0 0 0 0 0 0 0 0 0 0 0 0 0 0 0 0 0 0 0 0 0 0 0 0 0 0 0 0 0 0 0 0 0 0 0 0 0 0 0 0 0 0 0 0 0 0 0 0 0 0 0 0 0 0 0 0 0 0 0 0 0 0 0 0 0 0 0 0 0 0 0 0 0 0 0 0 0 0 0 0 
0 0 0 0 0 0 0 0 0 0 0 0 0 0 0 0 0 0 0 0 0 0 0 0 0 0 0 0 0 0 0 0 0 0 0 0 0 0 0 0 0 0 0 0 0 0 0 0 0 0 0 0 0 0 0 0 0 0 0 0 0 0 0 0 0 0 0 0 0 0 0 0 0 0 0 0 0 0 0 0 0 0 0 0 0 0 0 0 0 0 0 0 0 0 0 0 0 0 0 0 
0 0 0 0 0 0 0 0 0 0 0 0 0 0 0 0 0 0 0 0 0 0 0 0 0 0 0 0 0 0 0 0 0 0 0 0 0 0 0 0 0 0 0 0 0 0 0 0 0 0 0 0 0 0 0 0 0 0 0 0 0 0 0 0 0 0 0 0 0 0 0 0 0 0 0 0 0 0 0 0 0 0 0 0 0 0 0 0 0 0 0 0 0 0 0 0 0 0 0 0 
0 0 0 0 0 0 0 0 0 0 0 0 0 0 0 0 0 0 0 0 0 0 0 0 0 0 0 0 0 0 0 0 0 0 0 0 0 0 0 0 0 0 0 0 0 0 0 0 0 0 0 0 0 0 0 0 0 0 0 0 0 0 0 0 0 0 0 0 0 0 0 0 0 0 0 0 0 0 0 0 0 0 0 0 0 0 0 0 0 0 0 0 0 0 0 0 0 0 0 0 
0 0 0 0 0 0 0 0 0 0 0 0 0 0 0 0 0 0 0 0 0 0 0 0 0 0 0 0 0 0 0 0 0 0 0 0 0 0 0 0 0 0 0 0 0 0 0 0 0 0 0 0 0 0 0 0 0 0 0 0 0 0 0 0 0 0 0 0 0 0 0 0 0 0 0 0 0 0 0 0 0 0 0 0 0 0 0 0 0 0 0 0 0 0 0 0 0 0 0 0 
0 0 0 0 0 0 0 0 0 0 0 0 0 0 0 0 0 0 0 0 0 0 0 0 0 0 0 0 0 0 0 0 0 0 0 0 0 0 0 0 0 0 0 0 0 0 0 0 0 0 0 0 0 0 0 0 0 0 0 0 0 0 0 0 0 0 0 0 0 0 0 0 0 0 0 0 0 0 0 0 0 0 0 0 0 0 0 0 0 0 0 0 0 0 0 0 0 0 0 0 
0 0 0 0 0 0 0 0 0 0 0 0 0 0 0 0 0 0 0 0 0 0 0 0 0 0 0 0 0 0 0 0 0 0 0 0 0 0 0 0 0 0 0 0 0 0 0 0 0 0 0 0 0 0 0 0 0 0 0 0 0 0 0 0 0 0 0 0 0 0 0 0 0 0 0 0 0 0 0 0 0 0 0 0 0 0 0 0 0 0 0 0 0 0 0 0 0 0 0 0 
0 0 0 0 0 0 0 0 0 0 0 0 0 0 0 0 0 0 0 0 0 0 0 0 0 0 0 0 0 0 0 0 0 0 0 0 0 0 0 0 0 0 0 0 0 0 0 0 0 0 0 0 0 0 0 0 0 0 0 0 0 0 0 0 0 0 0 0 0 0 0 0 0 0 0 0 0 0 0 0 0 0 0 0 0 0 0 0 0 0 0 0 0 0 0 0 0 0 0 0 
0 0 0 0 0 0 0 0 0 0 0 0 0 0 0 0 0 0 0 0 0 0 0 0 0 0 0 0 0 0 0 0 0 0 0 0 0 0 0 0 0 0 0 0 0 0 0 0 0 0 0 0 0 0 0 0 0 0 0 0 0 0 0 0 0 0 0 0 0 0 0 0 0 0 0 0 0 0 0 0 0 0 0 0 0 0 0 0 0 0 0 0 0 0 0 0 0 0 0 0 
0 0 0 0 0 0 0 0 0 0 0 0 0 0 0 0 0 0 0 0 0 0 0 0 0 0 0 0 0 0 0 0 0 0 0 0 0 0 0 0 0 0 0 0 0 0 0 0 0 0 0 0 0 0 0 0 0 0 0 0 0 0 0 0 0 0 0 0 0 0 0 0 0 0 0 0 0 0 0 0 0 0 0 0 0 0 0 0 0 0 0 0 0 0 0 0 0 0 0 0 
0 0 0 0 0 0 0 0 0 0 0 0 0 0 0 0 0 0 0 0 0 0 0 0 0 0 0 0 0 0 0 0 0 0 0 0 0 0 0 0 0 0 0 0 0 0 0 0 0 0 0 0 0 0 0 0 0 0 0 0 0 0 0 0 0 0 0 0 0 0 0 0 0 0 0 0 0 0 0 0 0 0 0 0 0 0 0 0 0 0 0 0 0 0 0 0 0 0 0 0 
0 0 0 0 0 0 0 0 0 0 0 0 0 0 0 0 0 0 0 0 0 0 0 0 0 0 0 0 0 0 0 0 0 0 0 0 0 0 0 0 0 0 0 0 0 0 0 0 0 0 0 0 0 0 0 0 0 0 0 0 0 0 0 0 0 0 0 0 0 0 0 0 0 0 0 0 0 0 0 0 0 0 0 0 0 0 0 0 0 0 0 0 0 0 0 0 0 0 0 0 
0 0 0 0 0 0 0 0 0 0 0 0 0 0 0 0 0 0 0 0 0 0 0 0 0 0 0 0 0 0 0 0 0 0 0 0 0 0 0 0 0 0 0 0 0 0 0 0 0 0 0 0 0 0 0 0 0 0 0 0 0 0 0 0 0 0 0 0 0 0 0 0 0 0 0 0 0 0 0 0 0 0 0 0 0 0 0 0 0 0 0 0 0 0 0 0 0 0 0 0 
0 0 0 0 0 0 0 0 0 0 0 0 0 0 0 0 0 0 0 0 0 0 0 0 0 0 0 0 0 0 0 0 0 0 0 0 0 0 0 0 0 0 0 0 0 0 0 0 0 0 0 0 0 0 0 0 0 0 0 0 0 0 0 0 0 0 0 0 0 0 0 0 0 0 0 0 0 0 0 0 0 0 0 0 0 0 0 0 0 0 0 0 0 0 0 0 0 0 0 0 
0 0 0 0 0 0 0 0 0 0 0 0 0 0 0 0 0 0 0 0 0 0 0 0 0 0 0 0 0 0 0 0 0 0 0 0 0 0 0 0 0 0 0 0 0 0 0 0 0 0 0 0 0 0 0 0 0 0 0 0 0 0 0 0 0 0 0 0 0 0 0 0 0 0 0 0 0 0 0 0 0 0 0 0 0 0 0 0 0 0 0 0 0 0 0 0 0 0 0 0 
0 0 0 0 0 0 0 0 0 0 0 0 0 0 0 0 0 0 0 0 0 0 0 0 0 0 0 0 0 0 0 0 0 0 0 0 0 0 0 0 0 0 0 0 0 0 0 0 0 0 0 0 0 0 0 0 0 0 0 0 0 0 0 0 0 0 0 0 0 0 0 0 0 0 0 0 0 0 0 0 0 0 0 0 0 0 0 0 0 0 0 0 0 0 0 0 0 0 0 0 
0 0 0 0 0 0 0 0 0 0 0 0 0 0 0 0 0 0 0 0 0 0 0 0 0 0 0 0 0 0 0 0 0 0 0 0 0 0 0 0 0 0 0 0 0 0 0 0 0 0 0 0 0 0 0 0 0 0 0 0 0 0 0 0 0 0 0 0 0 0 0 0 0 0 0 0 0 0 0 0 0 0 0 0 0 0 0 0 0 0 0 0 0 0 0 0 0 0 0 0 
0 0 0 0 0 0 0 0 0 0 0 0 0 0 0 0 0 0 0 0 0 0 0 0 0 0 0 0 0 0 0 0 0 0 0 0 0 0 0 0 0 0 0 0 0 0 0 0 0 0 0 0 0 0 0 0 0 0 0 0 0 0 0 0 0 0 0 0 0 0 0 0 0 0 0 0 0 0 0 0 0 0 0 0 0 0 0 0 0 0 0 0 0 0 0 0 0 0 0 0 
0 0 0 0 0 0 0 0 0 0 0 0 0 0 0 0 0 0 0 0 0 0 0 0 0 0 0 0 0 0 0 0 0 0 0 0 0 0 0 0 0 0 0 0 0 0 0 0 0 0 0 0 0 0 0 0 0 0 0 0 0 0 0 0 0 0 0 0 0 0 0 0 0 0 0 0 0 0 0 0 0 0 0 0 0 0 0 0 0 0 0 0 0 0 0 0 0 0 0 0 
0 0 0 0 0 0 0 0 0 0 0 0 0 0 0 0 0 0 0 0 0 0 0 0 0 0 0 0 0 0 0 0 0 0 0 0 0 0 0 0 0 0 0 0 0 0 0 0 0 0 0 0 0 0 0 0 0 0 0 0 0 0 0 0 0 0 0 0 0 0 0 0 0 0 0 0 0 0 0 0 0 0 0 0 0 0 0 0 0 0 0 0 0 0 0 0 0 0 0 0 
0 0 0 0 0 0 0 0 0 0 0 0 0 0 0 0 0 0 0 0 0 0 0 0 0 0 0 0 0 0 0 0 0 0 0 0 0 0 0 0 0 0 0 0 0 0 0 0 0 0 0 0 0 0 0 0 0 0 0 0 0 0 0 0 0 0 0 0 0 0 0 0 0 0 0 0 0 0 0 0 0 0 0 0 0 0 0 0 0 0 0 0 0 0 0 0 0 0 0 0 
0 0 0 0 0 0 0 0 0 0 0 0 0 0 0 0 0 0 0 0 0 0 0 0 0 0 0 0 0 0 0 0 0 0 0 0 0 0 0 0 0 0 0 0 0 0 0 0 0 0 0 0 0 0 0 0 0 0 0 0 0 0 0 0 0 0 0 0 0 0 0 0 0 0 0 0 0 0 0 0 0 0 0 0 0 0 0 0 0 0 0 0 0 0 0 0 0 0 0 0 
0 0 0 0 0 0 0 0 0 0 0 0 0 0 0 0 0 0 0 0 0 0 0 0 0 0 0 0 0 0 0 0 0 0 0 0 0 0 0 0 0 0 0 0 0 0 0 0 0 0 0 0 0 0 0 0 0 0 0 0 0 0 0 0 0 0 0 0 0 0 0 0 0 0 0 0 0 0 0 0 0 0 0 0 0 0 0 0 0 0 0 0 0 0 0 0 0 0 0 0 
0 0 0 0 0 0 0 0 0 0 0 0 0 0 0 0 0 0 0 0 0 0 0 0 0 0 0 0 0 0 0 0 0 0 0 0 0 0 0 0 0 0 0 0 0 0 0 0 0 0 0 0 0 0 0 0 0 0 0 0 0 0 0 0 0 0 0 0 0 0 0 0 0 0 0 0 0 0 0 0 0 0 0 0 0 0 0 0 0 0 0 0 0 0 0 0 0 0 0 0 
0 0 0 0 0 0 0 0 0 0 0 0 0 0 0 0 0 0 0 0 0 0 0 0 0 0 0 0 0 0 0 0 0 0 0 0 0 0 0 0 0 0 0 0 0 0 0 0 0 0 0 0 0 0 0 0 0 0 0 0 0 0 0 0 0 0 0 0 0 0 0 0 0 0 0 0 0 0 0 0 0 0 0 0 0 0 0 0 0 0 0 0 0 0 0 0 0 0 0 0 
0 0 0 0 0 0 0 0 0 0 0 0 0 0 0 0 0 0 0 0 0 0 0 0 0 0 0 0 0 0 0 0 0 0 0 0 0 0 0 0 0 0 0 0 0 0 0 0 0 0 0 0 0 0 0 0 0 0 0 0 0 0 0 0 0 0 0 0 0 0 0 0 0 0 0 0 0 0 0 0 0 0 0 0 0 0 0 0 0 0 0 0 0 0 0 0 0 0 0 0 
0 0 0 0 0 0 0 0 0 0 0 0 0 0 0 0 0 0 0 0 0 0 0 0 0 0 0 0 0 0 0 0 0 0 0 0 0 0 0 0 0 0 0 0 0 0 0 0 0 0 0 0 0 0 0 0 0 0 0 0 0 0 0 0 0 0 0 0 0 0 0 0 0 0 0 0 0 0 0 0 0 0 0 0 0 0 0 0 0 0 0 0 0 0 0 0 0 0 0 0 
0 0 0 0 0 0 0 0 0 0 0 0 0 0 0 0 0 0 0 0 0 0 0 0 0 0 0 0 0 0 0 0 0 0 0 0 0 0 0 0 0 0 0 0 0 0 0 0 0 0 0 0 0 0 0 0 0 0 0 0 0 0 0 0 0 0 0 0 0 0 0 0 0 0 0 0 0 0 0 0 0 0 0 0 0 0 0 0 0 0 0 0 0 0 0 0 0 0 0 0 
0 0 0 0 0 0 0 0 0 0 0 0 0 0 0 0 0 0 0 0 0 0 0 0 0 0 0 0 0 0 0 0 0 0 0 0 0 0 0 0 0 0 0 0 0 0 0 0 0 0 0 0 0 0 0 0 0 0 0 0 0 0 0 0 0 0 0 0 0 0 0 0 0 0 0 0 0 0 0 0 0 0 0 0 0 0 0 0 0 0 0 0 0 0 0 0 0 0 0 0 
0 0 0 0 0 0 0 0 0 0 0 0 0 0 0 0 0 0 0 0 0 0 0 0 0 0 0 0 0 0 0 0 0 0 0 0 0 0 0 0 0 0 0 0 0 0 0 0 0 0 0 0 0 0 0 0 0 0 0 0 0 0 0 0 0 0 0 0 0 0 0 0 0 0 0 0 0 0 0 0 0 0 0 0 0 0 0 0 0 0 0 0 0 0 0 0 0 0 0 0 
0 0 0 0 0 0 0 0 0 0 0 0 0 0 0 0 0 0 0 0 0 0 0 0 0 0 0 0 0 0 0 0 0 0 0 0 0 0 0 0 0 0 0 0 0 0 0 0 0 0 0 0 0 0 0 0 0 0 0 0 0 0 0 0 0 0 0 0 0 0 0 0 0 0 0 0 0 0 0 0 0 0 0 0 0 0 0 0 0 0 0 0 0 0 0 0 0 0 0 0 
0 0 0 0 0 0 0 0 0 0 0 0 0 0 0 0 0 0 0 0 0 0 0 0 0 0 0 0 0 0 0 0 0 0 0 0 0 0 0 0 0 0 0 0 0 0 0 0 0 0 0 0 0 0 0 0 0 0 0 0 0 0 0 0 0 0 0 0 0 0 0 0 0 0 0 0 0 0 0 0 0 0 0 0 0 0 0 0 0 0 0 0 0 0 0 0 0 0 0 0 
0 0 0 0 0 0 0 0 0 0 0 0 0 0 0 0 0 0 0 0 0 0 0 0 0 0 0 0 0 0 0 0 0 0 0 0 0 0 0 0 0 0 0 0 0 0 0 0 0 0 0 0 0 0 0 0 0 0 0 0 0 0 0 0 0 0 0 0 0 0 0 0 0 0 0 0 0 0 0 0 0 0 0 0 0 0 0 0 0 0 0 0 0 0 0 0 0 0 0 0 
0 0 0 0 0 0 0 0 0 0 0 0 0 0 0 0 0 0 0 0 0 0 0 0 0 0 0 0 0 0 0 0 0 0 0 0 0 0 0 0 0 0 0 0 0 0 0 0 0 0 0 0 0 0 0 0 0 0 0 0 0 0 0 0 0 0 0 0 0 0 0 0 0 0 0 0 0 0 0 0 0 0 0 0 0 0 0 0 0 0 0 0 0 0 0 0 0 0 0 0 
0 0 0 0 0 0 0 0 0 0 0 0 0 0 0 0 0 0 0 0 0 0 0 0 0 0 0 0 0 0 0 0 0 0 0 0 0 0 0 0 0 0 0 0 0 0 0 0 0 0 0 0 0 0 0 0 0 0 0 0 0 0 0 0 0 0 0 0 0 0 0 0 0 0 0 0 0 0 0 0 0 0 0 0 0 0 0 0 0 0 0 0 0 0 0 0 0 0 0 0 
0 0 0 0 0 0 0 0 0 0 0 0 0 0 0 0 0 0 0 0 0 0 0 0 0 0 0 0 0 0 0 0 0 0 0 0 0 0 0 0 0 0 0 0 0 0 0 0 0 0 0 0 0 0 0 0 0 0 0 0 0 0 0 0 0 0 0 0 0 0 0 0 0 0 0 0 0 0 0 0 0 0 0 0 0 0 0 0 0 0 0 0 0 0 0 0 0 0 0 0 
0 0 0 0 0 0 0 0 0 0 0 0 0 0 0 0 0 0 0 0 0 0 0 0 0 0 0 0 0 0 0 0 0 0 0 0 0 0 0 0 0 0 0 0 0 0 0 0 0 0 0 0 0 0 0 0 0 0 0 0 0 0 0 0 0 0 0 0 0 0 0 0 0 0 0 0 0 0 0 0 0 0 0 0 0 0 0 0 0 0 0 0 0 0 0 0 0 0 0 0 
0 0 0 0 0 0 0 0 0 0 0 0 0 0 0 0 0 0 0 0 0 0 0 0 0 0 0 0 0 0 0 0 0 0 0 0 0 0 0 0 0 0 0 0 0 0 0 0 0 0 0 0 0 0 0 0 0 0 0 0 0 0 0 0 0 0 0 0 0 0 0 0 0 0 0 0 0 0 0 0 0 0 0 0 0 0 0 0 0 0 0 0 0 0 0 0 0 0 0 0 
0 0 0 0 0 0 0 0 0 0 0 0 0 0 0 0 0 0 0 0 0 0 0 0 0 0 0 0 0 0 0 0 0 0 0 0 0 0 0 0 0 0 0 0 0 0 0 0 0 0 0 0 0 0 0 0 0 0 0 0 0 0 0 0 0 0 0 0 0 0 0 0 0 0 0 0 0 0 0 0 0 0 0 0 0 0 0 0 0 0 0 0 0 0 0 0 0 0 0 0 
0 0 0 0 0 0 0 0 0 0 0 0 0 0 0 0 0 0 0 0 0 0 0 0 0 0 0 0 0 0 0 0 0 0 0 0 0 0 0 0 0 0 0 0 0 0 0 0 0 0 0 0 0 0 0 0 0 0 0 0 0 0 0 0 0 0 0 0 0 0 0 0 0 0 0 0 0 0 0 0 0 0 0 0 0 0 0 0 0 0 0 0 0 0 0 0 0 0 0 0 
0 0 0 0 0 0 0 0 0 0 0 0 0 0 0 0 0 0 0 0 0 0 0 0 0 0 0 0 0 0 0 0 0 0 0 0 0 0 0 0 0 0 0 0 0 0 0 0 0 0 0 0 0 0 0 0 0 0 0 0 0 0 0 0 0 0 0 0 0 0 0 0 0 0 0 0 0 0 0 0 0 0 0 0 0 0 0 0 0 0 0 0 0 0 0 0 0 0 0 0 
0 0 0 0 0 0 0 0 0 0 0 0 0 0 0 0 0 0 0 0 0 0 0 0 0 0 0 0 0 0 0 0 0 0 0 0 0 0 0 0 0 0 0 0 0 0 0 0 0 0 0 0 0 0 0 0 0 0 0 0 0 0 0 0 0 0 0 0 0 0 0 0 0 0 0 0 0 0 0 0 0 0 0 0 0 0 0 0 0 0 0 0 0 0 0 0 0 0 0 0 
0 0 0 0 0 0 0 0 0 0 0 0 0 0 0 0 0 0 0 0 0 0 0 0 0 0 0 0 0 0 0 0 0 0 0 0 0 0 0 0 0 0 0 0 0 0 0 0 0 0 0 0 0 0 0 0 0 0 0 0 0 0 0 0 0 0 0 0 0 0 0 0 0 0 0 0 0 0 0 0 0 0 0 0 0 0 0 0 0 0 0 0 0 0 0 0 0 0 0 0 
0 0 0 0 0 0 0 0 0 0 0 0 0 0 0 0 0 0 0 0 0 0 0 0 0 0 0 0 0 0 0 0 0 0 0 0 0 0 0 0 0 0 0 0 0 0 0 0 0 0 0 0 0 0 0 0 0 0 0 0 0 0 0 0 0 0 0 0 0 0 0 0 0 0 0 0 0 0 0 0 0 0 0 0 0 0 0 0 0 0 0 0 0 0 0 0 0 0 0 0 
0 0 0 0 0 0 0 0 0 0 0 0 0 0 0 0 0 0 0 0 0 0 0 0 0 0 0 0 0 0 0 0 0 0 0 0 0 0 0 0 0 0 0 0 0 0 0 0 0 0 0 0 0 0 0 0 0 0 0 0 0 0 0 0 0 0 0 0 0 0 0 0 0 0 0 0 0 0 0 0 0 0 0 0 0 0 0 0 0 0 0 0 0 0 0 0 0 0 0 0 
0 0 0 0 0 0 0 0 0 0 0 0 0 0 0 0 0 0 0 0 0 0 0 0 0 0 0 0 0 0 0 0 0 0 0 0 0 0 0 0 0 0 0 0 0 0 0 0 0 0 0 0 0 0 0 0 0 0 0 0 0 0 0 0 0 0 0 0 0 0 0 0 0 0 0 0 0 0 0 0 0 0 0 0 0 0 0 0 0 0 0 0 0 0 0 0 0 0 0 0 
0 0 0 0 0 0 0 0 0 0 0 0 0 0 0 0 0 0 0 0 0 0 0 0 0 0 0 0 0 0 0 0 0 0 0 0 0 0 0 0 0 0 0 0 0 0 0 0 0 0 0 0 0 0 0 0 0 0 0 0 0 0 0 0 0 0 0 0 0 0 0 0 0 0 0 0 0 0 0 0 0 0 0 0 0 0 0 0 0 0 0 0 0 0 0 0 0 0 0 0 
0 0 0 0 0 0 0 0 0 0 0 0 0 0 0 0 0 0 0 0 0 0 0 0 0 0 0 0 0 0 0 0 0 0 0 0 0 0 0 0 0 0 0 0 0 0 0 0 0 0 0 0 0 0 0 0 0 0 0 0 0 0 0 0 0 0 0 0 0 0 0 0 0 0 0 0 0 0 0 0 0 0 0 0 0 0 0 0 0 0 0 0 0 0 0 0 0 0 0 0 
0 0 0 0 0 0 0 0 0 0 0 0 0 0 0 0 0 0 0 0 0 0 0 0 0 0 0 0 0 0 0 0 0 0 0 0 0 0 0 0 0 0 0 0 0 0 0 0 0 0 0 0 0 0 0 0 0 0 0 0 0 0 0 0 0 0 0 0 0 0 0 0 0 0 0 0 0 0 0 0 0 0 0 0 0 0 0 0 0 0 0 0 0 0 0 0 0 0 0 0 
0 0 0 0 0 0 0 0 0 0 0 0 0 0 0 0 0 0 0 0 0 0 0 0 0 0 0 0 0 0 0 0 0 0 0 0 0 0 0 0 0 0 0 0 0 0 0 0 0 0 0 0 0 0 0 0 0 0 0 0 0 0 0 0 0 0 0 0 0 0 0 0 0 0 0 0 0 0 0 0 0 0 0 0 0 0 0 0 0 0 0 0 0 0 0 0 0 0 0 0 
0 0 0 0 0 0 0 0 0 0 0 0 0 0 0 0 0 0 0 0 0 0 0 0 0 0 0 0 0 0 0 0 0 0 0 0 0 0 0 0 0 0 0 0 0 0 0 0 0 0 0 0 0 0 0 0 0 0 0 0 0 0 0 0 0 0 0 0 0 0 0 0 0 0 0 0 0 0 0 0 0 0 0 0 0 0 0 0 0 0 0 0 0 0 0 0 0 0 0 0 
0 0 0 0 0 0 0 0 0 0 0 0 0 0 0 0 0 0 0 0 0 0 0 0 0 0 0 0 0 0 0 0 0 0 0 0 0 0 0 0 0 0 0 0 0 0 0 0 0 0 0 0 0 0 0 0 0 0 0 0 0 0 0 0 0 0 0 0 0 0 0 0 0 0 0 0 0 0 0 0 0 0 0 0 0 0 0 0 0 0 0 0 0 0 0 0 0 0 0 0 
0 0 0 0 0 0 0 0 0 0 0 0 0 0 0 0 0 0 0 0 0 0 0 0 0 0 0 0 0 0 0 0 0 0 0 0 0 0 0 0 0 0 0 0 0 0 0 0 0 0 0 0 0 0 0 0 0 0 0 0 0 0 0 0 0 0 0 0 0 0 0 0 0 0 0 0 0 0 0 0 0 0 0 0 0 0 0 0 0 0 0 0 0 0 0 0 0 0 0 0 
0 0 0 0 0 0 0 0 0 0 0 0 0 0 0 0 0 0 0 0 0 0 0 0 0 0 0 0 0 0 0 0 0 0 0 0 0 0 0 0 0 0 0 0 0 0 0 0 0 0 0 0 0 0 0 0 0 0 0 0 0 0 0 0 0 0 0 0 0 0 0 0 0 0 0 0 0 0 0 0 0 0 0 0 0 0 0 0 0 0 0 0 0 0 0 0 0 0 0 0 
14 2 13400 13401 0 0 14 2 13402 13403 0 0 14 2 13404 13405 0 0 14 2 13406 13407 0 0 14 2 13408 13409 0 0 14 2 13410 13411 0 0 14 2 13412 13413 0 0 14 2 13414 13415 0 0 14 2 13416 13417 0 0 14 2 13418 13419 0 0 14 2 13420 13421 0 0 14 2 13422 13423 0 0 14 2 13424 13425 0 0 14 2 13426 13427 0 0 14 2 13428 13429 0 0 14 2 13430 13431 0 0 14 2 13432 13433 0 0 14 2 13434 13435 0 0 14 2 13436 13437 0 0 14 2 13438 13439 0 0 14 2 13440 13441 0 0 14 2 13442 13443 0 0 14 2 13444 13445 0 0 14 2 13446 13447 0 0 14 2 13448 13449 0 0 14 2 13450 13451 0 0 14 2 13452 13453 0 0 14 2 13454 13455 0 0 14 2 13456 13457 0 0 14 2 13458 13459 0 0 14 2 13460 13461 0 0 14 2 13462 13463 0 0 14 2 13464 13465 0 0 14 2 13466 13467 0 0 14 2 13468 13469 0 0 14 2 13470 13471 0 0 14 2 13472 13473 0 0 14 2 13474 13475 0 0 14 2 13476 13477 0 0 14 2 13478 13479 0 0 14 2 13480 13481 0 0 14 2 13482 13483 0 0 14 2 13484 13485 0 0 14 2 13486 13487 0 0 14 2 13488 13489 0 0 14 2 13490 13491 0 0 14 2 13492 13493 0 0 14 2 13494 13495 0 0 14 2 13496 13497 0 0 14 2 13498 13499 0 0 14 2 13500 13501 0 0 14 2 13502 13503 0 0 14 2 13504 13505 0 0 14 2 13506 13507 0 0 14 2 13508 13509 0 0 14 2 13510 13511 0 0 14 2 13512 13513 0 0 14 2 13514 13515 0 0 14 2 13516 13517 0 0 14 2 13518 13519 0 0 14 2 13520 13521 0 0 14 2 13522 13523 0 0 14 2 13524 13525 0 0 14 2 13526 13527 0 0 14 2 13528 13529 0 0 14 2 13530 13531 0 0 14 2 13532 13533 0 0 14 2 13534 13535 0 0 14 2 13536 13537 0 0 14 2 13538 13539 0 0 14 2 13540 13541 0 0 14 2 13542 13543 0 0 14 2 13544 13545 0 0 14 2 13546 13547 0 0 14 2 13548 13549 0 0 14 2 13550 13551 0 0 14 2 13552 13553 0 0 14 2 13554 13555 0 0 14 2 13556 13557 0 0 14 2 13558 13559 0 0 14 2 13560 13561 0 0 14 2 13562 13563 0 0 14 2 13564 13565 0 0 14 2 13566 13567 0 0 14 2 13568 13569 0 0 14 2 13570 13571 0 0 14 2 13572 13573 0 0 14 2 13574 13575 0 0 14 2 13576 13577 0 0 14 2 13578 13579 0 0 14 2 13580 13581 0 0 14 2 13582 13583 0 0 14 2 13584 13585 0 0 14 2 13586 13587 0 0 14 2 13588 13589 0 0 14 2 13590 13591 0 0 14 2 13592 13593 0 0 14 2 13594 13595 0 0 14 2 13596 13597 0 0 14 2 13598 13599 0 0 
14 2 13600 13601 0 0 14 2 13602 13603 0 0 14 2 13604 13605 0 0 14 2 13606 13607 0 0 14 2 13608 13609 0 0 14 2 13610 13611 0 0 14 2 13612 13613 0 0 14 2 13614 13615 0 0 14 2 13616 13617 0 0 14 2 13618 13619 0 0 14 2 13620 13621 0 0 14 2 13622 13623 0 0 14 2 13624 13625 0 0 14 2 13626 13627 0 0 14 2 13628 13629 0 0 14 2 13630 13631 0 0 14 2 13632 13633 0 0 14 2 13634 13635 0 0 14 2 13636 13637 0 0 14 2 13638 13639 0 0 14 2 13640 13641 0 0 14 2 13642 13643 0 0 14 2 13644 13645 0 0 14 2 13646 13647 0 0 14 2 13648 13649 0 0 14 2 13650 13651 0 0 14 2 13652 13653 0 0 14 2 13654 13655 0 0 14 2 13656 13657 0 0 14 2 13658 13659 0 0 14 2 13660 13661 0 0 14 2 13662 13663 0 0 14 2 13664 13665 0 0 14 2 13666 13667 0 0 14 2 13668 13669 0 0 14 2 13670 13671 0 0 14 2 13672 13673 0 0 14 2 13674 13675 0 0 14 2 13676 13677 0 0 14 2 13678 13679 0 0 14 2 13680 13681 0 0 14 2 13682 13683 0 0 14 2 13684 13685 0 0 14 2 13686 13687 0 0 14 2 13688 13689 0 0 14 2 13690 13691 0 0 14 2 13692 13693 0 0 14 2 13694 13695 0 0 14 2 13696 13697 0 0 14 2 13698 13699 0 0 14 2 13700 13701 0 0 14 2 13702 13703 0 0 14 2 13704 13705 0 0 14 2 13706 13707 0 0 14 2 13708 13709 0 0 14 2 13710 13711 0 0 14 2 13712 13713 0 0 14 2 13714 13715 0 0 14 2 13716 13717 0 0 14 2 13718 13719 0 0 14 2 13720 13721 0 0 14 2 13722 13723 0 0 14 2 13724 13725 0 0 14 2 13726 13727 0 0 14 2 13728 13729 0 0 14 2 13730 13731 0 0 14 2 13732 13733 0 0 14 2 13734 13735 0 0 14 2 13736 13737 0 0 14 2 13738 13739 0 0 14 2 13740 13741 0 0 14 2 13742 13743 0 0 14 2 13744 13745 0 0 14 2 13746 13747 0 0 14 2 13748 13749 0 0 14 2 13750 13751 0 0 14 2 13752 13753 0 0 14 2 13754 13755 0 0 14 2 13756 13757 0 0 14 2 13758 13759 0 0 14 2 13760 13761 0 0 14 2 13762 13763 0 0 14 2 13764 13765 0 0 14 2 13766 13767 0 0 14 2 13768 13769 0 0 14 2 13770 13771 0 0 14 2 13772 13773 0 0 14 2 13774 13775 0 0 14 2 13776 13777 0 0 14 2 13778 13779 0 0 14 2 13780 13781 0 0 14 2 13782 13783 0 0 14 2 13784 13785 0 0 14 2 13786 13787 0 0 14 2 13788 13789 0 0 14 2 13790 13791 0 0 14 2 13792 13793 0 0 14 2 13794 13795 0 0 14 2 13796 13797 0 0 14 2 13798 13799 0 0 
14 2 13800 13801 0 0 14 2 13802 13803 0 0 14 2 13804 13805 0 0 14 2 13806 13807 0 0 14 2 13808 13809 0 0 14 2 13810 13811 0 0 14 2 13812 13813 0 0 14 2 13814 13815 0 0 14 2 13816 13817 0 0 14 2 13818 13819 0 0 14 2 13820 13821 0 0 14 2 13822 13823 0 0 14 2 13824 13825 0 0 14 2 13826 13827 0 0 14 2 13828 13829 0 0 14 2 13830 13831 0 0 14 2 13832 13833 0 0 14 2 13834 13835 0 0 14 2 13836 13837 0 0 14 2 13838 13839 0 0 14 2 13840 13841 0 0 14 2 13842 13843 0 0 14 2 13844 13845 0 0 14 2 13846 13847 0 0 14 2 13848 13849 0 0 14 2 13850 13851 0 0 14 2 13852 13853 0 0 14 2 13854 13855 0 0 14 2 13856 13857 0 0 14 2 13858 13859 0 0 14 2 13860 13861 0 0 14 2 13862 13863 0 0 14 2 13864 13865 0 0 14 2 13866 13867 0 0 14 2 13868 13869 0 0 14 2 13870 13871 0 0 14 2 13872 13873 0 0 14 2 13874 13875 0 0 14 2 13876 13877 0 0 14 2 13878 13879 0 0 14 2 13880 13881 0 0 14 2 13882 13883 0 0 14 2 13884 13885 0 0 14 2 13886 13887 0 0 14 2 13888 13889 0 0 14 2 13890 13891 0 0 14 2 13892 13893 0 0 14 2 13894 13895 0 0 14 2 13896 13897 0 0 14 2 13898 13899 0 0 14 2 13900 13901 0 0 14 2 13902 13903 0 0 14 2 13904 13905 0 0 14 2 13906 13907 0 0 14 2 13908 13909 0 0 14 2 13910 13911 0 0 14 2 13912 13913 0 0 14 2 13914 13915 0 0 14 2 13916 13917 0 0 14 2 13918 13919 0 0 14 2 13920 13921 0 0 14 2 13922 13923 0 0 14 2 13924 13925 0 0 14 2 13926 13927 0 0 14 2 13928 13929 0 0 14 2 13930 13931 0 0 14 2 13932 13933 0 0 14 2 13934 13935 0 0 14 2 13936 13937 0 0 14 2 13938 13939 0 0 14 2 13940 13941 0 0 14 2 13942 13943 0 0 14 2 13944 13945 0 0 14 2 13946 13947 0 0 14 2 13948 13949 0 0 14 2 13950 13951 0 0 14 2 13952 13953 0 0 14 2 13954 13955 0 0 14 2 13956 13957 0 0 14 2 13958 13959 0 0 14 2 13960 13961 0 0 14 2 13962 13963 0 0 14 2 13964 13965 0 0 14 2 13966 13967 0 0 14 2 13968 13969 0 0 14 2 13970 13971 0 0 14 2 13972 13973 0 0 14 2 13974 13975 0 0 14 2 13976 13977 0 0 14 2 13978 13979 0 0 14 2 13980 13981 0 0 14 2 13982 13983 0 0 14 2 13984 13985 0 0 14 2 13986 13987 0 0 14 2 13988 13989 0 0 14 2 13990 13991 0 0 14 2 13992 13993 0 0 14 2 13994 13995 0 0 14 2 13996 13997 0 0 14 2 13998 13999 0 0 
14 2 14000 14001 0 0 14 2 14002 14003 0 0 14 2 14004 14005 0 0 14 2 14006 14007 0 0 14 2 14008 14009 0 0 14 2 14010 14011 0 0 14 2 14012 14013 0 0 14 2 14014 14015 0 0 14 2 14016 14017 0 0 14 2 14018 14019 0 0 14 2 14020 14021 0 0 14 2 14022 14023 0 0 14 2 14024 14025 0 0 14 2 14026 14027 0 0 14 2 14028 14029 0 0 14 2 14030 14031 0 0 14 2 14032 14033 0 0 14 2 14034 14035 0 0 14 2 14036 14037 0 0 14 2 14038 14039 0 0 14 2 14040 14041 0 0 14 2 14042 14043 0 0 14 2 14044 14045 0 0 14 2 14046 14047 0 0 14 2 14048 14049 0 0 14 2 14050 14051 0 0 14 2 14052 14053 0 0 14 2 14054 14055 0 0 14 2 14056 14057 0 0 14 2 14058 14059 0 0 14 2 14060 14061 0 0 14 2 14062 14063 0 0 14 2 14064 14065 0 0 14 2 14066 14067 0 0 14 2 14068 14069 0 0 14 2 14070 14071 0 0 14 2 14072 14073 0 0 14 2 14074 14075 0 0 14 2 14076 14077 0 0 14 2 14078 14079 0 0 14 2 14080 14081 0 0 14 2 14082 14083 0 0 14 2 14084 14085 0 0 14 2 14086 14087 0 0 14 2 14088 14089 0 0 14 2 14090 14091 0 0 14 2 14092 14093 0 0 14 2 14094 14095 0 0 14 2 14096 14097 0 0 14 2 14098 14099 0 0 14 2 14100 14101 0 0 14 2 14102 14103 0 0 14 2 14104 14105 0 0 14 2 14106 14107 0 0 14 2 14108 14109 0 0 14 2 14110 14111 0 0 14 2 14112 14113 0 0 14 2 14114 14115 0 0 14 2 14116 14117 0 0 14 2 14118 14119 0 0 14 2 14120 14121 0 0 14 2 14122 14123 0 0 14 2 14124 14125 0 0 14 2 14126 14127 0 0 14 2 14128 14129 0 0 14 2 14130 14131 0 0 14 2 14132 14133 0 0 14 2 14134 14135 0 0 14 2 14136 14137 0 0 14 2 14138 14139 0 0 14 2 14140 14141 0 0 14 2 14142 14143 0 0 14 2 14144 14145 0 0 14 2 14146 14147 0 0 14 2 14148 14149 0 0 14 2 14150 14151 0 0 14 2 14152 14153 0 0 14 2 14154 14155 0 0 14 2 14156 14157 0 0 14 2 14158 14159 0 0 14 2 14160 14161 0 0 14 2 14162 14163 0 0 14 2 14164 14165 0 0 14 2 14166 14167 0 0 14 2 14168 14169 0 0 14 2 14170 14171 0 0 14 2 14172 14173 0 0 14 2 14174 14175 0 0 14 2 14176 14177 0 0 14 2 14178 14179 0 0 14 2 14180 14181 0 0 14 2 14182 14183 0 0 14 2 14184 14185 0 0 14 2 14186 14187 0 0 14 2 14188 14189 0 0 14 2 14190 14191 0 0 14 2 14192 14193 0 0 14 2 14194 14195 0 0 14 2 14196 14197 0 0 14 2 14198 14199 0 0 
14 2 14200 14201 0 0 14 2 14202 14203 0 0 14 2 14204 14205 0 0 14 2 14206 14207 0 0 14 2 14208 14209 0 0 14 2 14210 14211 0 0 14 2 14212 14213 0 0 14 2 14214 14215 0 0 14 2 14216 14217 0 0 14 2 14218 14219 0 0 14 2 14220 14221 0 0 14 2 14222 14223 0 0 14 2 14224 14225 0 0 14 2 14226 14227 0 0 14 2 14228 14229 0 0 14 2 14230 14231 0 0 14 2 14232 14233 0 0 14 2 14234 14235 0 0 14 2 14236 14237 0 0 14 2 14238 14239 0 0 14 2 14240 14241 0 0 14 2 14242 14243 0 0 14 2 14244 14245 0 0 14 2 14246 14247 0 0 14 2 14248 14249 0 0 14 2 14250 14251 0 0 14 2 14252 14253 0 0 14 2 14254 14255 0 0 14 2 14256 14257 0 0 14 2 14258 14259 0 0 14 2 14260 14261 0 0 14 2 14262 14263 0 0 14 2 14264 14265 0 0 14 2 14266 14267 0 0 14 2 14268 14269 0 0 14 2 14270 14271 0 0 14 2 14272 14273 0 0 14 2 14274 14275 0 0 14 2 14276 14277 0 0 14 2 14278 14279 0 0 14 2 14280 14281 0 0 14 2 14282 14283 0 0 14 2 14284 14285 0 0 14 2 14286 14287 0 0 14 2 14288 14289 0 0 14 2 14290 14291 0 0 14 2 14292 14293 0 0 14 2 14294 14295 0 0 14 2 14296 14297 0 0 14 2 14298 14299 0 0 14 2 14300 14301 0 0 14 2 14302 14303 0 0 14 2 14304 14305 0 0 14 2 14306 14307 0 0 14 2 14308 14309 0 0 14 2 14310 14311 0 0 14 2 14312 14313 0 0 14 2 14314 14315 0 0 14 2 14316 14317 0 0 14 2 14318 14319 0 0 14 2 14320 14321 0 0 14 2 14322 14323 0 0 14 2 14324 14325 0 0 14 2 14326 14327 0 0 14 2 14328 14329 0 0 14 2 14330 14331 0 0 14 2 14332 14333 0 0 14 2 14334 14335 0 0 14 2 14336 14337 0 0 14 2 14338 14339 0 0 14 2 14340 14341 0 0 14 2 14342 14343 0 0 14 2 14344 14345 0 0 14 2 14346 14347 0 0 14 2 14348 14349 0 0 14 2 14350 14351 0 0 14 2 14352 14353 0 0 14 2 14354 14355 0 0 14 2 14356 14357 0 0 14 2 14358 14359 0 0 14 2 14360 14361 0 0 14 2 14362 14363 0 0 14 2 14364 14365 0 0 14 2 14366 14367 0 0 14 2 14368 14369 0 0 14 2 14370 14371 0 0 14 2 14372 14373 0 0 14 2 14374 14375 0 0 14 2 14376 14377 0 0 14 2 14378 14379 0 0 14 2 14380 14381 0 0 14 2 14382 14383 0 0 14 2 14384 14385 0 0 14 2 14386 14387 0 0 14 2 14388 14389 0 0 14 2 14390 14391 0 0 14 2 14392 14393 0 0 14 2 14394 14395 0 0 14 2 14396 14397 0 0 14 2 14398 14399 0 0 
14 2 14400 14401 0 0 14 2 14402 14403 0 0 14 2 14404 14405 0 0 14 2 14406 14407 0 0 14 2 14408 14409 0 0 14 2 14410 14411 0 0 14 2 14412 14413 0 0 14 2 14414 14415 0 0 14 2 14416 14417 0 0 14 2 14418 14419 0 0 14 2 14420 14421 0 0 14 2 14422 14423 0 0 14 2 14424 14425 0 0 14 2 14426 14427 0 0 14 2 14428 14429 0 0 14 2 14430 14431 0 0 14 2 14432 14433 0 0 14 2 14434 14435 0 0 14 2 14436 14437 0 0 14 2 14438 14439 0 0 14 2 14440 14441 0 0 14 2 14442 14443 0 0 14 2 14444 14445 0 0 14 2 14446 14447 0 0 14 2 14448 14449 0 0 14 2 14450 14451 0 0 14 2 14452 14453 0 0 14 2 14454 14455 0 0 14 2 14456 14457 0 0 14 2 14458 14459 0 0 14 2 14460 14461 0 0 14 2 14462 14463 0 0 14 2 14464 14465 0 0 14 2 14466 14467 0 0 14 2 14468 14469 0 0 14 2 14470 14471 0 0 14 2 14472 14473 0 0 14 2 14474 14475 0 0 14 2 14476 14477 0 0 14 2 14478 14479 0 0 14 2 14480 14481 0 0 14 2 14482 14483 0 0 14 2 14484 14485 0 0 14 2 14486 14487 0 0 14 2 14488 14489 0 0 14 2 14490 14491 0 0 14 2 14492 14493 0 0 14 2 14494 14495 0 0 14 2 14496 14497 0 0 14 2 14498 14499 0 0 14 2 14500 14501 0 0 14 2 14502 14503 0 0 14 2 14504 14505 0 0 14 2 14506 14507 0 0 14 2 14508 14509 0 0 14 2 14510 14511 0 0 14 2 14512 14513 0 0 14 2 14514 14515 0 0 14 2 14516 14517 0 0 14 2 14518 14519 0 0 14 2 14520 14521 0 0 14 2 14522 14523 0 0 14 2 14524 14525 0 0 14 2 14526 14527 0 0 14 2 14528 14529 0 0 14 2 14530 14531 0 0 14 2 14532 14533 0 0 14 2 14534 14535 0 0 14 2 14536 14537 0 0 14 2 14538 14539 0 0 14 2 14540 14541 0 0 14 2 14542 14543 0 0 14 2 14544 14545 0 0 14 2 14546 14547 0 0 14 2 14548 14549 0 0 14 2 14550 14551 0 0 14 2 14552 14553 0 0 14 2 14554 14555 0 0 14 2 14556 14557 0 0 14 2 14558 14559 0 0 14 2 14560 14561 0 0 14 2 14562 14563 0 0 14 2 14564 14565 0 0 14 2 14566 14567 0 0 14 2 14568 14569 0 0 14 2 14570 14571 0 0 14 2 14572 14573 0 0 14 2 14574 14575 0 0 14 2 14576 14577 0 0 14 2 14578 14579 0 0 14 2 14580 14581 0 0 14 2 14582 14583 0 0 14 2 14584 14585 0 0 14 2 14586 14587 0 0 14 2 14588 14589 0 0 14 2 14590 14591 0 0 14 2 14592 14593 0 0 14 2 14594 14595 0 0 14 2 14596 14597 0 0 14 2 14598 14599 0 0 
14 2 14600 14601 0 0 14 2 14602 14603 0 0 14 2 14604 14605 0 0 14 2 14606 14607 0 0 14 2 14608 14609 0 0 14 2 14610 14611 0 0 14 2 14612 14613 0 0 14 2 14614 14615 0 0 14 2 14616 14617 0 0 14 2 14618 14619 0 0 14 2 14620 14621 0 0 14 2 14622 14623 0 0 14 2 14624 14625 0 0 14 2 14626 14627 0 0 14 2 14628 14629 0 0 14 2 14630 14631 0 0 14 2 14632 14633 0 0 14 2 14634 14635 0 0 14 2 14636 14637 0 0 14 2 14638 14639 0 0 14 2 14640 14641 0 0 14 2 14642 14643 0 0 14 2 14644 14645 0 0 14 2 14646 14647 0 0 14 2 14648 14649 0 0 14 2 14650 14651 0 0 14 2 14652 14653 0 0 14 2 14654 14655 0 0 14 2 14656 14657 0 0 14 2 14658 14659 0 0 14 2 14660 14661 0 0 14 2 14662 14663 0 0 14 2 14664 14665 0 0 14 2 14666 14667 0 0 14 2 14668 14669 0 0 14 2 14670 14671 0 0 14 2 14672 14673 0 0 14 2 14674 14675 0 0 14 2 14676 14677 0 0 14 2 14678 14679 0 0 14 2 14680 14681 0 0 14 2 14682 14683 0 0 14 2 14684 14685 0 0 14 2 14686 14687 0 0 14 2 14688 14689 0 0 14 2 14690 14691 0 0 14 2 14692 14693 0 0 14 2 14694 14695 0 0 14 2 14696 14697 0 0 14 2 14698 14699 0 0 14 2 14700 14701 0 0 14 2 14702 14703 0 0 14 2 14704 14705 0 0 14 2 14706 14707 0 0 14 2 14708 14709 0 0 14 2 14710 14711 0 0 14 2 14712 14713 0 0 14 2 14714 14715 0 0 14 2 14716 14717 0 0 14 2 14718 14719 0 0 14 2 14720 14721 0 0 14 2 14722 14723 0 0 14 2 14724 14725 0 0 14 2 14726 14727 0 0 14 2 14728 14729 0 0 14 2 14730 14731 0 0 14 2 14732 14733 0 0 14 2 14734 14735 0 0 14 2 14736 14737 0 0 14 2 14738 14739 0 0 14 2 14740 14741 0 0 14 2 14742 14743 0 0 14 2 14744 14745 0 0 14 2 14746 14747 0 0 14 2 14748 14749 0 0 14 2 14750 14751 0 0 14 2 14752 14753 0 0 14 2 14754 14755 0 0 14 2 14756 14757 0 0 14 2 14758 14759 0 0 14 2 14760 14761 0 0 14 2 14762 14763 0 0 14 2 14764 14765 0 0 14 2 14766 14767 0 0 14 2 14768 14769 0 0 14 2 14770 14771 0 0 14 2 14772 14773 0 0 14 2 14774 14775 0 0 14 2 14776 14777 0 0 14 2 14778 14779 0 0 14 2 14780 14781 0 0 14 2 14782 14783 0 0 14 2 14784 14785 0 0 14 2 14786 14787 0 0 14 2 14788 14789 0 0 14 2 14790 14791 0 0 14 2 14792 14793 0 0 14 2 14794 14795 0 0 14 2 14796 14797 0 0 14 2 14798 14799 0 0 
14 2 14800 14801 0 0 14 2 14802 14803 0 0 14 2 14804 14805 0 0 14 2 14806 14807 0 0 14 2 14808 14809 0 0 14 2 14810 14811 0 0 14 2 14812 14813 0 0 14 2 14814 14815 0 0 14 2 14816 14817 0 0 14 2 14818 14819 0 0 14 2 14820 14821 0 0 14 2 14822 14823 0 0 14 2 14824 14825 0 0 14 2 14826 14827 0 0 14 2 14828 14829 0 0 14 2 14830 14831 0 0 14 2 14832 14833 0 0 14 2 14834 14835 0 0 14 2 14836 14837 0 0 14 2 14838 14839 0 0 14 2 14840 14841 0 0 14 2 14842 14843 0 0 14 2 14844 14845 0 0 14 2 14846 14847 0 0 14 2 14848 14849 0 0 14 2 14850 14851 0 0 14 2 14852 14853 0 0 14 2 14854 14855 0 0 14 2 14856 14857 0 0 14 2 14858 14859 0 0 14 2 14860 14861 0 0 14 2 14862 14863 0 0 14 2 14864 14865 0 0 14 2 14866 14867 0 0 14 2 14868 14869 0 0 14 2 14870 14871 0 0 14 2 14872 14873 0 0 14 2 14874 14875 0 0 14 2 14876 14877 0 0 14 2 14878 14879 0 0 14 2 14880 14881 0 0 14 2 14882 14883 0 0 14 2 14884 14885 0 0 14 2 14886 14887 0 0 14 2 14888 14889 0 0 14 2 14890 14891 0 0 14 2 14892 14893 0 0 14 2 14894 14895 0 0 14 2 14896 14897 0 0 14 2 14898 14899 0 0 14 2 14900 14901 0 0 14 2 14902 14903 0 0 14 2 14904 14905 0 0 14 2 14906 14907 0 0 14 2 14908 14909 0 0 14 2 14910 14911 0 0 14 2 14912 14913 0 0 14 2 14914 14915 0 0 14 2 14916 14917 0 0 14 2 14918 14919 0 0 14 2 14920 14921 0 0 14 2 14922 14923 0 0 14 2 14924 14925 0 0 14 2 14926 14927 0 0 14 2 14928 14929 0 0 14 2 14930 14931 0 0 14 2 14932 14933 0 0 14 2 14934 14935 0 0 14 2 14936 14937 0 0 14 2 14938 14939 0 0 14 2 14940 14941 0 0 14 2 14942 14943 0 0 14 2 14944 14945 0 0 14 2 14946 14947 0 0 14 2 14948 14949 0 0 14 2 14950 14951 0 0 14 2 14952 14953 0 0 14 2 14954 14955 0 0 14 2 14956 14957 0 0 14 2 14958 14959 0 0 14 2 14960 14961 0 0 14 2 14962 14963 0 0 14 2 14964 14965 0 0 14 2 14966 14967 0 0 14 2 14968 14969 0 0 14 2 14970 14971 0 0 14 2 14972 14973 0 0 14 2 14974 14975 0 0 14 2 14976 14977 0 0 14 2 14978 14979 0 0 14 2 14980 14981 0 0 14 2 14982 14983 0 0 14 2 14984 14985 0 0 14 2 14986 14987 0 0 14 2 14988 14989 0 0 14 2 14990 14991 0 0 14 2 14992 14993 0 0 14 2 14994 14995 0 0 14 2 14996 14997 0 0 14 2 14998 14999 0 0 
14 2 15000 15001 0 0 14 2 15002 15003 0 0 14 2 15004 15005 0 0 14 2 15006 15007 0 0 14 2 15008 15009 0 0 14 2 15010 15011 0 0 14 2 15012 15013 0 0 14 2 15014 15015 0 0 14 2 15016 15017 0 0 14 2 15018 15019 0 0 14 2 15020 15021 0 0 14 2 15022 15023 0 0 14 2 15024 15025 0 0 14 2 15026 15027 0 0 14 2 15028 15029 0 0 14 2 15030 15031 0 0 14 2 15032 15033 0 0 14 2 15034 15035 0 0 14 2 15036 15037 0 0 14 2 15038 15039 0 0 14 2 15040 15041 0 0 14 2 15042 15043 0 0 14 2 15044 15045 0 0 14 2 15046 15047 0 0 14 2 15048 15049 0 0 14 2 15050 15051 0 0 14 2 15052 15053 0 0 14 2 15054 15055 0 0 14 2 15056 15057 0 0 14 2 15058 15059 0 0 14 2 15060 15061 0 0 14 2 15062 15063 0 0 14 2 15064 15065 0 0 14 2 15066 15067 0 0 14 2 15068 15069 0 0 14 2 15070 15071 0 0 14 2 15072 15073 0 0 14 2 15074 15075 0 0 14 2 15076 15077 0 0 14 2 15078 15079 0 0 14 2 15080 15081 0 0 14 2 15082 15083 0 0 14 2 15084 15085 0 0 14 2 15086 15087 0 0 14 2 15088 15089 0 0 14 2 15090 15091 0 0 14 2 15092 15093 0 0 14 2 15094 15095 0 0 14 2 15096 15097 0 0 14 2 15098 15099 0 0 14 2 15100 15101 0 0 14 2 15102 15103 0 0 14 2 15104 15105 0 0 14 2 15106 15107 0 0 14 2 15108 15109 0 0 14 2 15110 15111 0 0 14 2 15112 15113 0 0 14 2 15114 15115 0 0 14 2 15116 15117 0 0 14 2 15118 15119 0 0 14 2 15120 15121 0 0 14 2 15122 15123 0 0 14 2 15124 15125 0 0 14 2 15126 15127 0 0 14 2 15128 15129 0 0 14 2 15130 15131 0 0 14 2 15132 15133 0 0 14 2 15134 15135 0 0 14 2 15136 15137 0 0 14 2 15138 15139 0 0 14 2 15140 15141 0 0 14 2 15142 15143 0 0 14 2 15144 15145 0 0 14 2 15146 15147 0 0 14 2 15148 15149 0 0 14 2 15150 15151 0 0 14 2 15152 15153 0 0 14 2 15154 15155 0 0 14 2 15156 15157 0 0 14 2 15158 15159 0 0 14 2 15160 15161 0 0 14 2 15162 15163 0 0 14 2 15164 15165 0 0 14 2 15166 15167 0 0 14 2 15168 15169 0 0 14 2 15170 15171 0 0 14 2 15172 15173 0 0 14 2 15174 15175 0 0 14 2 15176 15177 0 0 14 2 15178 15179 0 0 14 2 15180 15181 0 0 14 2 15182 15183 0 0 14 2 15184 15185 0 0 14 2 15186 15187 0 0 14 2 15188 15189 0 0 14 2 15190 15191 0 0 14 2 15192 15193 0 0 14 2 15194 15195 0 0 14 2 15196 15197 0 0 14 2 15198 15199 0 0 
14 2 15200 15201 0 0 14 2 15202 15203 0 0 14 2 15204 15205 0 0 14 2 15206 15207 0 0 14 2 15208 15209 0 0 14 2 15210 15211 0 0 14 2 15212 15213 0 0 14 2 15214 15215 0 0 14 2 15216 15217 0 0 14 2 15218 15219 0 0 14 2 15220 15221 0 0 14 2 15222 15223 0 0 14 2 15224 15225 0 0 14 2 15226 15227 0 0 14 2 15228 15229 0 0 14 2 15230 15231 0 0 14 2 15232 15233 0 0 14 2 15234 15235 0 0 14 2 15236 15237 0 0 14 2 15238 15239 0 0 14 2 15240 15241 0 0 14 2 15242 15243 0 0 14 2 15244 15245 0 0 14 2 15246 15247 0 0 14 2 15248 15249 0 0 14 2 15250 15251 0 0 14 2 15252 15253 0 0 14 2 15254 15255 0 0 14 2 15256 15257 0 0 14 2 15258 15259 0 0 14 2 15260 15261 0 0 14 2 15262 15263 0 0 14 2 15264 15265 0 0 14 2 15266 15267 0 0 14 2 15268 15269 0 0 14 2 15270 15271 0 0 14 2 15272 15273 0 0 14 2 15274 15275 0 0 14 2 15276 15277 0 0 14 2 15278 15279 0 0 14 2 15280 15281 0 0 14 2 15282 15283 0 0 14 2 15284 15285 0 0 14 2 15286 15287 0 0 14 2 15288 15289 0 0 14 2 15290 15291 0 0 14 2 15292 15293 0 0 14 2 15294 15295 0 0 14 2 15296 15297 0 0 14 2 15298 15299 0 0 14 2 15300 15301 0 0 14 2 15302 15303 0 0 14 2 15304 15305 0 0 14 2 15306 15307 0 0 14 2 15308 15309 0 0 14 2 15310 15311 0 0 14 2 15312 15313 0 0 14 2 15314 15315 0 0 14 2 15316 15317 0 0 14 2 15318 15319 0 0 14 2 15320 15321 0 0 14 2 15322 15323 0 0 14 2 15324 15325 0 0 14 2 15326 15327 0 0 14 2 15328 15329 0 0 14 2 15330 15331 0 0 14 2 15332 15333 0 0 14 2 15334 15335 0 0 14 2 15336 15337 0 0 14 2 15338 15339 0 0 14 2 15340 15341 0 0 14 2 15342 15343 0 0 14 2 15344 15345 0 0 14 2 15346 15347 0 0 14 2 15348 15349 0 0 14 2 15350 15351 0 0 14 2 15352 15353 0 0 14 2 15354 15355 0 0 14 2 15356 15357 0 0 14 2 15358 15359 0 0 14 2 15360 15361 0 0 14 2 15362 15363 0 0 14 2 15364 15365 0 0 14 2 15366 15367 0 0 14 2 15368 15369 0 0 14 2 15370 15371 0 0 14 2 15372 15373 0 0 14 2 15374 15375 0 0 14 2 15376 15377 0 0 14 2 15378 15379 0 0 14 2 15380 15381 0 0 14 2 15382 15383 0 0 14 2 15384 15385 0 0 14 2 15386 15387 0 0 14 2 15388 15389 0 0 14 2 15390 15391 0 0 14 2 15392 15393 0 0 14 2 15394 15395 0 0 14 2 15396 15397 0 0 14 2 15398 15399 0 0 
14 2 15400 15401 0 0 14 2 15402 15403 0 0 14 2 15404 15405 0 0 14 2 15406 15407 0 0 14 2 15408 15409 0 0 14 2 15410 15411 0 0 14 2 15412 15413 0 0 14 2 15414 15415 0 0 14 2 15416 15417 0 0 14 2 15418 15419 0 0 14 2 15420 15421 0 0 14 2 15422 15423 0 0 14 2 15424 15425 0 0 14 2 15426 15427 0 0 14 2 15428 15429 0 0 14 2 15430 15431 0 0 14 2 15432 15433 0 0 14 2 15434 15435 0 0 14 2 15436 15437 0 0 14 2 15438 15439 0 0 14 2 15440 15441 0 0 14 2 15442 15443 0 0 14 2 15444 15445 0 0 14 2 15446 15447 0 0 14 2 15448 15449 0 0 14 2 15450 15451 0 0 14 2 15452 15453 0 0 14 2 15454 15455 0 0 14 2 15456 15457 0 0 14 2 15458 15459 0 0 14 2 15460 15461 0 0 14 2 15462 15463 0 0 14 2 15464 15465 0 0 14 2 15466 15467 0 0 14 2 15468 15469 0 0 14 2 15470 15471 0 0 14 2 15472 15473 0 0 14 2 15474 15475 0 0 14 2 15476 15477 0 0 14 2 15478 15479 0 0 14 2 15480 15481 0 0 14 2 15482 15483 0 0 14 2 15484 15485 0 0 14 2 15486 15487 0 0 14 2 15488 15489 0 0 14 2 15490 15491 0 0 14 2 15492 15493 0 0 14 2 15494 15495 0 0 14 2 15496 15497 0 0 14 2 15498 15499 0 0 14 2 15500 15501 0 0 14 2 15502 15503 0 0 14 2 15504 15505 0 0 14 2 15506 15507 0 0 14 2 15508 15509 0 0 14 2 15510 15511 0 0 14 2 15512 15513 0 0 14 2 15514 15515 0 0 14 2 15516 15517 0 0 14 2 15518 15519 0 0 14 2 15520 15521 0 0 14 2 15522 15523 0 0 14 2 15524 15525 0 0 14 2 15526 15527 0 0 14 2 15528 15529 0 0 14 2 15530 15531 0 0 14 2 15532 15533 0 0 14 2 15534 15535 0 0 14 2 15536 15537 0 0 14 2 15538 15539 0 0 14 2 15540 15541 0 0 14 2 15542 15543 0 0 14 2 15544 15545 0 0 14 2 15546 15547 0 0 14 2 15548 15549 0 0 14 2 15550 15551 0 0 14 2 15552 15553 0 0 14 2 15554 15555 0 0 14 2 15556 15557 0 0 14 2 15558 15559 0 0 14 2 15560 15561 0 0 14 2 15562 15563 0 0 14 2 15564 15565 0 0 14 2 15566 15567 0 0 14 2 15568 15569 0 0 14 2 15570 15571 0 0 14 2 15572 15573 0 0 14 2 15574 15575 0 0 14 2 15576 15577 0 0 14 2 15578 15579 0 0 14 2 15580 15581 0 0 14 2 15582 15583 0 0 14 2 15584 15585 0 0 14 2 15586 15587 0 0 14 2 15588 15589 0 0 14 2 15590 15591 0 0 14 2 15592 15593 0 0 14 2 15594 15595 0 0 14 2 15596 15597 0 0 14 2 15598 15599 0 0 
14 2 15600 15601 0 0 14 2 15602 15603 0 0 14 2 15604 15605 0 0 14 2 15606 15607 0 0 14 2 15608 15609 0 0 14 2 15610 15611 0 0 14 2 15612 15613 0 0 14 2 15614 15615 0 0 14 2 15616 15617 0 0 14 2 15618 15619 0 0 14 2 15620 15621 0 0 14 2 15622 15623 0 0 14 2 15624 15625 0 0 14 2 15626 15627 0 0 14 2 15628 15629 0 0 14 2 15630 15631 0 0 14 2 15632 15633 0 0 14 2 15634 15635 0 0 14 2 15636 15637 0 0 14 2 15638 15639 0 0 14 2 15640 15641 0 0 14 2 15642 15643 0 0 14 2 15644 15645 0 0 14 2 15646 15647 0 0 14 2 15648 15649 0 0 14 2 15650 15651 0 0 14 2 15652 15653 0 0 14 2 15654 15655 0 0 14 2 15656 15657 0 0 14 2 15658 15659 0 0 14 2 15660 15661 0 0 14 2 15662 15663 0 0 14 2 15664 15665 0 0 14 2 15666 15667 0 0 14 2 15668 15669 0 0 14 2 15670 15671 0 0 14 2 15672 15673 0 0 14 2 15674 15675 0 0 14 2 15676 15677 0 0 14 2 15678 15679 0 0 14 2 15680 15681 0 0 14 2 15682 15683 0 0 14 2 15684 15685 0 0 14 2 15686 15687 0 0 14 2 15688 15689 0 0 14 2 15690 15691 0 0 14 2 15692 15693 0 0 14 2 15694 15695 0 0 14 2 15696 15697 0 0 14 2 15698 15699 0 0 14 2 15700 15701 0 0 14 2 15702 15703 0 0 14 2 15704 15705 0 0 14 2 15706 15707 0 0 14 2 15708 15709 0 0 14 2 15710 15711 0 0 14 2 15712 15713 0 0 14 2 15714 15715 0 0 14 2 15716 15717 0 0 14 2 15718 15719 0 0 14 2 15720 15721 0 0 14 2 15722 15723 0 0 14 2 15724 15725 0 0 14 2 15726 15727 0 0 14 2 15728 15729 0 0 14 2 15730 15731 0 0 14 2 15732 15733 0 0 14 2 15734 15735 0 0 14 2 15736 15737 0 0 14 2 15738 15739 0 0 14 2 15740 15741 0 0 14 2 15742 15743 0 0 14 2 15744 15745 0 0 14 2 15746 15747 0 0 14 2 15748 15749 0 0 14 2 15750 15751 0 0 14 2 15752 15753 0 0 14 2 15754 15755 0 0 14 2 15756 15757 0 0 14 2 15758 15759 0 0 14 2 15760 15761 0 0 14 2 15762 15763 0 0 14 2 15764 15765 0 0 14 2 15766 15767 0 0 14 2 15768 15769 0 0 14 2 15770 15771 0 0 14 2 15772 15773 0 0 14 2 15774 15775 0 0 14 2 15776 15777 0 0 14 2 15778 15779 0 0 14 2 15780 15781 0 0 14 2 15782 15783 0 0 14 2 15784 15785 0 0 14 2 15786 15787 0 0 14 2 15788 15789 0 0 14 2 15790 15791 0 0 14 2 15792 15793 0 0 14 2 15794 15795 0 0 14 2 15796 15797 0 0 14 2 15798 15799 0 0 
14 2 15800 15801 0 0 14 2 15802 15803 0 0 14 2 15804 15805 0 0 14 2 15806 15807 0 0 14 2 15808 15809 0 0 14 2 15810 15811 0 0 14 2 15812 15813 0 0 14 2 15814 15815 0 0 14 2 15816 15817 0 0 14 2 15818 15819 0 0 14 2 15820 15821 0 0 14 2 15822 15823 0 0 14 2 15824 15825 0 0 14 2 15826 15827 0 0 14 2 15828 15829 0 0 14 2 15830 15831 0 0 14 2 15832 15833 0 0 14 2 15834 15835 0 0 14 2 15836 15837 0 0 14 2 15838 15839 0 0 14 2 15840 15841 0 0 14 2 15842 15843 0 0 14 2 15844 15845 0 0 14 2 15846 15847 0 0 14 2 15848 15849 0 0 14 2 15850 15851 0 0 14 2 15852 15853 0 0 14 2 15854 15855 0 0 14 2 15856 15857 0 0 14 2 15858 15859 0 0 14 2 15860 15861 0 0 14 2 15862 15863 0 0 14 2 15864 15865 0 0 14 2 15866 15867 0 0 14 2 15868 15869 0 0 14 2 15870 15871 0 0 14 2 15872 15873 0 0 14 2 15874 15875 0 0 14 2 15876 15877 0 0 14 2 15878 15879 0 0 14 2 15880 15881 0 0 14 2 15882 15883 0 0 14 2 15884 15885 0 0 14 2 15886 15887 0 0 14 2 15888 15889 0 0 14 2 15890 15891 0 0 14 2 15892 15893 0 0 14 2 15894 15895 0 0 14 2 15896 15897 0 0 14 2 15898 15899 0 0 14 2 15900 15901 0 0 14 2 15902 15903 0 0 14 2 15904 15905 0 0 14 2 15906 15907 0 0 14 2 15908 15909 0 0 14 2 15910 15911 0 0 14 2 15912 15913 0 0 14 2 15914 15915 0 0 14 2 15916 15917 0 0 14 2 15918 15919 0 0 14 2 15920 15921 0 0 14 2 15922 15923 0 0 14 2 15924 15925 0 0 14 2 15926 15927 0 0 14 2 15928 15929 0 0 14 2 15930 15931 0 0 14 2 15932 15933 0 0 14 2 15934 15935 0 0 14 2 15936 15937 0 0 14 2 15938 15939 0 0 14 2 15940 15941 0 0 14 2 15942 15943 0 0 14 2 15944 15945 0 0 14 2 15946 15947 0 0 14 2 15948 15949 0 0 14 2 15950 15951 0 0 14 2 15952 15953 0 0 14 2 15954 15955 0 0 14 2 15956 15957 0 0 14 2 15958 15959 0 0 14 2 15960 15961 0 0 14 2 15962 15963 0 0 14 2 15964 15965 0 0 14 2 15966 15967 0 0 14 2 15968 15969 0 0 14 2 15970 15971 0 0 14 2 15972 15973 0 0 14 2 15974 15975 0 0 14 2 15976 15977 0 0 14 2 15978 15979 0 0 14 2 15980 15981 0 0 14 2 15982 15983 0 0 14 2 15984 15985 0 0 14 2 15986 15987 0 0 14 2 15988 15989 0 0 14 2 15990 15991 0 0 14 2 15992 15993 0 0 14 2 15994 15995 0 0 14 2 15996 15997 0 0 14 2 15998 15999 0 0 
14 2 16000 16001 0 0 14 2 16002 16003 0 0 14 2 16004 16005 0 0 14 2 16006 16007 0 0 14 2 16008 16009 0 0 14 2 16010 16011 0 0 14 2 16012 16013 0 0 14 2 16014 16015 0 0 14 2 16016 16017 0 0 14 2 16018 16019 0 0 14 2 16020 16021 0 0 14 2 16022 16023 0 0 14 2 16024 16025 0 0 14 2 16026 16027 0 0 14 2 16028 16029 0 0 14 2 16030 16031 0 0 14 2 16032 16033 0 0 14 2 16034 16035 0 0 14 2 16036 16037 0 0 14 2 16038 16039 0 0 14 2 16040 16041 0 0 14 2 16042 16043 0 0 14 2 16044 16045 0 0 14 2 16046 16047 0 0 14 2 16048 16049 0 0 14 2 16050 16051 0 0 14 2 16052 16053 0 0 14 2 16054 16055 0 0 14 2 16056 16057 0 0 14 2 16058 16059 0 0 14 2 16060 16061 0 0 14 2 16062 16063 0 0 14 2 16064 16065 0 0 14 2 16066 16067 0 0 14 2 16068 16069 0 0 14 2 16070 16071 0 0 14 2 16072 16073 0 0 14 2 16074 16075 0 0 14 2 16076 16077 0 0 14 2 16078 16079 0 0 14 2 16080 16081 0 0 14 2 16082 16083 0 0 14 2 16084 16085 0 0 14 2 16086 16087 0 0 14 2 16088 16089 0 0 14 2 16090 16091 0 0 14 2 16092 16093 0 0 14 2 16094 16095 0 0 14 2 16096 16097 0 0 14 2 16098 16099 0 0 14 2 16100 16101 0 0 14 2 16102 16103 0 0 14 2 16104 16105 0 0 14 2 16106 16107 0 0 14 2 16108 16109 0 0 14 2 16110 16111 0 0 14 2 16112 16113 0 0 14 2 16114 16115 0 0 14 2 16116 16117 0 0 14 2 16118 16119 0 0 14 2 16120 16121 0 0 14 2 16122 16123 0 0 14 2 16124 16125 0 0 14 2 16126 16127 0 0 14 2 16128 16129 0 0 14 2 16130 16131 0 0 14 2 16132 16133 0 0 14 2 16134 16135 0 0 14 2 16136 16137 0 0 14 2 16138 16139 0 0 14 2 16140 16141 0 0 14 2 16142 16143 0 0 14 2 16144 16145 0 0 14 2 16146 16147 0 0 14 2 16148 16149 0 0 14 2 16150 16151 0 0 14 2 16152 16153 0 0 14 2 16154 16155 0 0 14 2 16156 16157 0 0 14 2 16158 16159 0 0 14 2 16160 16161 0 0 14 2 16162 16163 0 0 14 2 16164 16165 0 0 14 2 16166 16167 0 0 14 2 16168 16169 0 0 14 2 16170 16171 0 0 14 2 16172 16173 0 0 14 2 16174 16175 0 0 14 2 16176 16177 0 0 14 2 16178 16179 0 0 14 2 16180 16181 0 0 14 2 16182 16183 0 0 14 2 16184 16185 0 0 14 2 16186 16187 0 0 14 2 16188 16189 0 0 14 2 16190 16191 0 0 14 2 16192 16193 0 0 14 2 16194 16195 0 0 14 2 16196 16197 0 0 14 2 16198 16199 0 0 
14 2 16200 16201 0 0 14 2 16202 16203 0 0 14 2 16204 16205 0 0 14 2 16206 16207 0 0 14 2 16208 16209 0 0 14 2 16210 16211 0 0 14 2 16212 16213 0 0 14 2 16214 16215 0 0 14 2 16216 16217 0 0 14 2 16218 16219 0 0 14 2 16220 16221 0 0 14 2 16222 16223 0 0 14 2 16224 16225 0 0 14 2 16226 16227 0 0 14 2 16228 16229 0 0 14 2 16230 16231 0 0 14 2 16232 16233 0 0 14 2 16234 16235 0 0 14 2 16236 16237 0 0 14 2 16238 16239 0 0 14 2 16240 16241 0 0 14 2 16242 16243 0 0 14 2 16244 16245 0 0 14 2 16246 16247 0 0 14 2 16248 16249 0 0 14 2 16250 16251 0 0 14 2 16252 16253 0 0 14 2 16254 16255 0 0 14 2 16256 16257 0 0 14 2 16258 16259 0 0 14 2 16260 16261 0 0 14 2 16262 16263 0 0 14 2 16264 16265 0 0 14 2 16266 16267 0 0 14 2 16268 16269 0 0 14 2 16270 16271 0 0 14 2 16272 16273 0 0 14 2 16274 16275 0 0 14 2 16276 16277 0 0 14 2 16278 16279 0 0 14 2 16280 16281 0 0 14 2 16282 16283 0 0 14 2 16284 16285 0 0 14 2 16286 16287 0 0 14 2 16288 16289 0 0 14 2 16290 16291 0 0 14 2 16292 16293 0 0 14 2 16294 16295 0 0 14 2 16296 16297 0 0 14 2 16298 16299 0 0 14 2 16300 16301 0 0 14 2 16302 16303 0 0 14 2 16304 16305 0 0 14 2 16306 16307 0 0 14 2 16308 16309 0 0 14 2 16310 16311 0 0 14 2 16312 16313 0 0 14 2 16314 16315 0 0 14 2 16316 16317 0 0 14 2 16318 16319 0 0 14 2 16320 16321 0 0 14 2 16322 16323 0 0 14 2 16324 16325 0 0 14 2 16326 16327 0 0 14 2 16328 16329 0 0 14 2 16330 16331 0 0 14 2 16332 16333 0 0 14 2 16334 16335 0 0 14 2 16336 16337 0 0 14 2 16338 16339 0 0 14 2 16340 16341 0 0 14 2 16342 16343 0 0 14 2 16344 16345 0 0 14 2 16346 16347 0 0 14 2 16348 16349 0 0 14 2 16350 16351 0 0 14 2 16352 16353 0 0 14 2 16354 16355 0 0 14 2 16356 16357 0 0 14 2 16358 16359 0 0 14 2 16360 16361 0 0 14 2 16362 16363 0 0 14 2 16364 16365 0 0 14 2 16366 16367 0 0 14 2 16368 16369 0 0 14 2 16370 16371 0 0 14 2 16372 16373 0 0 14 2 16374 16375 0 0 14 2 16376 16377 0 0 14 2 16378 16379 0 0 14 2 16380 16381 0 0 14 2 16382 16383 0 0 14 2 16384 16385 0 0 14 2 16386 16387 0 0 14 2 16388 16389 0 0 14 2 16390 16391 0 0 14 2 16392 16393 0 0 14 2 16394 16395 0 0 14 2 16396 16397 0 0 14 2 16398 16399 0 0 
0 0 0 0 0 0 0 0 0 0 0 0 0 0 0 0 0 0 0 0 0 0 0 0 0 0 0 0 0 0 0 0 0 0 0 0 0 0 0 0 0 0 0 0 0 0 0 0 0 0 0 0 0 0 0 0 0 0 0 0 0 0 0 0 0 0 0 0 0 0 0 0 0 0 0 0 0 0 0 0 0 0 0 0 0 0 0 0 0 0 0 0 0 0 0 0 0 0 0 0 
0 0 0 0 0 0 0 0 0 0 0 0 0 0 0 0 0 0 0 0 0 0 0 0 0 0 0 0 0 0 0 0 0 0 0 0 0 0 0 0 0 0 0 0 0 0 0 0 0 0 0 0 0 0 0 0 0 0 0 0 0 0 0 0 0 0 0 0 0 0 0 0 0 0 0 0 0 0 0 0 0 0 0 0 0 0 0 0 0 0 0 0 0 0 0 0 0 0 0 0 
0 0 0 0 0 0 0 0 0 0 0 0 0 0 0 0 0 0 0 0 0 0 0 0 0 0 0 0 0 0 0 0 0 0 0 0 0 0 0 0 0 0 0 0 0 0 0 0 0 0 0 0 0 0 0 0 0 0 0 0 0 0 0 0 0 0 0 0 0 0 0 0 0 0 0 0 0 0 0 0 0 0 0 0 0 0 0 0 0 0 0 0 0 0 0 0 0 0 0 0 
0 0 0 0 0 0 0 0 0 0 0 0 0 0 0 0 0 0 0 0 0 0 0 0 0 0 0 0 0 0 0 0 0 0 0 0 0 0 0 0 0 0 0 0 0 0 0 0 0 0 0 0 0 0 0 0 0 0 0 0 0 0 0 0 0 0 0 0 0 0 0 0 0 0 0 0 0 0 0 0 0 0 0 0 0 0 0 0 0 0 0 0 0 0 0 0 0 0 0 0 
0 0 0 0 0 0 0 0 0 0 0 0 0 0 0 0 0 0 0 0 0 0 0 0 0 0 0 0 0 0 0 0 0 0 0 0 0 0 0 0 0 0 0 0 0 0 0 0 0 0 0 0 0 0 0 0 0 0 0 0 0 0 0 0 0 0 0 0 0 0 0 0 0 0 0 0 0 0 0 0 0 0 0 0 0 0 0 0 0 0 0 0 0 0 0 0 0 0 0 0 
0 0 0 0 0 0 0 0 0 0 0 0 0 0 0 0 0 0 0 0 0 0 0 0 0 0 0 0 0 0 0 0 0 0 0 0 0 0 0 0 0 0 0 0 0 0 0 0 0 0 0 0 0 0 0 0 0 0 0 0 0 0 0 0 0 0 0 0 0 0 0 0 0 0 0 0 0 0 0 0 0 0 0 0 0 0 0 0 0 0 0 0 0 0 0 0 0 0 0 0 
0 0 0 0 0 0 0 0 0 0 0 0 0 0 0 0 0 0 0 0 0 0 0 0 0 0 0 0 0 0 0 0 0 0 0 0 0 0 0 0 0 0 0 0 0 0 0 0 0 0 0 0 0 0 0 0 0 0 0 0 0 0 0 0 0 0 0 0 0 0 0 0 0 0 0 0 0 0 0 0 0 0 0 0 0 0 0 0 0 0 0 0 0 0 0 0 0 0 0 0 
0 0 0 0 0 0 0 0 0 0 0 0 0 0 0 0 0 0 0 0 0 0 0 0 0 0 0 0 0 0 0 0 0 0 0 0 0 0 0 0 0 0 0 0 0 0 0 0 0 0 0 0 0 0 0 0 0 0 0 0 0 0 0 0 0 0 0 0 0 0 0 0 0 0 0 0 0 0 0 0 0 0 0 0 0 0 0 0 0 0 0 0 0 0 0 0 0 0 0 0 
0 0 0 0 0 0 0 0 0 0 0 0 0 0 0 0 0 0 0 0 0 0 0 0 0 0 0 0 0 0 0 0 0 0 0 0 0 0 0 0 0 0 0 0 0 0 0 0 0 0 0 0 0 0 0 0 0 0 0 0 0 0 0 0 0 0 0 0 0 0 0 0 0 0 0 0 0 0 0 0 0 0 0 0 0 0 0 0 0 0 0 0 0 0 0 0 0 0 0 0 
0 0 0 0 0 0 0 0 0 0 0 0 0 0 0 0 0 0 0 0 0 0 0 0 0 0 0 0 0 0 0 0 0 0 0 0 0 0 0 0 0 0 0 0 0 0 0 0 0 0 0 0 0 0 0 0 0 0 0 0 0 0 0 0 0 0 0 0 0 0 0 0 0 0 0 0 0 0 0 0 0 0 0 0 0 0 0 0 0 0 0 0 0 0 0 0 0 0 0 0 
0 0 0 0 0 0 0 0 0 0 0 0 0 0 0 0 0 0 0 0 0 0 0 0 0 0 0 0 0 0 0 0 0 0 0 0 0 0 0 0 0 0 0 0 0 0 0 0 0 0 0 0 0 0 0 0 0 0 0 0 0 0 0 0 0 0 0 0 0 0 0 0 0 0 0 0 0 0 0 0 0 0 0 0 0 0 0 0 0 0 0 0 0 0 0 0 0 0 0 0 
0 0 0 0 0 0 0 0 0 0 0 0 0 0 0 0 0 0 0 0 0 0 0 0 0 0 0 0 0 0 0 0 0 0 0 0 0 0 0 0 0 0 0 0 0 0 0 0 0 0 0 0 0 0 0 0 0 0 0 0 0 0 0 0 0 0 0 0 0 0 0 0 0 0 0 0 0 0 0 0 0 0 0 0 0 0 0 0 0 0 0 0 0 0 0 0 0 0 0 0 
0 0 0 0 0 0 0 0 0 0 0 0 0 0 0 0 0 0 0 0 0 0 0 0 0 0 0 0 0 0 0 0 0 0 0 0 0 0 0 0 0 0 0 0 0 0 0 0 0 0 0 0 0 0 0 0 0 0 0 0 0 0 0 0 0 0 0 0 0 0 0 0 0 0 0 0 0 0 0 0 0 0 0 0 0 0 0 0 0 0 0 0 0 0 0 0 0 0 0 0 
0 0 0 0 0 0 0 0 0 0 0 0 0 0 0 0 0 0 0 0 0 0 0 0 0 0 0 0 0 0 0 0 0 0 0 0 0 0 0 0 0 0 0 0 0 0 0 0 0 0 0 0 0 0 0 0 0 0 0 0 0 0 0 0 0 0 0 0 0 0 0 0 0 0 0 0 0 0 0 0 0 0 0 0 0 0 0 0 0 0 0 0 0 0 0 0 0 0 0 0 
0 0 0 0 0 0 0 0 0 0 0 0 0 0 0 0 0 0 0 0 0 0 0 0 0 0 0 0 0 0 0 0 0 0 0 0 0 0 0 0 0 0 0 0 0 0 0 0 0 0 0 0 0 0 0 0 0 0 0 0 0 0 0 0 0 0 0 0 0 0 0 0 0 0 0 0 0 0 0 0 0 0 0 0 0 0 0 0 0 0 0 0 0 0 0 0 0 0 0 0 
0 0 0 0 0 0 0 0 0 0 0 0 0 0 0 0 0 0 0 0 0 0 0 0 0 0 0 0 0 0 0 0 0 0 0 0 0 0 0 0 0 0 0 0 0 0 0 0 0 0 0 0 0 0 0 0 0 0 0 0 0 0 0 0 0 0 0 0 0 0 0 0 0 0 0 0 0 0 0 0 0 0 0 0 0 0 0 0 0 0 0 0 0 0 0 0 0 0 0 0 
0 0 0 0 0 0 0 0 0 0 0 0 0 0 0 0 0 0 0 0 0 0 0 0 0 0 0 0 0 0 0 0 0 0 0 0 0 0 0 0 0 0 0 0 0 0 0 0 0 0 0 0 0 0 0 0 0 0 0 0 0 0 0 0 0 0 0 0 0 0 0 0 0 0 0 0 0 0 0 0 0 0 0 0 0 0 0 0 0 0 0 0 0 0 0 0 0 0 0 0 
0 0 0 0 0 0 0 0 0 0 0 0 0 0 0 0 0 0 0 0 0 0 0 0 0 0 0 0 0 0 0 0 0 0 0 0 0 0 0 0 0 0 0 0 0 0 0 0 0 0 0 0 0 0 0 0 0 0 0 0 0 0 0 0 0 0 0 0 0 0 0 0 0 0 0 0 0 0 0 0 0 0 0 0 0 0 0 0 0 0 0 0 0 0 0 0 0 0 0 0 

0 0 0 0 0 0 0 0 0 0 0 0 0 0 0 0 0 0 0 0 0 0 0 0 0 0 0 0 0 0 0 0 0 0 0 0 0 0 0 0 0 0 0 0 0 0 0 0 0 0 0 0 0 0 0 0 0 0 0 0 0 0 0 0 0 0 0 0 0 0 0 0 0 0 0 0 0 0 0 0 0 0 0 0 0 0 0 0 0 0 0 0 0 0 0 0 0 0 0 0 
0 0 0 0 0 0 0 0 0 0 0 0 0 0 0 0 0 0 0 0 0 0 0 0 0 0 0 0 0 0 0 0 0 0 0 0 0 0 0 0 0 0 0 0 0 0 0 0 0 0 0 0 0 0 0 0 0 0 0 0 0 0 0 0 0 0 0 0 0 0 0 0 0 0 0 0 0 0 0 0 0 0 0 0 0 0 0 0 0 0 0 0 0 0 0 0 0 0 0 0 
0 0 0 0 0 0 0 0 0 0 0 0 0 0 0 0 0 0 0 0 0 0 0 0 0 0 0 0 0 0 0 0 0 0 0 0 0 0 0 0 0 0 0 0 0 0 0 0 0 0 0 0 0 0 0 0 0 0 0 0 0 0 0 0 0 0 0 0 0 0 0 0 0 0 0 0 0 0 0 0 0 0 0 0 0 0 0 0 0 0 0 0 0 0 0 0 0 0 0 0 
0 0 0 0 0 0 0 0 0 0 0 0 0 0 0 0 0 0 0 0 0 0 0 0 0 0 0 0 0 0 0 0 0 0 0 0 0 0 0 0 0 0 0 0 0 0 0 0 0 0 0 0 0 0 0 0 0 0 0 0 0 0 0 0 0 0 0 0 0 0 0 0 0 0 0 0 0 0 0 0 0 0 0 0 0 0 0 0 0 0 0 0 0 0 0 0 0 0 0 0 
0 0 0 0 0 0 0 0 0 0 0 0 0 0 0 0 0 0 0 0 0 0 0 0 0 0 0 0 0 0 0 0 0 0 0 0 0 0 0 0 0 0 0 0 0 0 0 0 0 0 0 0 0 0 0 0 0 0 0 0 0 0 0 0 0 0 0 0 0 0 0 0 0 0 0 0 0 0 0 0 0 0 0 0 0 0 0 0 0 0 0 0 0 0 0 0 0 0 0 0 
0 0 0 0 0 0 0 0 0 0 0 0 0 0 0 0 0 0 0 0 0 0 0 0 0 0 0 0 0 0 0 0 0 0 0 0 0 0 0 0 0 0 0 0 0 0 0 0 0 0 0 0 0 0 0 0 0 0 0 0 0 0 0 0 0 0 0 0 0 0 0 0 0 0 0 0 0 0 0 0 0 0 0 0 0 0 0 0 0 0 0 0 0 0 0 0 0 0 0 0 
0 0 0 0 0 0 0 0 0 0 0 0 0 0 0 0 0 0 0 0 0 0 0 0 0 0 0 0 0 0 0 0 0 0 0 0 0 0 0 0 0 0 0 0 0 0 0 0 0 0 0 0 0 0 0 0 0 0 0 0 0 0 0 0 0 0 0 0 0 0 0 0 0 0 0 0 0 0 0 0 0 0 0 0 0 0 0 0 0 0 0 0 0 0 0 0 0 0 0 0 
0 0 0 0 0 0 0 0 0 0 0 0 0 0 0 0 0 0 0 0 0 0 0 0 0 0 0 0 0 0 0 0 0 0 0 0 0 0 0 0 0 0 0 0 0 0 0 0 0 0 0 0 0 0 0 0 0 0 0 0 0 0 0 0 0 0 0 0 0 0 0 0 0 0 0 0 0 0 0 0 0 0 0 0 0 0 0 0 0 0 0 0 0 0 0 0 0 0 0 0 
0 0 0 0 0 0 0 0 0 0 0 0 0 0 0 0 0 0 0 0 0 0 0 0 0 0 0 0 0 0 0 0 0 0 0 0 0 0 0 0 0 0 0 0 0 0 0 0 0 0 0 0 0 0 0 0 0 0 0 0 0 0 0 0 0 0 0 0 0 0 0 0 0 0 0 0 0 0 0 0 0 0 0 0 0 0 0 0 0 0 0 0 0 0 0 0 0 0 0 0 
0 0 0 0 0 0 0 0 0 0 0 0 0 0 0 0 0 0 0 0 0 0 0 0 0 0 0 0 0 0 0 0 0 0 0 0 0 0 0 0 0 0 0 0 0 0 0 0 0 0 0 0 0 0 0 0 0 0 0 0 0 0 0 0 0 0 0 0 0 0 0 0 0 0 0 0 0 0 0 0 0 0 0 0 0 0 0 0 0 0 0 0 0 0 0 0 0 0 0 0 
0 0 0 0 0 0 0 0 0 0 0 0 0 0 0 0 0 0 0 0 0 0 0 0 0 0 0 0 0 0 0 0 0 0 0 0 0 0 0 0 0 0 0 0 0 0 0 0 0 0 0 0 0 0 0 0 0 0 0 0 0 0 0 0 0 0 0 0 0 0 0 0 0 0 0 0 0 0 0 0 0 0 0 0 0 0 0 0 0 0 0 0 0 0 0 0 0 0 0 0 
0 0 0 0 0 0 0 0 0 0 0 0 0 0 0 0 0 0 0 0 0 0 0 0 0 0 0 0 0 0 0 0 0 0 0 0 0 0 0 0 0 0 0 0 0 0 0 0 0 0 0 0 0 0 0 0 0 0 0 0 0 0 0 0 0 0 0 0 0 0 0 0 0 0 0 0 0 0 0 0 0 0 0 0 0 0 0 0 0 0 0 0 0 0 0 0 0 0 0 0 
0 0 0 0 0 0 0 0 0 0 0 0 0 0 0 0 0 0 0 0 0 0 0 0 0 0 0 0 0 0 0 0 0 0 0 0 0 0 0 0 0 0 0 0 0 0 0 0 0 0 0 0 0 0 0 0 0 0 0 0 0 0 0 0 0 0 0 0 0 0 0 0 0 0 0 0 0 0 0 0 0 0 0 0 0 0 0 0 0 0 0 0 0 0 0 0 0 0 0 0 
0 0 0 0 0 0 0 0 0 0 0 0 0 0 0 0 0 0 0 0 0 0 0 0 0 0 0 0 0 0 0 0 0 0 0 0 0 0 0 0 0 0 0 0 0 0 0 0 0 0 0 0 0 0 0 0 0 0 0 0 0 0 0 0 0 0 0 0 0 0 0 0 0 0 0 0 0 0 0 0 0 0 0 0 0 0 0 0 0 0 0 0 0 0 0 0 0 0 0 0 
0 0 0 0 0 0 0 0 0 0 0 0 0 0 0 0 0 0 0 0 0 0 0 0 0 0 0 0 0 0 0 0 0 0 0 0 0 0 0 0 0 0 0 0 0 0 0 0 0 0 0 0 0 0 0 0 0 0 0 0 0 0 0 0 0 0 0 0 0 0 0 0 0 0 0 0 0 0 0 0 0 0 0 0 0 0 0 0 0 0 0 0 0 0 0 0 0 0 0 0 
0 0 0 0 0 0 0 0 0 0 0 0 0 0 0 0 0 0 0 0 0 0 0 0 0 0 0 0 0 0 0 0 0 0 0 0 0 0 0 0 0 0 0 0 0 0 0 0 0 0 0 0 0 0 0 0 0 0 0 0 0 0 0 0 0 0 0 0 0 0 0 0 0 0 0 0 0 0 0 0 0 0 0 0 0 0 0 0 0 0 0 0 0 0 0 0 0 0 0 0 
0 0 0 0 0 0 0 0 0 0 0 0 0 0 0 0 0 0 0 0 0 0 0 0 0 0 0 0 0 0 0 0 0 0 0 0 0 0 0 0 0 0 0 0 0 0 0 0 0 0 0 0 0 0 0 0 0 0 0 0 0 0 0 0 0 0 0 0 0 0 0 0 0 0 0 0 0 0 0 0 0 0 0 0 0 0 0 0 0 0 0 0 0 0 0 0 0 0 0 0 
0 0 0 0 0 0 0 0 0 0 0 0 0 0 0 0 0 0 0 0 0 0 0 0 0 0 0 0 0 0 0 0 0 0 0 0 0 0 0 0 0 0 0 0 0 0 0 0 0 0 0 0 0 0 0 0 0 0 0 0 0 0 0 0 0 0 0 0 0 0 0 0 0 0 0 0 0 0 0 0 0 0 0 0 0 0 0 0 0 0 0 0 0 0 0 0 0 0 0 0 
0 0 0 0 0 0 0 0 0 0 0 0 0 0 0 0 0 0 0 0 0 0 0 0 0 0 0 0 0 0 0 0 0 0 0 0 0 0 0 0 0 0 0 0 0 0 0 0 0 0 0 0 0 0 0 0 0 0 0 0 0 0 0 0 0 0 0 0 0 0 0 0 0 0 0 0 0 0 0 0 0 0 0 0 0 0 0 0 0 0 0 0 0 0 0 0 0 0 0 0 
0 0 0 0 0 0 0 0 0 0 0 0 0 0 0 0 0 0 0 0 0 0 0 0 0 0 0 0 0 0 0 0 0 0 0 0 0 0 0 0 0 0 0 0 0 0 0 0 0 0 0 0 0 0 0 0 0 0 0 0 0 0 0 0 0 0 0 0 0 0 0 0 0 0 0 0 0 0 0 0 0 0 0 0 0 0 0 0 0 0 0 0 0 0 0 0 0 0 0 0 
0 0 0 0 0 0 0 0 0 0 0 0 0 0 0 0 0 0 0 0 0 0 0 0 0 0 0 0 0 0 0 0 0 0 0 0 0 0 0 0 0 0 0 0 0 0 0 0 0 0 0 0 0 0 0 0 0 0 0 0 0 0 0 0 0 0 0 0 0 0 0 0 0 0 0 0 0 0 0 0 0 0 0 0 0 0 0 0 0 0 0 0 0 0 0 0 0 0 0 0 
0 0 0 0 0 0 0 0 0 0 0 0 0 0 0 0 0 0 0 0 0 0 0 0 0 0 0 0 0 0 0 0 0 0 0 0 0 0 0 0 0 0 0 0 0 0 0 0 0 0 0 0 0 0 0 0 0 0 0 0 0 0 0 0 0 0 0 0 0 0 0 0 0 0 0 0 0 0 0 0 0 0 0 0 0 0 0 0 0 0 0 0 0 0 0 0 0 0 0 0 
0 0 0 0 0 0 0 0 0 0 0 0 0 0 0 0 0 0 0 0 0 0 0 0 0 0 0 0 0 0 0 0 0 0 0 0 0 0 0 0 0 0 0 0 0 0 0 0 0 0 0 0 0 0 0 0 0 0 0 0 0 0 0 0 0 0 0 0 0 0 0 0 0 0 0 0 0 0 0 0 0 0 0 0 0 0 0 0 0 0 0 0 0 0 0 0 0 0 0 0 
0 0 0 0 0 0 0 0 0 0 0 0 0 0 0 0 0 0 0 0 0 0 0 0 0 0 0 0 0 0 0 0 0 0 0 0 0 0 0 0 0 0 0 0 0 0 0 0 0 0 0 0 0 0 0 0 0 0 0 0 0 0 0 0 0 0 0 0 0 0 0 0 0 0 0 0 0 0 0 0 0 0 0 0 0 0 0 0 0 0 0 0 0 0 0 0 0 0 0 0 
0 0 0 0 0 0 0 0 0 0 0 0 0 0 0 0 0 0 0 0 0 0 0 0 0 0 0 0 0 0 0 0 0 0 0 0 0 0 0 0 0 0 0 0 0 0 0 0 0 0 0 0 0 0 0 0 0 0 0 0 0 0 0 0 0 0 0 0 0 0 0 0 0 0 0 0 0 0 0 0 0 0 0 0 0 0 0 0 0 0 0 0 0 0 0 0 0 0 0 0 
0 0 0 0 0 0 0 0 0 0 0 0 0 0 0 0 0 0 0 0 0 0 0 0 0 0 0 0 0 0 0 0 0 0 0 0 0 0 0 0 0 0 0 0 0 0 0 0 0 0 0 0 0 0 0 0 0 0 0 0 0 0 0 0 0 0 0 0 0 0 0 0 0 0 0 0 0 0 0 0 0 0 0 0 0 0 0 0 0 0 0 0 0 0 0 0 0 0 0 0 
0 0 0 0 0 0 0 0 0 0 0 0 0 0 0 0 0 0 0 0 0 0 0 0 0 0 0 0 0 0 0 0 0 0 0 0 0 0 0 0 0 0 0 0 0 0 0 0 0 0 0 0 0 0 0 0 0 0 0 0 0 0 0 0 0 0 0 0 0 0 0 0 0 0 0 0 0 0 0 0 0 0 0 0 0 0 0 0 0 0 0 0 0 0 0 0 0 0 0 0 
0 0 0 0 0 0 0 0 0 0 0 0 0 0 0 0 0 0 0 0 0 0 0 0 0 0 0 0 0 0 0 0 0 0 0 0 0 0 0 0 0 0 0 0 0 0 0 0 0 0 0 0 0 0 0 0 0 0 0 0 0 0 0 0 0 0 0 0 0 0 0 0 0 0 0 0 0 0 0 0 0 0 0 0 0 0 0 0 0 0 0 0 0 0 0 0 0 0 0 0 
0 0 0 0 0 0 0 0 0 0 0 0 0 0 0 0 0 0 0 0 0 0 0 0 0 0 0 0 0 0 0 0 0 0 0 0 0 0 0 0 0 0 0 0 0 0 0 0 0 0 0 0 0 0 0 0 0 0 0 0 0 0 0 0 0 0 0 0 0 0 0 0 0 0 0 0 0 0 0 0 0 0 0 0 0 0 0 0 0 0 0 0 0 0 0 0 0 0 0 0 
0 0 0 0 0 0 0 0 0 0 0 0 0 0 0 0 0 0 0 0 0 0 0 0 0 0 0 0 0 0 0 0 0 0 0 0 0 0 0 0 0 0 0 0 0 0 0 0 0 0 0 0 0 0 0 0 0 0 0 0 0 0 0 0 0 0 0 0 0 0 0 0 0 0 0 0 0 0 0 0 0 0 0 0 0 0 0 0 0 0 0 0 0 0 0 0 0 0 0 0 
0 0 0 0 0 0 0 0 0 0 0 0 0 0 0 0 0 0 0 0 0 0 0 0 0 0 0 0 0 0 0 0 0 0 0 0 0 0 0 0 0 0 0 0 0 0 0 0 0 0 0 0 0 0 0 0 0 0 0 0 0 0 0 0 0 0 0 0 0 0 0 0 0 0 0 0 0 0 0 0 0 0 0 0 0 0 0 0 0 0 0 0 0 0 0 0 0 0 0 0 
0 0 0 0 0 0 0 0 0 0 0 0 0 0 0 0 0 0 0 0 0 0 0 0 0 0 0 0 0 0 0 0 0 0 0 0 0 0 0 0 0 0 0 0 0 0 0 0 0 0 0 0 0 0 0 0 0 0 0 0 0 0 0 0 0 0 0 0 0 0 0 0 0 0 0 0 0 0 0 0 0 0 0 0 0 0 0 0 0 0 0 0 0 0 0 0 0 0 0 0 
0 0 0 0 0 0 0 0 0 0 0 0 0 0 0 0 0 0 0 0 0 0 0 0 0 0 0 0 0 0 0 0 0 0 0 0 0 0 0 0 0 0 0 0 0 0 0 0 0 0 0 0 0 0 0 0 0 0 0 0 0 0 0 0 0 0 0 0 0 0 0 0 0 0 0 0 0 0 0 0 0 0 0 0 0 0 0 0 0 0 0 0 0 0 0 0 0 0 0 0 
0 0 0 0 0 0 0 0 0 0 0 0 0 0 0 0 0 0 0 0 0 0 0 0 0 0 0 0 0 0 0 0 0 0 0 0 0 0 0 0 0 0 0 0 0 0 0 0 0 0 0 0 0 0 0 0 0 0 0 0 0 0 0 0 0 0 0 0 0 0 0 0 0 0 0 0 0 0 0 0 0 0 0 0 0 0 0 0 0 0 0 0 0 0 0 0 0 0 0 0 
0 0 0 0 0 0 0 0 0 0 0 0 0 0 0 0 0 0 0 0 0 0 0 0 0 0 0 0 0 0 0 0 0 0 0 0 0 0 0 0 0 0 0 0 0 0 0 0 0 0 0 0 0 0 0 0 0 0 0 0 0 0 0 0 0 0 0 0 0 0 0 0 0 0 0 0 0 0 0 0 0 0 0 0 0 0 0 0 0 0 0 0 0 0 0 0 0 0 0 0 
0 0 0 0 0 0 0 0 0 0 0 0 0 0 0 0 0 0 0 0 0 0 0 0 0 0 0 0 0 0 0 0 0 0 0 0 0 0 0 0 0 0 0 0 0 0 0 0 0 0 0 0 0 0 0 0 0 0 0 0 0 0 0 0 0 0 0 0 0 0 0 0 0 0 0 0 0 0 0 0 0 0 0 0 0 0 0 0 0 0 0 0 0 0 0 0 0 0 0 0 
0 0 0 0 0 0 0 0 0 0 0 0 0 0 0 0 0 0 0 0 0 0 0 0 0 0 0 0 0 0 0 0 0 0 0 0 0 0 0 0 0 0 0 0 0 0 0 0 0 0 0 0 0 0 0 0 0 0 0 0 0 0 0 0 0 0 0 0 0 0 0 0 0 0 0 0 0 0 0 0 0 0 0 0 0 0 0 0 0 0 0 0 0 0 0 0 0 0 0 0 
0 0 0 0 0 0 0 0 0 0 0 0 0 0 0 0 0 0 0 0 0 0 0 0 0 0 0 0 0 0 0 0 0 0 0 0 0 0 0 0 0 0 0 0 0 0 0 0 0 0 0 0 0 0 0 0 0 0 0 0 0 0 0 0 0 0 0 0 0 0 0 0 0 0 0 0 0 0 0 0 0 0 0 0 0 0 0 0 0 0 0 0 0 0 0 0 0 0 0 0 
0 0 0 0 0 0 0 0 0 0 0 0 0 0 0 0 0 0 0 0 0 0 0 0 0 0 0 0 0 0 0 0 0 0 0 0 0 0 0 0 0 0 0 0 0 0 0 0 0 0 0 0 0 0 0 0 0 0 0 0 0 0 0 0 0 0 0 0 0 0 0 0 0 0 0 0 0 0 0 0 0 0 0 0 0 0 0 0 0 0 0 0 0 0 0 0 0 0 0 0 
0 0 0 0 0 0 0 0 0 0 0 0 0 0 0 0 0 0 0 0 0 0 0 0 0 0 0 0 0 0 0 0 0 0 0 0 0 0 0 0 0 0 0 0 0 0 0 0 0 0 0 0 0 0 0 0 0 0 0 0 0 0 0 0 0 0 0 0 0 0 0 0 0 0 0 0 0 0 0 0 0 0 0 0 0 0 0 0 0 0 0 0 0 0 0 0 0 0 0 0 
0 0 0 0 0 0 0 0 0 0 0 0 0 0 0 0 0 0 0 0 0 0 0 0 0 0 0 0 0 0 0 0 0 0 0 0 0 0 0 0 0 0 0 0 0 0 0 0 0 0 0 0 0 0 0 0 0 0 0 0 0 0 0 0 0 0 0 0 0 0 0 0 0 0 0 0 0 0 0 0 0 0 0 0 0 0 0 0 0 0 0 0 0 0 0 0 0 0 0 0 
0 0 0 0 0 0 0 0 0 0 0 0 0 0 0 0 0 0 0 0 0 0 0 0 0 0 0 0 0 0 0 0 0 0 0 0 0 0 0 0 0 0 0 0 0 0 0 0 0 0 0 0 0 0 0 0 0 0 0 0 0 0 0 0 0 0 0 0 0 0 0 0 0 0 0 0 0 0 0 0 0 0 0 0 0 0 0 0 0 0 0 0 0 0 0 0 0 0 0 0 
0 0 0 0 0 0 0 0 0 0 0 0 0 0 0 0 0 0 0 0 0 0 0 0 0 0 0 0 0 0 0 0 0 0 0 0 0 0 0 0 0 0 0 0 0 0 0 0 0 0 0 0 0 0 0 0 0 0 0 0 0 0 0 0 0 0 0 0 0 0 0 0 0 0 0 0 0 0 0 0 0 0 0 0 0 0 0 0 0 0 0 0 0 0 0 0 0 0 0 0 
0 0 0 0 0 0 0 0 0 0 0 0 0 0 0 0 0 0 0 0 0 0 0 0 0 0 0 0 0 0 0 0 0 0 0 0 0 0 0 0 0 0 0 0 0 0 0 0 0 0 0 0 0 0 0 0 0 0 0 0 0 0 0 0 0 0 0 0 0 0 0 0 0 0 0 0 0 0 0 0 0 0 0 0 0 0 0 0 0 0 0 0 0 0 0 0 0 0 0 0 
0 0 0 0 0 0 0 0 0 0 0 0 0 0 0 0 0 0 0 0 0 0 0 0 0 0 0 0 0 0 0 0 0 0 0 0 0 0 0 0 0 0 0 0 0 0 0 0 0 0 0 0 0 0 0 0 0 0 0 0 0 0 0 0 0 0 0 0 0 0 0 0 0 0 0 0 0 0 0 0 0 0 0 0 0 0 0 0 0 0 0 0 0 0 0 0 0 0 0 0 
0 0 0 0 0 0 0 0 0 0 0 0 0 0 0 0 0 0 0 0 0 0 0 0 0 0 0 0 0 0 0 0 0 0 0 0 0 0 0 0 0 0 0 0 0 0 0 0 0 0 0 0 0 0 0 0 0 0 0 0 0 0 0 0 0 0 0 0 0 0 0 0 0 0 0 0 0 0 0 0 0 0 0 0 0 0 0 0 0 0 0 0 0 0 0 0 0 0 0 0 
0 0 0 0 0 0 0 0 0 0 0 0 0 0 0 0 0 0 0 0 0 0 0 0 0 0 0 0 0 0 0 0 0 0 0 0 0 0 0 0 0 0 0 0 0 0 0 0 0 0 0 0 0 0 0 0 0 0 0 0 0 0 0 0 0 0 0 0 0 0 0 0 0 0 0 0 0 0 0 0 0 0 0 0 0 0 0 0 0 0 0 0 0 0 0 0 0 0 0 0 
0 0 0 0 0 0 0 0 0 0 0 0 0 0 0 0 0 0 0 0 0 0 0 0 0 0 0 0 0 0 0 0 0 0 0 0 0 0 0 0 0 0 0 0 0 0 0 0 0 0 0 0 0 0 0 0 0 0 0 0 0 0 0 0 0 0 0 0 0 0 0 0 0 0 0 0 0 0 0 0 0 0 0 0 0 0 0 0 0 0 0 0 0 0 0 0 0 0 0 0 
0 0 0 0 0 0 0 0 0 0 0 0 0 0 0 0 0 0 0 0 0 0 0 0 0 0 0 0 0 0 0 0 0 0 0 0 0 0 0 0 0 0 0 0 0 0 0 0 0 0 0 0 0 0 0 0 0 0 0 0 0 0 0 0 0 0 0 0 0 0 0 0 0 0 0 0 0 0 0 0 0 0 0 0 0 0 0 0 0 0 0 0 0 0 0 0 0 0 0 0 
0 0 0 0 0 0 0 0 0 0 0 0 0 0 0 0 0 0 0 0 0 0 0 0 0 0 0 0 0 0 0 0 0 0 0 0 0 0 0 0 0 0 0 0 0 0 0 0 0 0 0 0 0 0 0 0 0 0 0 0 0 0 0 0 0 0 0 0 0 0 0 0 0 0 0 0 0 0 0 0 0 0 0 0 0 0 0 0 0 0 0 0 0 0 0 0 0 0 0 0 
0 0 0 0 0 0 0 0 0 0 0 0 0 0 0 0 0 0 0 0 0 0 0 0 0 0 0 0 0 0 0 0 0 0 0 0 0 0 0 0 0 0 0 0 0 0 0 0 0 0 0 0 0 0 0 0 0 0 0 0 0 0 0 0 0 0 0 0 0 0 0 0 0 0 0 0 0 0 0 0 0 0 0 0 0 0 0 0 0 0 0 0 0 0 0 0 0 0 0 0 
0 0 0 0 0 0 0 0 0 0 0 0 0 0 0 0 0 0 0 0 0 0 0 0 0 0 0 0 0 0 0 0 0 0 0 0 0 0 0 0 0 0 0 0 0 0 0 0 0 0 0 0 0 0 0 0 0 0 0 0 0 0 0 0 0 0 0 0 0 0 0 0 0 0 0 0 0 0 0 0 0 0 0 0 0 0 0 0 0 0 0 0 0 0 0 0 0 0 0 0 
0 0 0 0 0 0 0 0 0 0 0 0 0 0 0 0 0 0 0 0 0 0 0 0 0 0 0 0 0 0 0 0 0 0 0 0 0 0 0 0 0 0 0 0 0 0 0 0 0 0 0 0 0 0 0 0 0 0 0 0 0 0 0 0 0 0 0 0 0 0 0 0 0 0 0 0 0 0 0 0 0 0 0 0 0 0 0 0 0 0 0 0 0 0 0 0 0 0 0 0 
0 0 0 0 0 0 0 0 0 0 0 0 0 0 0 0 0 0 0 0 0 0 0 0 0 0 0 0 0 0 0 0 0 0 0 0 0 0 0 0 0 0 0 0 0 0 0 0 0 0 0 0 0 0 0 0 0 0 0 0 0 0 0 0 0 0 0 0 0 0 0 0 0 0 0 0 0 0 0 0 0 0 0 0 0 0 0 0 0 0 0 0 0 0 0 0 0 0 0 0 
0 0 0 0 0 0 0 0 0 0 0 0 0 0 0 0 0 0 0 0 0 0 0 0 0 0 0 0 0 0 0 0 0 0 0 0 0 0 0 0 0 0 0 0 0 0 0 0 0 0 0 0 0 0 0 0 0 0 0 0 0 0 0 0 0 0 0 0 0 0 0 0 0 0 0 0 0 0 0 0 0 0 0 0 0 0 0 0 0 0 0 0 0 0 0 0 0 0 0 0 
0 0 0 0 0 0 0 0 0 0 0 0 0 0 0 0 0 0 0 0 0 0 0 0 0 0 0 0 0 0 0 0 0 0 0 0 0 0 0 0 0 0 0 0 0 0 0 0 0 0 0 0 0 0 0 0 0 0 0 0 0 0 0 0 0 0 0 0 0 0 0 0 0 0 0 0 0 0 0 0 0 0 0 0 0 0 0 0 0 0 0 0 0 0 0 0 0 0 0 0 
0 0 0 0 0 0 0 0 0 0 0 0 0 0 0 0 0 0 0 0 0 0 0 0 0 0 0 0 0 0 0 0 0 0 0 0 0 0 0 0 0 0 0 0 0 0 0 0 0 0 0 0 0 0 0 0 0 0 0 0 0 0 0 0 0 0 0 0 0 0 0 0 0 0 0 0 0 0 0 0 0 0 0 0 0 0 0 0 0 0 0 0 0 0 0 0 0 0 0 0 
0 0 0 0 0 0 0 0 0 0 0 0 0 0 0 0 0 0 0 0 0 0 0 0 0 0 0 0 0 0 0 0 0 0 0 0 0 0 0 0 0 0 0 0 0 0 0 0 0 0 0 0 0 0 0 0 0 0 0 0 0 0 0 0 0 0 0 0 0 0 0 0 0 0 0 0 0 0 0 0 0 0 0 0 0 0 0 0 0 0 0 0 0 0 0 0 0 0 0 0 
0 0 0 0 0 0 0 0 0 0 0 0 0 0 0 0 0 0 0 0 0 0 0 0 0 0 0 0 0 0 0 0 0 0 0 0 0 0 0 0 0 0 0 0 0 0 0 0 0 0 0 0 0 0 0 0 0 0 0 0 0 0 0 0 0 0 0 0 0 0 0 0 0 0 0 0 0 0 0 0 0 0 0 0 0 0 0 0 0 0 0 0 0 0 0 0 0 0 0 0 
0 0 0 0 0 0 0 0 0 0 0 0 0 0 0 0 0 0 0 0 0 0 0 0 0 0 0 0 0 0 0 0 0 0 0 0 0 0 0 0 0 0 0 0 0 0 0 0 0 0 0 0 0 0 0 0 0 0 0 0 0 0 0 0 0 0 0 0 0 0 0 0 0 0 0 0 0 0 0 0 0 0 0 0 0 0 0 0 0 0 0 0 0 0 0 0 0 0 0 0 
0 0 0 0 0 0 0 0 0 0 0 0 0 0 0 0 0 0 0 0 0 0 0 0 0 0 0 0 0 0 0 0 0 0 0 0 0 0 0 0 0 0 0 0 0 0 0 0 0 0 0 0 0 0 0 0 0 0 0 0 0 0 0 0 0 0 0 0 0 0 0 0 0 0 0 0 0 0 0 0 0 0 0 0 0 0 0 0 0 0 0 0 0 0 0 0 0 0 0 0 
0 0 0 0 0 0 0 0 0 0 0 0 0 0 0 0 0 0 0 0 0 0 0 0 0 0 0 0 0 0 0 0 0 0 0 0 0 0 0 0 0 0 0 0 0 0 0 0 0 0 0 0 0 0 0 0 0 0 0 0 0 0 0 0 0 0 0 0 0 0 0 0 0 0 0 0 0 0 0 0 0 0 0 0 0 0 0 0 0 0 0 0 0 0 0 0 0 0 0 0 
0 0 0 0 0 0 0 0 0 0 0 0 0 0 0 0 0 0 0 0 0 0 0 0 0 0 0 0 0 0 0 0 0 0 0 0 0 0 0 0 0 0 0 0 0 0 0 0 0 0 0 0 0 0 0 0 0 0 0 0 0 0 0 0 0 0 0 0 0 0 0 0 0 0 0 0 0 0 0 0 0 0 0 0 0 0 0 0 0 0 0 0 0 0 0 0 0 0 0 0 
0 0 0 0 0 0 0 0 0 0 0 0 0 0 0 0 0 0 0 0 0 0 0 0 0 0 0 0 0 0 0 0 0 0 0 0 0 0 0 0 0 0 0 0 0 0 0 0 0 0 0 0 0 0 0 0 0 0 0 0 0 0 0 0 0 0 0 0 0 0 0 0 0 0 0 0 0 0 0 0 0 0 0 0 0 0 0 0 0 0 0 0 0 0 0 0 0 0 0 0 
14 2 12800 12801 0 0 14 2 12802 12803 0 0 14 2 12804 12805 0 0 14 2 12806 12807 0 0 14 2 12808 12809 0 0 14 2 12810 12811 0 0 14 2 12812 12813 0 0 14 2 12814 12815 0 0 14 2 12816 12817 0 0 14 2 12818 12819 0 0 14 2 12820 12821 0 0 14 2 12822 12823 0 0 14 2 12824 12825 0 0 14 2 12826 12827 0 0 14 2 12828 12829 0 0 14 2 12830 12831 0 0 14 2 12832 12833 0 0 14 2 12834 12835 0 0 14 2 12836 12837 0 0 14 2 12838 12839 0 0 14 2 12840 12841 0 0 14 2 12842 12843 0 0 14 2 12844 12845 0 0 14 2 12846 12847 0 0 14 2 12848 12849 0 0 14 2 12850 12851 0 0 14 2 12852 12853 0 0 14 2 12854 12855 0 0 14 2 12856 12857 0 0 14 2 12858 12859 0 0 14 2 12860 12861 0 0 14 2 12862 12863 0 0 14 2 12864 12865 0 0 14 2 12866 12867 0 0 14 2 12868 12869 0 0 14 2 12870 12871 0 0 14 2 12872 12873 0 0 14 2 12874 12875 0 0 14 2 12876 12877 0 0 14 2 12878 12879 0 0 14 2 12880 12881 0 0 14 2 12882 12883 0 0 14 2 12884 12885 0 0 14 2 12886 12887 0 0 14 2 12888 12889 0 0 14 2 12890 12891 0 0 14 2 12892 12893 0 0 14 2 12894 12895 0 0 14 2 12896 12897 0 0 14 2 12898 12899 0 0 14 2 12900 12901 0 0 14 2 12902 12903 0 0 14 2 12904 12905 0 0 14 2 12906 12907 0 0 14 2 12908 12909 0 0 14 2 12910 12911 0 0 14 2 12912 12913 0 0 14 2 12914 12915 0 0 14 2 12916 12917 0 0 14 2 12918 12919 0 0 14 2 12920 12921 0 0 14 2 12922 12923 0 0 14 2 12924 12925 0 0 14 2 12926 12927 0 0 14 2 12928 12929 0 0 14 2 12930 12931 0 0 14 2 12932 12933 0 0 14 2 12934 12935 0 0 14 2 12936 12937 0 0 14 2 12938 12939 0 0 14 2 12940 12941 0 0 14 2 12942 12943 0 0 14 2 12944 12945 0 0 14 2 12946 12947 0 0 14 2 12948 12949 0 0 14 2 12950 12951 0 0 14 2 12952 12953 0 0 14 2 12954 12955 0 0 14 2 12956 12957 0 0 14 2 12958 12959 0 0 14 2 12960 12961 0 0 14 2 12962 12963 0 0 14 2 12964 12965 0 0 14 2 12966 12967 0 0 14 2 12968 12969 0 0 14 2 12970 12971 0 0 14 2 12972 12973 0 0 14 2 12974 12975 0 0 14 2 12976 12977 0 0 14 2 12978 12979 0 0 14 2 12980 12981 0 0 14 2 12982 12983 0 0 14 2 12984 12985 0 0 14 2 12986 12987 0 0 14 2 12988 12989 0 0 14 2 12990 12991 0 0 14 2 12992 12993 0 0 14 2 12994 12995 0 0 14 2 12996 12997 0 0 14 2 12998 12999 0 0 
14 2 13000 13001 0 0 14 2 13002 13003 0 0 14 2 13004 13005 0 0 14 2 13006 13007 0 0 14 2 13008 13009 0 0 14 2 13010 13011 0 0 14 2 13012 13013 0 0 14 2 13014 13015 0 0 14 2 13016 13017 0 0 14 2 13018 13019 0 0 14 2 13020 13021 0 0 14 2 13022 13023 0 0 14 2 13024 13025 0 0 14 2 13026 13027 0 0 14 2 13028 13029 0 0 14 2 13030 13031 0 0 14 2 13032 13033 0 0 14 2 13034 13035 0 0 14 2 13036 13037 0 0 14 2 13038 13039 0 0 14 2 13040 13041 0 0 14 2 13042 13043 0 0 14 2 13044 13045 0 0 14 2 13046 13047 0 0 14 2 13048 13049 0 0 14 2 13050 13051 0 0 14 2 13052 13053 0 0 14 2 13054 13055 0 0 14 2 13056 13057 0 0 14 2 13058 13059 0 0 14 2 13060 13061 0 0 14 2 13062 13063 0 0 14 2 13064 13065 0 0 14 2 13066 13067 0 0 14 2 13068 13069 0 0 14 2 13070 13071 0 0 14 2 13072 13073 0 0 14 2 13074 13075 0 0 14 2 13076 13077 0 0 14 2 13078 13079 0 0 14 2 13080 13081 0 0 14 2 13082 13083 0 0 14 2 13084 13085 0 0 14 2 13086 13087 0 0 14 2 13088 13089 0 0 14 2 13090 13091 0 0 14 2 13092 13093 0 0 14 2 13094 13095 0 0 14 2 13096 13097 0 0 14 2 13098 13099 0 0 14 2 13100 13101 0 0 14 2 13102 13103 0 0 14 2 13104 13105 0 0 14 2 13106 13107 0 0 14 2 13108 13109 0 0 14 2 13110 13111 0 0 14 2 13112 13113 0 0 14 2 13114 13115 0 0 14 2 13116 13117 0 0 14 2 13118 13119 0 0 14 2 13120 13121 0 0 14 2 13122 13123 0 0 14 2 13124 13125 0 0 14 2 13126 13127 0 0 14 2 13128 13129 0 0 14 2 13130 13131 0 0 14 2 13132 13133 0 0 14 2 13134 13135 0 0 14 2 13136 13137 0 0 14 2 13138 13139 0 0 14 2 13140 13141 0 0 14 2 13142 13143 0 0 14 2 13144 13145 0 0 14 2 13146 13147 0 0 14 2 13148 13149 0 0 14 2 13150 13151 0 0 14 2 13152 13153 0 0 14 2 13154 13155 0 0 14 2 13156 13157 0 0 14 2 13158 13159 0 0 14 2 13160 13161 0 0 14 2 13162 13163 0 0 14 2 13164 13165 0 0 14 2 13166 13167 0 0 14 2 13168 13169 0 0 14 2 13170 13171 0 0 14 2 13172 13173 0 0 14 2 13174 13175 0 0 14 2 13176 13177 0 0 14 2 13178 13179 0 0 14 2 13180 13181 0 0 14 2 13182 13183 0 0 14 2 13184 13185 0 0 14 2 13186 13187 0 0 14 2 13188 13189 0 0 14 2 13190 13191 0 0 14 2 13192 13193 0 0 14 2 13194 13195 0 0 14 2 13196 13197 0 0 14 2 13198 13199 0 0 
14 2 13200 13201 0 0 14 2 13202 13203 0 0 14 2 13204 13205 0 0 14 2 13206 13207 0 0 14 2 13208 13209 0 0 14 2 13210 13211 0 0 14 2 13212 13213 0 0 14 2 13214 13215 0 0 14 2 13216 13217 0 0 14 2 13218 13219 0 0 14 2 13220 13221 0 0 14 2 13222 13223 0 0 14 2 13224 13225 0 0 14 2 13226 13227 0 0 14 2 13228 13229 0 0 14 2 13230 13231 0 0 14 2 13232 13233 0 0 14 2 13234 13235 0 0 14 2 13236 13237 0 0 14 2 13238 13239 0 0 14 2 13240 13241 0 0 14 2 13242 13243 0 0 14 2 13244 13245 0 0 14 2 13246 13247 0 0 14 2 13248 13249 0 0 14 2 13250 13251 0 0 14 2 13252 13253 0 0 14 2 13254 13255 0 0 14 2 13256 13257 0 0 14 2 13258 13259 0 0 14 2 13260 13261 0 0 14 2 13262 13263 0 0 14 2 13264 13265 0 0 14 2 13266 13267 0 0 14 2 13268 13269 0 0 14 2 13270 13271 0 0 14 2 13272 13273 0 0 14 2 13274 13275 0 0 14 2 13276 13277 0 0 14 2 13278 13279 0 0 14 2 13280 13281 0 0 14 2 13282 13283 0 0 14 2 13284 13285 0 0 14 2 13286 13287 0 0 14 2 13288 13289 0 0 14 2 13290 13291 0 0 14 2 13292 13293 0 0 14 2 13294 13295 0 0 14 2 13296 13297 0 0 14 2 13298 13299 0 0 14 2 13300 13301 0 0 14 2 13302 13303 0 0 14 2 13304 13305 0 0 14 2 13306 13307 0 0 14 2 13308 13309 0 0 14 2 13310 13311 0 0 14 2 13312 13313 0 0 14 2 13314 13315 0 0 14 2 13316 13317 0 0 14 2 13318 13319 0 0 14 2 13320 13321 0 0 14 2 13322 13323 0 0 14 2 13324 13325 0 0 14 2 13326 13327 0 0 14 2 13328 13329 0 0 14 2 13330 13331 0 0 14 2 13332 13333 0 0 14 2 13334 13335 0 0 14 2 13336 13337 0 0 14 2 13338 13339 0 0 14 2 13340 13341 0 0 14 2 13342 13343 0 0 14 2 13344 13345 0 0 14 2 13346 13347 0 0 14 2 13348 13349 0 0 14 2 13350 13351 0 0 14 2 13352 13353 0 0 14 2 13354 13355 0 0 14 2 13356 13357 0 0 14 2 13358 13359 0 0 14 2 13360 13361 0 0 14 2 13362 13363 0 0 14 2 13364 13365 0 0 14 2 13366 13367 0 0 14 2 13368 13369 0 0 14 2 13370 13371 0 0 14 2 13372 13373 0 0 14 2 13374 13375 0 0 14 2 13376 13377 0 0 14 2 13378 13379 0 0 14 2 13380 13381 0 0 14 2 13382 13383 0 0 14 2 13384 13385 0 0 14 2 13386 13387 0 0 14 2 13388 13389 0 0 14 2 13390 13391 0 0 14 2 13392 13393 0 0 14 2 13394 13395 0 0 14 2 13396 13397 0 0 14 2 13398 13399 0 0 
14 2 13400 13401 0 0 14 2 13402 13403 0 0 14 2 13404 13405 0 0 14 2 13406 13407 0 0 14 2 13408 13409 0 0 14 2 13410 13411 0 0 14 2 13412 13413 0 0 14 2 13414 13415 0 0 14 2 13416 13417 0 0 14 2 13418 13419 0 0 14 2 13420 13421 0 0 14 2 13422 13423 0 0 14 2 13424 13425 0 0 14 2 13426 13427 0 0 14 2 13428 13429 0 0 14 2 13430 13431 0 0 14 2 13432 13433 0 0 14 2 13434 13435 0 0 14 2 13436 13437 0 0 14 2 13438 13439 0 0 14 2 13440 13441 0 0 14 2 13442 13443 0 0 14 2 13444 13445 0 0 14 2 13446 13447 0 0 14 2 13448 13449 0 0 14 2 13450 13451 0 0 14 2 13452 13453 0 0 14 2 13454 13455 0 0 14 2 13456 13457 0 0 14 2 13458 13459 0 0 14 2 13460 13461 0 0 14 2 13462 13463 0 0 14 2 13464 13465 0 0 14 2 13466 13467 0 0 14 2 13468 13469 0 0 14 2 13470 13471 0 0 14 2 13472 13473 0 0 14 2 13474 13475 0 0 14 2 13476 13477 0 0 14 2 13478 13479 0 0 14 2 13480 13481 0 0 14 2 13482 13483 0 0 14 2 13484 13485 0 0 14 2 13486 13487 0 0 14 2 13488 13489 0 0 14 2 13490 13491 0 0 14 2 13492 13493 0 0 14 2 13494 13495 0 0 14 2 13496 13497 0 0 14 2 13498 13499 0 0 14 2 13500 13501 0 0 14 2 13502 13503 0 0 14 2 13504 13505 0 0 14 2 13506 13507 0 0 14 2 13508 13509 0 0 14 2 13510 13511 0 0 14 2 13512 13513 0 0 14 2 13514 13515 0 0 14 2 13516 13517 0 0 14 2 13518 13519 0 0 14 2 13520 13521 0 0 14 2 13522 13523 0 0 14 2 13524 13525 0 0 14 2 13526 13527 0 0 14 2 13528 13529 0 0 14 2 13530 13531 0 0 14 2 13532 13533 0 0 14 2 13534 13535 0 0 14 2 13536 13537 0 0 14 2 13538 13539 0 0 14 2 13540 13541 0 0 14 2 13542 13543 0 0 14 2 13544 13545 0 0 14 2 13546 13547 0 0 14 2 13548 13549 0 0 14 2 13550 13551 0 0 14 2 13552 13553 0 0 14 2 13554 13555 0 0 14 2 13556 13557 0 0 14 2 13558 13559 0 0 14 2 13560 13561 0 0 14 2 13562 13563 0 0 14 2 13564 13565 0 0 14 2 13566 13567 0 0 14 2 13568 13569 0 0 14 2 13570 13571 0 0 14 2 13572 13573 0 0 14 2 13574 13575 0 0 14 2 13576 13577 0 0 14 2 13578 13579 0 0 14 2 13580 13581 0 0 14 2 13582 13583 0 0 14 2 13584 13585 0 0 14 2 13586 13587 0 0 14 2 13588 13589 0 0 14 2 13590 13591 0 0 14 2 13592 13593 0 0 14 2 13594 13595 0 0 14 2 13596 13597 0 0 14 2 13598 13599 0 0 
0 0 0 0 0 0 0 0 0 0 0 0 0 0 0 0 0 0 0 0 0 0 0 0 0 0 0 0 0 0 0 0 0 0 0 0 0 0 0 0 0 0 0 0 0 0 0 0 0 0 0 0 0 0 0 0 0 0 0 0 0 0 0 0 0 0 0 0 0 0 0 0 0 0 0 0 0 0 0 0 0 0 0 0 0 0 0 0 0 0 0 0 0 0 0 0 0 0 0 0 
0 0 0 0 0 0 0 0 0 0 0 0 0 0 0 0 0 0 0 0 0 0 0 0 0 0 0 0 0 0 0 0 0 0 0 0 0 0 0 0 0 0 0 0 0 0 0 0 0 0 0 0 0 0 0 0 0 0 0 0 0 0 0 0 0 0 0 0 0 0 0 0 0 0 0 0 0 0 0 0 0 0 0 0 0 0 0 0 0 0 0 0 0 0 0 0 0 0 0 0 
0 0 0 0 0 0 0 0 0 0 0 0 0 0 0 0 0 0 0 0 0 0 0 0 0 0 0 0 0 0 0 0 0 0 0 0 0 0 0 0 0 0 0 0 0 0 0 0 0 0 0 0 0 0 0 0 0 0 0 0 0 0 0 0 0 0 0 0 0 0 0 0 0 0 0 0 0 0 0 0 0 0 0 0 0 0 0 0 0 0 0 0 0 0 0 0 0 0 0 0 
0 0 0 0 0 0 0 0 0 0 0 0 0 0 0 0 0 0 0 0 0 0 0 0 0 0 0 0 0 0 0 0 0 0 0 0 0 0 0 0 0 0 0 0 0 0 0 0 0 0 0 0 0 0 0 0 0 0 0 0 0 0 0 0 0 0 0 0 0 0 0 0 0 0 0 0 0 0 0 0 0 0 0 0 0 0 0 0 0 0 0 0 0 0 0 0 0 0 0 0 
0 0 0 0 0 0 0 0 0 0 0 0 0 0 0 0 0 0 0 0 0 0 0 0 0 0 0 0 0 0 0 0 0 0 0 0 0 0 0 0 0 0 0 0 0 0 0 0 0 0 0 0 0 0 0 0 0 0 0 0 0 0 0 0 0 0 0 0 0 0 0 0 0 0 0 0 0 0 0 0 0 0 0 0 0 0 0 0 0 0 0 0 0 0 0 0 0 0 0 0 
0 0 0 0 0 0 0 0 0 0 0 0 0 0 0 0 0 0 0 0 0 0 0 0 0 0 0 0 0 0 0 0 0 0 0 0 0 0 0 0 0 0 0 0 0 0 0 0 0 0 0 0 0 0 0 0 0 0 0 0 0 0 0 0 0 0 0 0 0 0 0 0 0 0 0 0 0 0 0 0 0 0 0 0 0 0 0 0 0 0 0 0 0 0 0 0 0 0 0 0 
0 0 0 0 0 0 0 0 0 0 0 0 0 0 0 0 0 0 0 0 0 0 0 0 0 0 0 0 0 0 0 0 0 0 0 0 0 0 0 0 0 0 0 0 0 0 0 0 0 0 0 0 0 0 0 0 0 0 0 0 0 0 0 0 0 0 0 0 0 0 0 0 0 0 0 0 0 0 0 0 0 0 0 0 0 0 0 0 0 0 0 0 0 0 0 0 0 0 0 0 
0 0 0 0 0 0 0 0 0 0 0 0 0 0 0 0 0 0 0 0 0 0 0 0 0 0 0 0 0 0 0 0 0 0 0 0 0 0 0 0 0 0 0 0 0 0 0 0 0 0 0 0 0 0 0 0 0 0 0 0 0 0 0 0 0 0 0 0 0 0 0 0 0 0 0 0 0 0 0 0 0 0 0 0 0 0 0 0 0 0 0 0 0 0 0 0 0 0 0 0 
0 0 0 0 0 0 0 0 0 0 0 0 0 0 0 0 0 0 0 0 0 0 0 0 0 0 0 0 0 0 0 0 0 0 0 0 0 0 0 0 0 0 0 0 0 0 0 0 0 0 0 0 0 0 0 0 0 0 0 0 0 0 0 0 0 0 0 0 0 0 0 0 0 0 0 0 0 0 0 0 0 0 0 0 0 0 0 0 0 0 0 0 0 0 0 0 0 0 0 0 
0 0 0 0 0 0 0 0 0 0 0 0 0 0 0 0 0 0 0 0 0 0 0 0 0 0 0 0 0 0 0 0 0 0 0 0 0 0 0 0 0 0 0 0 0 0 0 0 0 0 0 0 0 0 0 0 0 0 0 0 0 0 0 0 0 0 0 0 0 0 0 0 0 0 0 0 0 0 0 0 0 0 0 0 0 0 0 0 0 0 0 0 0 0 0 0 0 0 0 0 
0 0 0 0 0 0 0 0 0 0 0 0 0 0 0 0 0 0 0 0 0 0 0 0 0 0 0 0 0 0 0 0 0 0 0 0 0 0 0 0 0 0 0 0 0 0 0 0 0 0 0 0 0 0 0 0 0 0 0 0 0 0 0 0 0 0 0 0 0 0 0 0 0 0 0 0 0 0 0 0 0 0 0 0 0 0 0 0 0 0 0 0 0 0 0 0 0 0 0 0 
0 0 0 0 0 0 0 0 0 0 0 0 0 0 0 0 0 0 0 0 0 0 0 0 0 0 0 0 0 0 0 0 0 0 0 0 0 0 0 0 0 0 0 0 0 0 0 0 0 0 0 0 0 0 0 0 0 0 0 0 0 0 0 0 0 0 0 0 0 0 0 0 0 0 0 0 0 0 0 0 0 0 0 0 0 0 0 0 0 0 0 0 0 0 0 0 0 0 0 0 
0 0 0 0 0 0 0 0 0 0 0 0 0 0 0 0 0 0 0 0 0 0 0 0 0 0 0 0 0 0 0 0 0 0 0 0 0 0 0 0 0 0 0 0 0 0 0 0 0 0 0 0 0 0 0 0 0 0 0 0 0 0 0 0 0 0 0 0 0 0 0 0 0 0 0 0 0 0 0 0 0 0 0 0 0 0 0 0 0 0 0 0 0 0 0 0 0 0 0 0 
14 2 16200 16201 0 0 14 2 16202 16203 0 0 14 2 16204 16205 0 0 14 2 16206 16207 0 0 14 2 16208 16209 0 0 14 2 16210 16211 0 0 14 2 16212 16213 0 0 14 2 16214 16215 0 0 14 2 16216 16217 0 0 14 2 16218 16219 0 0 14 2 16220 16221 0 0 14 2 16222 16223 0 0 14 2 16224 16225 0 0 14 2 16226 16227 0 0 14 2 16228 16229 0 0 14 2 16230 16231 0 0 14 2 16232 16233 0 0 14 2 16234 16235 0 0 14 2 16236 16237 0 0 14 2 16238 16239 0 0 14 2 16240 16241 0 0 14 2 16242 16243 0 0 14 2 16244 16245 0 0 14 2 16246 16247 0 0 14 2 16248 16249 0 0 14 2 16250 16251 0 0 14 2 16252 16253 0 0 14 2 16254 16255 0 0 14 2 16256 16257 0 0 14 2 16258 16259 0 0 14 2 16260 16261 0 0 14 2 16262 16263 0 0 14 2 16264 16265 0 0 14 2 16266 16267 0 0 14 2 16268 16269 0 0 14 2 16270 16271 0 0 14 2 16272 16273 0 0 14 2 16274 16275 0 0 14 2 16276 16277 0 0 14 2 16278 16279 0 0 14 2 16280 16281 0 0 14 2 16282 16283 0 0 14 2 16284 16285 0 0 14 2 16286 16287 0 0 14 2 16288 16289 0 0 14 2 16290 16291 0 0 14 2 16292 16293 0 0 14 2 16294 16295 0 0 14 2 16296 16297 0 0 14 2 16298 16299 0 0 14 2 16300 16301 0 0 14 2 16302 16303 0 0 14 2 16304 16305 0 0 14 2 16306 16307 0 0 14 2 16308 16309 0 0 14 2 16310 16311 0 0 14 2 16312 16313 0 0 14 2 16314 16315 0 0 14 2 16316 16317 0 0 14 2 16318 16319 0 0 14 2 16320 16321 0 0 14 2 16322 16323 0 0 14 2 16324 16325 0 0 14 2 16326 16327 0 0 14 2 16328 16329 0 0 14 2 16330 16331 0 0 14 2 16332 16333 0 0 14 2 16334 16335 0 0 14 2 16336 16337 0 0 14 2 16338 16339 0 0 14 2 16340 16341 0 0 14 2 16342 16343 0 0 14 2 16344 16345 0 0 14 2 16346 16347 0 0 14 2 16348 16349 0 0 14 2 16350 16351 0 0 14 2 16352 16353 0 0 14 2 16354 16355 0 0 14 2 16356 16357 0 0 14 2 16358 16359 0 0 14 2 16360 16361 0 0 14 2 16362 16363 0 0 14 2 16364 16365 0 0 14 2 16366 16367 0 0 14 2 16368 16369 0 0 14 2 16370 16371 0 0 14 2 16372 16373 0 0 14 2 16374 16375 0 0 14 2 16376 16377 0 0 14 2 16378 16379 0 0 14 2 16380 16381 0 0 14 2 16382 16383 0 0 14 2 16384 16385 0 0 14 2 16386 16387 0 0 14 2 16388 16389 0 0 14 2 16390 16391 0 0 14 2 16392 16393 0 0 14 2 16394 16395 0 0 14 2 16396 16397 0 0 14 2 16398 16399 0 0 
14 2 16400 16401 0 0 14 2 16402 16403 0 0 14 2 16404 16405 0 0 14 2 16406 16407 0 0 14 2 16408 16409 0 0 14 2 16410 16411 0 0 14 2 16412 16413 0 0 14 2 16414 16415 0 0 14 2 16416 16417 0 0 14 2 16418 16419 0 0 14 2 16420 16421 0 0 14 2 16422 16423 0 0 14 2 16424 16425 0 0 14 2 16426 16427 0 0 14 2 16428 16429 0 0 14 2 16430 16431 0 0 14 2 16432 16433 0 0 14 2 16434 16435 0 0 14 2 16436 16437 0 0 14 2 16438 16439 0 0 14 2 16440 16441 0 0 14 2 16442 16443 0 0 14 2 16444 16445 0 0 14 2 16446 16447 0 0 14 2 16448 16449 0 0 14 2 16450 16451 0 0 14 2 16452 16453 0 0 14 2 16454 16455 0 0 14 2 16456 16457 0 0 14 2 16458 16459 0 0 14 2 16460 16461 0 0 14 2 16462 16463 0 0 14 2 16464 16465 0 0 14 2 16466 16467 0 0 14 2 16468 16469 0 0 14 2 16470 16471 0 0 14 2 16472 16473 0 0 14 2 16474 16475 0 0 14 2 16476 16477 0 0 14 2 16478 16479 0 0 14 2 16480 16481 0 0 14 2 16482 16483 0 0 14 2 16484 16485 0 0 14 2 16486 16487 0 0 14 2 16488 16489 0 0 14 2 16490 16491 0 0 14 2 16492 16493 0 0 14 2 16494 16495 0 0 14 2 16496 16497 0 0 14 2 16498 16499 0 0 14 2 16500 16501 0 0 14 2 16502 16503 0 0 14 2 16504 16505 0 0 14 2 16506 16507 0 0 14 2 16508 16509 0 0 14 2 16510 16511 0 0 14 2 16512 16513 0 0 14 2 16514 16515 0 0 14 2 16516 16517 0 0 14 2 16518 16519 0 0 14 2 16520 16521 0 0 14 2 16522 16523 0 0 14 2 16524 16525 0 0 14 2 16526 16527 0 0 14 2 16528 16529 0 0 14 2 16530 16531 0 0 14 2 16532 16533 0 0 14 2 16534 16535 0 0 14 2 16536 16537 0 0 14 2 16538 16539 0 0 14 2 16540 16541 0 0 14 2 16542 16543 0 0 14 2 16544 16545 0 0 14 2 16546 16547 0 0 14 2 16548 16549 0 0 14 2 16550 16551 0 0 14 2 16552 16553 0 0 14 2 16554 16555 0 0 14 2 16556 16557 0 0 14 2 16558 16559 0 0 14 2 16560 16561 0 0 14 2 16562 16563 0 0 14 2 16564 16565 0 0 14 2 16566 16567 0 0 14 2 16568 16569 0 0 14 2 16570 16571 0 0 14 2 16572 16573 0 0 14 2 16574 16575 0 0 14 2 16576 16577 0 0 14 2 16578 16579 0 0 14 2 16580 16581 0 0 14 2 16582 16583 0 0 14 2 16584 16585 0 0 14 2 16586 16587 0 0 14 2 16588 16589 0 0 14 2 16590 16591 0 0 14 2 16592 16593 0 0 14 2 16594 16595 0 0 14 2 16596 16597 0 0 14 2 16598 16599 0 0 
14 2 16600 16601 0 0 14 2 16602 16603 0 0 14 2 16604 16605 0 0 14 2 16606 16607 0 0 14 2 16608 16609 0 0 14 2 16610 16611 0 0 14 2 16612 16613 0 0 14 2 16614 16615 0 0 14 2 16616 16617 0 0 14 2 16618 16619 0 0 14 2 16620 16621 0 0 14 2 16622 16623 0 0 14 2 16624 16625 0 0 14 2 16626 16627 0 0 14 2 16628 16629 0 0 14 2 16630 16631 0 0 14 2 16632 16633 0 0 14 2 16634 16635 0 0 14 2 16636 16637 0 0 14 2 16638 16639 0 0 14 2 16640 16641 0 0 14 2 16642 16643 0 0 14 2 16644 16645 0 0 14 2 16646 16647 0 0 14 2 16648 16649 0 0 14 2 16650 16651 0 0 14 2 16652 16653 0 0 14 2 16654 16655 0 0 14 2 16656 16657 0 0 14 2 16658 16659 0 0 14 2 16660 16661 0 0 14 2 16662 16663 0 0 14 2 16664 16665 0 0 14 2 16666 16667 0 0 14 2 16668 16669 0 0 14 2 16670 16671 0 0 14 2 16672 16673 0 0 14 2 16674 16675 0 0 14 2 16676 16677 0 0 14 2 16678 16679 0 0 14 2 16680 16681 0 0 14 2 16682 16683 0 0 14 2 16684 16685 0 0 14 2 16686 16687 0 0 14 2 16688 16689 0 0 14 2 16690 16691 0 0 14 2 16692 16693 0 0 14 2 16694 16695 0 0 14 2 16696 16697 0 0 14 2 16698 16699 0 0 14 2 16700 16701 0 0 14 2 16702 16703 0 0 14 2 16704 16705 0 0 14 2 16706 16707 0 0 14 2 16708 16709 0 0 14 2 16710 16711 0 0 14 2 16712 16713 0 0 14 2 16714 16715 0 0 14 2 16716 16717 0 0 14 2 16718 16719 0 0 14 2 16720 16721 0 0 14 2 16722 16723 0 0 14 2 16724 16725 0 0 14 2 16726 16727 0 0 14 2 16728 16729 0 0 14 2 16730 16731 0 0 14 2 16732 16733 0 0 14 2 16734 16735 0 0 14 2 16736 16737 0 0 14 2 16738 16739 0 0 14 2 16740 16741 0 0 14 2 16742 16743 0 0 14 2 16744 16745 0 0 14 2 16746 16747 0 0 14 2 16748 16749 0 0 14 2 16750 16751 0 0 14 2 16752 16753 0 0 14 2 16754 16755 0 0 14 2 16756 16757 0 0 14 2 16758 16759 0 0 14 2 16760 16761 0 0 14 2 16762 16763 0 0 14 2 16764 16765 0 0 14 2 16766 16767 0 0 14 2 16768 16769 0 0 14 2 16770 16771 0 0 14 2 16772 16773 0 0 14 2 16774 16775 0 0 14 2 16776 16777 0 0 14 2 16778 16779 0 0 14 2 16780 16781 0 0 14 2 16782 16783 0 0 14 2 16784 16785 0 0 14 2 16786 16787 0 0 14 2 16788 16789 0 0 14 2 16790 16791 0 0 14 2 16792 16793 0 0 14 2 16794 16795 0 0 14 2 16796 16797 0 0 14 2 16798 16799 0 0 
14 2 16800 16801 0 0 14 2 16802 16803 0 0 14 2 16804 16805 0 0 14 2 16806 16807 0 0 14 2 16808 16809 0 0 14 2 16810 16811 0 0 14 2 16812 16813 0 0 14 2 16814 16815 0 0 14 2 16816 16817 0 0 14 2 16818 16819 0 0 14 2 16820 16821 0 0 14 2 16822 16823 0 0 14 2 16824 16825 0 0 14 2 16826 16827 0 0 14 2 16828 16829 0 0 14 2 16830 16831 0 0 14 2 16832 16833 0 0 14 2 16834 16835 0 0 14 2 16836 16837 0 0 14 2 16838 16839 0 0 14 2 16840 16841 0 0 14 2 16842 16843 0 0 14 2 16844 16845 0 0 14 2 16846 16847 0 0 14 2 16848 16849 0 0 14 2 16850 16851 0 0 14 2 16852 16853 0 0 14 2 16854 16855 0 0 14 2 16856 16857 0 0 14 2 16858 16859 0 0 14 2 16860 16861 0 0 14 2 16862 16863 0 0 14 2 16864 16865 0 0 14 2 16866 16867 0 0 14 2 16868 16869 0 0 14 2 16870 16871 0 0 14 2 16872 16873 0 0 14 2 16874 16875 0 0 14 2 16876 16877 0 0 14 2 16878 16879 0 0 14 2 16880 16881 0 0 14 2 16882 16883 0 0 14 2 16884 16885 0 0 14 2 16886 16887 0 0 14 2 16888 16889 0 0 14 2 16890 16891 0 0 14 2 16892 16893 0 0 14 2 16894 16895 0 0 14 2 16896 16897 0 0 14 2 16898 16899 0 0 14 2 16900 16901 0 0 14 2 16902 16903 0 0 14 2 16904 16905 0 0 14 2 16906 16907 0 0 14 2 16908 16909 0 0 14 2 16910 16911 0 0 14 2 16912 16913 0 0 14 2 16914 16915 0 0 14 2 16916 16917 0 0 14 2 16918 16919 0 0 14 2 16920 16921 0 0 14 2 16922 16923 0 0 14 2 16924 16925 0 0 14 2 16926 16927 0 0 14 2 16928 16929 0 0 14 2 16930 16931 0 0 14 2 16932 16933 0 0 14 2 16934 16935 0 0 14 2 16936 16937 0 0 14 2 16938 16939 0 0 14 2 16940 16941 0 0 14 2 16942 16943 0 0 14 2 16944 16945 0 0 14 2 16946 16947 0 0 14 2 16948 16949 0 0 14 2 16950 16951 0 0 14 2 16952 16953 0 0 14 2 16954 16955 0 0 14 2 16956 16957 0 0 14 2 16958 16959 0 0 14 2 16960 16961 0 0 14 2 16962 16963 0 0 14 2 16964 16965 0 0 14 2 16966 16967 0 0 14 2 16968 16969 0 0 14 2 16970 16971 0 0 14 2 16972 16973 0 0 14 2 16974 16975 0 0 14 2 16976 16977 0 0 14 2 16978 16979 0 0 14 2 16980 16981 0 0 14 2 16982 16983 0 0 14 2 16984 16985 0 0 14 2 16986 16987 0 0 14 2 16988 16989 0 0 14 2 16990 16991 0 0 14 2 16992 16993 0 0 14 2 16994 16995 0 0 14 2 16996 16997 0 0 14 2 16998 16999 0 0 
0 0 0 0 0 0 0 0 0 0 0 0 0 0 0 0 0 0 0 0 0 0 0 0 0 0 0 0 0 0 0 0 0 0 0 0 0 0 0 0 0 0 0 0 0 0 0 0 0 0 0 0 0 0 0 0 0 0 0 0 0 0 0 0 0 0 0 0 0 0 0 0 0 0 0 0 0 0 0 0 0 0 0 0 0 0 0 0 0 0 0 0 0 0 0 0 0 0 0 0 
0 0 0 0 0 0 0 0 0 0 0 0 0 0 0 0 0 0 0 0 0 0 0 0 0 0 0 0 0 0 0 0 0 0 0 0 0 0 0 0 0 0 0 0 0 0 0 0 0 0 0 0 0 0 0 0 0 0 0 0 0 0 0 0 0 0 0 0 0 0 0 0 0 0 0 0 0 0 0 0 0 0 0 0 0 0 0 0 0 0 0 0 0 0 0 0 0 0 0 0 
0 0 0 0 0 0 0 0 0 0 0 0 0 0 0 0 0 0 0 0 0 0 0 0 0 0 0 0 0 0 0 0 0 0 0 0 0 0 0 0 0 0 0 0 0 0 0 0 0 0 0 0 0 0 0 0 0 0 0 0 0 0 0 0 0 0 0 0 0 0 0 0 0 0 0 0 0 0 0 0 0 0 0 0 0 0 0 0 0 0 0 0 0 0 0 0 0 0 0 0 
0 0 0 0 0 0 0 0 0 0 0 0 0 0 0 0 0 0 0 0 0 0 0 0 0 0 0 0 0 0 0 0 0 0 0 0 0 0 0 0 0 0 0 0 0 0 0 0 0 0 0 0 0 0 0 0 0 0 0 0 0 0 0 0 0 0 0 0 0 0 0 0 0 0 0 0 0 0 0 0 0 0 0 0 0 0 0 0 0 0 0 0 0 0 0 0 0 0 0 0 
0 0 0 0 0 0 0 0 0 0 0 0 0 0 0 0 0 0 0 0 0 0 0 0 0 0 0 0 0 0 0 0 0 0 0 0 0 0 0 0 0 0 0 0 0 0 0 0 0 0 0 0 0 0 0 0 0 0 0 0 0 0 0 0 0 0 0 0 0 0 0 0 0 0 0 0 0 0 0 0 0 0 0 0 0 0 0 0 0 0 0 0 0 0 0 0 0 0 0 0 
0 0 0 0 0 0 0 0 0 0 0 0 0 0 0 0 0 0 0 0 0 0 0 0 0 0 0 0 0 0 0 0 0 0 0 0 0 0 0 0 0 0 0 0 0 0 0 0 0 0 0 0 0 0 0 0 0 0 0 0 0 0 0 0 0 0 0 0 0 0 0 0 0 0 0 0 0 0 0 0 0 0 0 0 0 0 0 0 0 0 0 0 0 0 0 0 0 0 0 0 
0 0 0 0 0 0 0 0 0 0 0 0 0 0 0 0 0 0 0 0 0 0 0 0 0 0 0 0 0 0 0 0 0 0 0 0 0 0 0 0 0 0 0 0 0 0 0 0 0 0 0 0 0 0 0 0 0 0 0 0 0 0 0 0 0 0 0 0 0 0 0 0 0 0 0 0 0 0 0 0 0 0 0 0 0 0 0 0 0 0 0 0 0 0 0 0 0 0 0 0 
0 0 0 0 0 0 0 0 0 0 0 0 0 0 0 0 0 0 0 0 0 0 0 0 0 0 0 0 0 0 0 0 0 0 0 0 0 0 0 0 0 0 0 0 0 0 0 0 0 0 0 0 0 0 0 0 0 0 0 0 0 0 0 0 0 0 0 0 0 0 0 0 0 0 0 0 0 0 0 0 0 0 0 0 0 0 0 0 0 0 0 0 0 0 0 0 0 0 0 0 
0 0 0 0 0 0 0 0 0 0 0 0 0 0 0 0 0 0 0 0 0 0 0 0 0 0 0 0 0 0 0 0 0 0 0 0 0 0 0 0 0 0 0 0 0 0 0 0 0 0 0 0 0 0 0 0 0 0 0 0 0 0 0 0 0 0 0 0 0 0 0 0 0 0 0 0 0 0 0 0 0 0 0 0 0 0 0 0 0 0 0 0 0 0 0 0 0 0 0 0 
0 0 0 0 0 0 0 0 0 0 0 0 0 0 0 0 0 0 0 0 0 0 0 0 0 0 0 0 0 0 0 0 0 0 0 0 0 0 0 0 0 0 0 0 0 0 0 0 0 0 0 0 0 0 0 0 0 0 0 0 0 0 0 0 0 0 0 0 0 0 0 0 0 0 0 0 0 0 0 0 0 0 0 0 0 0 0 0 0 0 0 0 0 0 0 0 0 0 0 0 
0 0 0 0 0 0 0 0 0 0 0 0 0 0 0 0 0 0 0 0 0 0 0 0 0 0 0 0 0 0 0 0 0 0 0 0 0 0 0 0 0 0 0 0 0 0 0 0 0 0 0 0 0 0 0 0 0 0 0 0 0 0 0 0 0 0 0 0 0 0 0 0 0 0 0 0 0 0 0 0 0 0 0 0 0 0 0 0 0 0 0 0 0 0 0 0 0 0 0 0 
0 0 0 0 0 0 0 0 0 0 0 0 0 0 0 0 0 0 0 0 0 0 0 0 0 0 0 0 0 0 0 0 0 0 0 0 0 0 0 0 0 0 0 0 0 0 0 0 0 0 0 0 0 0 0 0 0 0 0 0 0 0 0 0 0 0 0 0 0 0 0 0 0 0 0 0 0 0 0 0 0 0 0 0 0 0 0 0 0 0 0 0 0 0 0 0 0 0 0 0 
0 0 0 0 0 0 0 0 0 0 0 0 0 0 0 0 0 0 0 0 0 0 0 0 0 0 0 0 0 0 0 0 0 0 0 0 0 0 0 0 0 0 0 0 0 0 0 0 0 0 0 0 0 0 0 0 0 0 0 0 0 0 0 0 0 0 0 0 0 0 0 0 0 0 0 0 0 0 0 0 0 0 0 0 0 0 0 0 0 0 0 0 0 0 0 0 0 0 0 0 
0 0 0 0 0 0 0 0 0 0 0 0 0 0 0 0 0 0 0 0 0 0 0 0 0 0 0 0 0 0 0 0 0 0 0 0 0 0 0 0 0 0 0 0 0 0 0 0 0 0 0 0 0 0 0 0 0 0 0 0 0 0 0 0 0 0 0 0 0 0 0 0 0 0 0 0 0 0 0 0 0 0 0 0 0 0 0 0 0 0 0 0 0 0 0 0 0 0 0 0 
0 0 0 0 0 0 0 0 0 0 0 0 0 0 0 0 0 0 0 0 0 0 0 0 0 0 0 0 0 0 0 0 0 0 0 0 0 0 0 0 0 0 0 0 0 0 0 0 0 0 0 0 0 0 0 0 0 0 0 0 0 0 0 0 0 0 0 0 0 0 0 0 0 0 0 0 0 0 0 0 0 0 0 0 0 0 0 0 0 0 0 0 0 0 0 0 0 0 0 0 

0 0 0 0 0 0 0 0 0 0 0 0 0 0 0 0 0 0 0 0 0 0 0 0 0 0 0 0 0 0 0 0 0 0 0 0 0 0 0 0 0 0 0 0 0 0 0 0 0 0 0 0 0 0 0 0 0 0 0 0 0 0 0 0 0 0 0 0 0 0 0 0 0 0 0 0 0 0 0 0 0 0 0 0 0 0 0 0 0 0 0 0 0 0 0 0 0 0 0 0 
0 0 0 0 0 0 0 0 0 0 0 0 0 0 0 0 0 0 0 0 0 0 0 0 0 0 0 0 0 0 0 0 0 0 0 0 0 0 0 0 0 0 0 0 0 0 0 0 0 0 0 0 0 0 0 0 0 0 0 0 0 0 0 0 0 0 0 0 0 0 0 0 0 0 0 0 0 0 0 0 0 0 0 0 0 0 0 0 0 0 0 0 0 0 0 0 0 0 0 0 
0 0 0 0 0 0 0 0 0 0 0 0 0 0 0 0 0 0 0 0 0 0 0 0 0 0 0 0 0 0 0 0 0 0 0 0 0 0 0 0 0 0 0 0 0 0 0 0 0 0 0 0 0 0 0 0 0 0 0 0 0 0 0 0 0 0 0 0 0 0 0 0 0 0 0 0 0 0 0 0 0 0 0 0 0 0 0 0 0 0 0 0 0 0 0 0 0 0 0 0 
0 0 0 0 0 0 0 0 0 0 0 0 0 0 0 0 0 0 0 0 0 0 0 0 0 0 0 0 0 0 0 0 0 0 0 0 0 0 0 0 0 0 0 0 0 0 0 0 0 0 0 0 0 0 0 0 0 0 0 0 0 0 0 0 0 0 0 0 0 0 0 0 0 0 0 0 0 0 0 0 0 0 0 0 0 0 0 0 0 0 0 0 0 0 0 0 0 0 0 0 
0 0 0 0 0 0 0 0 0 0 0 0 0 0 0 0 0 0 0 0 0 0 0 0 0 0 0 0 0 0 0 0 0 0 0 0 0 0 0 0 0 0 0 0 0 0 0 0 0 0 0 0 0 0 0 0 0 0 0 0 0 0 0 0 0 0 0 0 0 0 0 0 0 0 0 0 0 0 0 0 0 0 0 0 0 0 0 0 0 0 0 0 0 0 0 0 0 0 0 0 
0 0 0 0 0 0 0 0 0 0 0 0 0 0 0 0 0 0 0 0 0 0 0 0 0 0 0 0 0 0 0 0 0 0 0 0 0 0 0 0 0 0 0 0 0 0 0 0 0 0 0 0 0 0 0 0 0 0 0 0 0 0 0 0 0 0 0 0 0 0 0 0 0 0 0 0 0 0 0 0 0 0 0 0 0 0 0 0 0 0 0 0 0 0 0 0 0 0 0 0 
0 0 0 0 0 0 0 0 0 0 0 0 0 0 0 0 0 0 0 0 0 0 0 0 0 0 0 0 0 0 0 0 0 0 0 0 0 0 0 0 0 0 0 0 0 0 0 0 0 0 0 0 0 0 0 0 0 0 0 0 0 0 0 0 0 0 0 0 0 0 0 0 0 0 0 0 0 0 0 0 0 0 0 0 0 0 0 0 0 0 0 0 0 0 0 0 0 0 0 0 
0 0 0 0 0 0 0 0 0 0 0 0 0 0 0 0 0 0 0 0 0 0 0 0 0 0 0 0 0 0 0 0 0 0 0 0 0 0 0 0 0 0 0 0 0 0 0 0 0 0 0 0 0 0 0 0 0 0 0 0 0 0 0 0 0 0 0 0 0 0 0 0 0 0 0 0 0 0 0 0 0 0 0 0 0 0 0 0 0 0 0 0 0 0 0 0 0 0 0 0 
0 0 0 0 0 0 0 0 0 0 0 0 0 0 0 0 0 0 0 0 0 0 0 0 0 0 0 0 0 0 0 0 0 0 0 0 0 0 0 0 0 0 0 0 0 0 0 0 0 0 0 0 0 0 0 0 0 0 0 0 0 0 0 0 0 0 0 0 0 0 0 0 0 0 0 0 0 0 0 0 0 0 0 0 0 0 0 0 0 0 0 0 0 0 0 0 0 0 0 0 
0 0 0 0 0 0 0 0 0 0 0 0 0 0 0 0 0 0 0 0 0 0 0 0 0 0 0 0 0 0 0 0 0 0 0 0 0 0 0 0 0 0 0 0 0 0 0 0 0 0 0 0 0 0 0 0 0 0 0 0 0 0 0 0 0 0 0 0 0 0 0 0 0 0 0 0 0 0 0 0 0 0 0 0 0 0 0 0 0 0 0 0 0 0 0 0 0 0 0 0 
0 0 0 0 0 0 0 0 0 0 0 0 0 0 0 0 0 0 0 0 0 0 0 0 0 0 0 0 0 0 0 0 0 0 0 0 0 0 0 0 0 0 0 0 0 0 0 0 0 0 0 0 0 0 0 0 0 0 0 0 0 0 0 0 0 0 0 0 0 0 0 0 0 0 0 0 0 0 0 0 0 0 0 0 0 0 0 0 0 0 0 0 0 0 0 0 0 0 0 0 
0 0 0 0 0 0 0 0 0 0 0 0 0 0 0 0 0 0 0 0 0 0 0 0 0 0 0 0 0 0 0 0 0 0 0 0 0 0 0 0 0 0 0 0 0 0 0 0 0 0 0 0 0 0 0 0 0 0 0 0 0 0 0 0 0 0 0 0 0 0 0 0 0 0 0 0 0 0 0 0 0 0 0 0 0 0 0 0 0 0 0 0 0 0 0 0 0 0 0 0 
0 0 0 0 0 0 0 0 0 0 0 0 0 0 0 0 0 0 0 0 0 0 0 0 0 0 0 0 0 0 0 0 0 0 0 0 0 0 0 0 0 0 0 0 0 0 0 0 0 0 0 0 0 0 0 0 0 0 0 0 0 0 0 0 0 0 0 0 0 0 0 0 0 0 0 0 0 0 0 0 0 0 0 0 0 0 0 0 0 0 0 0 0 0 0 0 0 0 0 0 
0 0 0 0 0 0 0 0 0 0 0 0 0 0 0 0 0 0 0 0 0 0 0 0 0 0 0 0 0 0 0 0 0 0 0 0 0 0 0 0 0 0 0 0 0 0 0 0 0 0 0 0 0 0 0 0 0 0 0 0 0 0 0 0 0 0 0 0 0 0 0 0 0 0 0 0 0 0 0 0 0 0 0 0 0 0 0 0 0 0 0 0 0 0 0 0 0 0 0 0 
0 0 0 0 0 0 0 0 0 0 0 0 0 0 0 0 0 0 0 0 0 0 0 0 0 0 0 0 0 0 0 0 0 0 0 0 0 0 0 0 0 0 0 0 0 0 0 0 0 0 0 0 0 0 0 0 0 0 0 0 0 0 0 0 0 0 0 0 0 0 0 0 0 0 0 0 0 0 0 0 0 0 0 0 0 0 0 0 0 0 0 0 0 0 0 0 0 0 0 0 
0 0 0 0 0 0 0 0 0 0 0 0 0 0 0 0 0 0 0 0 0 0 0 0 0 0 0 0 0 0 0 0 0 0 0 0 0 0 0 0 0 0 0 0 0 0 0 0 0 0 0 0 0 0 0 0 0 0 0 0 0 0 0 0 0 0 0 0 0 0 0 0 0 0 0 0 0 0 0 0 0 0 0 0 0 0 0 0 0 0 0 0 0 0 0 0 0 0 0 0 
0 0 0 0 0 0 0 0 0 0 0 0 0 0 0 0 0 0 0 0 0 0 0 0 0 0 0 0 0 0 0 0 0 0 0 0 0 0 0 0 0 0 0 0 0 0 0 0 0 0 0 0 0 0 0 0 0 0 0 0 0 0 0 0 0 0 0 0 0 0 0 0 0 0 0 0 0 0 0 0 0 0 0 0 0 0 0 0 0 0 0 0 0 0 0 0 0 0 0 0 
0 0 0 0 0 0 0 0 0 0 0 0 0 0 0 0 0 0 0 0 0 0 0 0 0 0 0 0 0 0 0 0 0 0 0 0 0 0 0 0 0 0 0 0 0 0 0 0 0 0 0 0 0 0 0 0 0 0 0 0 0 0 0 0 0 0 0 0 0 0 0 0 0 0 0 0 0 0 0 0 0 0 0 0 0 0 0 0 0 0 0 0 0 0 0 0 0 0 0 0 
0 0 0 0 0 0 0 0 0 0 0 0 0 0 0 0 0 0 0 0 0 0 0 0 0 0 0 0 0 0 0 0 0 0 0 0 0 0 0 0 0 0 0 0 0 0 0 0 0 0 0 0 0 0 0 0 0 0 0 0 0 0 0 0 0 0 0 0 0 0 0 0 0 0 0 0 0 0 0 0 0 0 0 0 0 0 0 0 0 0 0 0 0 0 0 0 0 0 0 0 
0 0 0 0 0 0 0 0 0 0 0 0 0 0 0 0 0 0 0 0 0 0 0 0 0 0 0 0 0 0 0 0 0 0 0 0 0 0 0 0 0 0 0 0 0 0 0 0 0 0 0 0 0 0 0 0 0 0 0 0 0 0 0 0 0 0 0 0 0 0 0 0 0 0 0 0 0 0 0 0 0 0 0 0 0 0 0 0 0 0 0 0 0 0 0 0 0 0 0 0 
0 0 0 0 0 0 0 0 0 0 0 0 0 0 0 0 0 0 0 0 0 0 0 0 0 0 0 0 0 0 0 0 0 0 0 0 0 0 0 0 0 0 0 0 0 0 0 0 0 0 0 0 0 0 0 0 0 0 0 0 0 0 0 0 0 0 0 0 0 0 0 0 0 0 0 0 0 0 0 0 0 0 0 0 0 0 0 0 0 0 0 0 0 0 0 0 0 0 0 0 
0 0 0 0 0 0 0 0 0 0 0 0 0 0 0 0 0 0 0 0 0 0 0 0 0 0 0 0 0 0 0 0 0 0 0 0 0 0 0 0 0 0 0 0 0 0 0 0 0 0 0 0 0 0 0 0 0 0 0 0 0 0 0 0 0 0 0 0 0 0 0 0 0 0 0 0 0 0 0 0 0 0 0 0 0 0 0 0 0 0 0 0 0 0 0 0 0 0 0 0 
0 0 0 0 0 0 0 0 0 0 0 0 0 0 0 0 0 0 0 0 0 0 0 0 0 0 0 0 0 0 0 0 0 0 0 0 0 0 0 0 0 0 0 0 0 0 0 0 0 0 0 0 0 0 0 0 0 0 0 0 0 0 0 0 0 0 0 0 0 0 0 0 0 0 0 0 0 0 0 0 0 0 0 0 0 0 0 0 0 0 0 0 0 0 0 0 0 0 0 0 
0 0 0 0 0 0 0 0 0 0 0 0 0 0 0 0 0 0 0 0 0 0 0 0 0 0 0 0 0 0 0 0 0 0 0 0 0 0 0 0 0 0 0 0 0 0 0 0 0 0 0 0 0 0 0 0 0 0 0 0 0 0 0 0 0 0 0 0 0 0 0 0 0 0 0 0 0 0 0 0 0 0 0 0 0 0 0 0 0 0 0 0 0 0 0 0 0 0 0 0 
0 0 0 0 0 0 0 0 0 0 0 0 0 0 0 0 0 0 0 0 0 0 0 0 0 0 0 0 0 0 0 0 0 0 0 0 0 0 0 0 0 0 0 0 0 0 0 0 0 0 0 0 0 0 0 0 0 0 0 0 0 0 0 0 0 0 0 0 0 0 0 0 0 0 0 0 0 0 0 0 0 0 0 0 0 0 0 0 0 0 0 0 0 0 0 0 0 0 0 0 
0 0 0 0 0 0 0 0 0 0 0 0 0 0 0 0 0 0 0 0 0 0 0 0 0 0 0 0 0 0 0 0 0 0 0 0 0 0 0 0 0 0 0 0 0 0 0 0 0 0 0 0 0 0 0 0 0 0 0 0 0 0 0 0 0 0 0 0 0 0 0 0 0 0 0 0 0 0 0 0 0 0 0 0 0 0 0 0 0 0 0 0 0 0 0 0 0 0 0 0 
0 0 0 0 0 0 0 0 0 0 0 0 0 0 0 0 0 0 0 0 0 0 0 0 0 0 0 0 0 0 0 0 0 0 0 0 0 0 0 0 0 0 0 0 0 0 0 0 0 0 0 0 0 0 0 0 0 0 0 0 0 0 0 0 0 0 0 0 0 0 0 0 0 0 0 0 0 0 0 0 0 0 0 0 0 0 0 0 0 0 0 0 0 0 0 0 0 0 0 0 
0 0 0 0 0 0 0 0 0 0 0 0 0 0 0 0 0 0 0 0 0 0 0 0 0 0 0 0 0 0 0 0 0 0 0 0 0 0 0 0 0 0 0 0 0 0 0 0 0 0 0 0 0 0 0 0 0 0 0 0 0 0 0 0 0 0 0 0 0 0 0 0 0 0 0 0 0 0 0 0 0 0 0 0 0 0 0 0 0 0 0 0 0 0 0 0 0 0 0 0 
0 0 0 0 0 0 0 0 0 0 0 0 0 0 0 0 0 0 0 0 0 0 0 0 0 0 0 0 0 0 0 0 0 0 0 0 0 0 0 0 0 0 0 0 0 0 0 0 0 0 0 0 0 0 0 0 0 0 0 0 0 0 0 0 0 0 0 0 0 0 0 0 0 0 0 0 0 0 0 0 0 0 0 0 0 0 0 0 0 0 0 0 0 0 0 0 0 0 0 0 
0 0 0 0 0 0 0 0 0 0 0 0 0 0 0 0 0 0 0 0 0 0 0 0 0 0 0 0 0 0 0 0 0 0 0 0 0 0 0 0 0 0 0 0 0 0 0 0 0 0 0 0 0 0 0 0 0 0 0 0 0 0 0 0 0 0 0 0 0 0 0 0 0 0 0 0 0 0 0 0 0 0 0 0 0 0 0 0 0 0 0 0 0 0 0 0 0 0 0 0 
0 0 0 0 0 0 0 0 0 0 0 0 0 0 0 0 0 0 0 0 0 0 0 0 0 0 0 0 0 0 0 0 0 0 0 0 0 0 0 0 0 0 0 0 0 0 0 0 0 0 0 0 0 0 0 0 0 0 0 0 0 0 0 0 0 0 0 0 0 0 0 0 0 0 0 0 0 0 0 0 0 0 0 0 0 0 0 0 0 0 0 0 0 0 0 0 0 0 0 0 
0 0 0 0 0 0 0 0 0 0 0 0 0 0 0 0 0 0 0 0 0 0 0 0 0 0 0 0 0 0 0 0 0 0 0 0 0 0 0 0 0 0 0 0 0 0 0 0 0 0 0 0 0 0 0 0 0 0 0 0 0 0 0 0 0 0 0 0 0 0 0 0 0 0 0 0 0 0 0 0 0 0 0 0 0 0 0 0 0 0 0 0 0 0 0 0 0 0 0 0 
0 0 0 0 0 0 0 0 0 0 0 0 0 0 0 0 0 0 0 0 0 0 0 0 0 0 0 0 0 0 0 0 0 0 0 0 0 0 0 0 0 0 0 0 0 0 0 0 0 0 0 0 0 0 0 0 0 0 0 0 0 0 0 0 0 0 0 0 0 0 0 0 0 0 0 0 0 0 0 0 0 0 0 0 0 0 0 0 0 0 0 0 0 0 0 0 0 0 0 0 
0 0 0 0 0 0 0 0 0 0 0 0 0 0 0 0 0 0 0 0 0 0 0 0 0 0 0 0 0 0 0 0 0 0 0 0 0 0 0 0 0 0 0 0 0 0 0 0 0 0 0 0 0 0 0 0 0 0 0 0 0 0 0 0 0 0 0 0 0 0 0 0 0 0 0 0 0 0 0 0 0 0 0 0 0 0 0 0 0 0 0 0 0 0 0 0 0 0 0 0 
0 0 0 0 0 0 0 0 0 0 0 0 0 0 0 0 0 0 0 0 0 0 0 0 0 0 0 0 0 0 0 0 0 0 0 0 0 0 0 0 0 0 0 0 0 0 0 0 0 0 0 0 0 0 0 0 0 0 0 0 0 0 0 0 0 0 0 0 0 0 0 0 0 0 0 0 0 0 0 0 0 0 0 0 0 0 0 0 0 0 0 0 0 0 0 0 0 0 0 0 
0 0 0 0 0 0 0 0 0 0 0 0 0 0 0 0 0 0 0 0 0 0 0 0 0 0 0 0 0 0 0 0 0 0 0 0 0 0 0 0 0 0 0 0 0 0 0 0 0 0 0 0 0 0 0 0 0 0 0 0 0 0 0 0 0 0 0 0 0 0 0 0 0 0 0 0 0 0 0 0 0 0 0 0 0 0 0 0 0 0 0 0 0 0 0 0 0 0 0 0 
0 0 0 0 0 0 0 0 0 0 0 0 0 0 0 0 0 0 0 0 0 0 0 0 0 0 0 0 0 0 0 0 0 0 0 0 0 0 0 0 0 0 0 0 0 0 0 0 0 0 0 0 0 0 0 0 0 0 0 0 0 0 0 0 0 0 0 0 0 0 0 0 0 0 0 0 0 0 0 0 0 0 0 0 0 0 0 0 0 0 0 0 0 0 0 0 0 0 0 0 
0 0 0 0 0 0 0 0 0 0 0 0 0 0 0 0 0 0 0 0 0 0 0 0 0 0 0 0 0 0 0 0 0 0 0 0 0 0 0 0 0 0 0 0 0 0 0 0 0 0 0 0 0 0 0 0 0 0 0 0 0 0 0 0 0 0 0 0 0 0 0 0 0 0 0 0 0 0 0 0 0 0 0 0 0 0 0 0 0 0 0 0 0 0 0 0 0 0 0 0 
0 0 0 0 0 0 0 0 0 0 0 0 0 0 0 0 0 0 0 0 0 0 0 0 0 0 0 0 0 0 0 0 0 0 0 0 0 0 0 0 0 0 0 0 0 0 0 0 0 0 0 0 0 0 0 0 0 0 0 0 0 0 0 0 0 0 0 0 0 0 0 0 0 0 0 0 0 0 0 0 0 0 0 0 0 0 0 0 0 0 0 0 0 0 0 0 0 0 0 0 
0 0 0 0 0 0 0 0 0 0 0 0 0 0 0 0 0 0 0 0 0 0 0 0 0 0 0 0 0 0 0 0 0 0 0 0 0 0 0 0 0 0 0 0 0 0 0 0 0 0 0 0 0 0 0 0 0 0 0 0 0 0 0 0 0 0 0 0 0 0 0 0 0 0 0 0 0 0 0 0 0 0 0 0 0 0 0 0 0 0 0 0 0 0 0 0 0 0 0 0 
0 0 0 0 0 0 0 0 0 0 0 0 0 0 0 0 0 0 0 0 0 0 0 0 0 0 0 0 0 0 0 0 0 0 0 0 0 0 0 0 0 0 0 0 0 0 0 0 0 0 0 0 0 0 0 0 0 0 0 0 0 0 0 0 0 0 0 0 0 0 0 0 0 0 0 0 0 0 0 0 0 0 0 0 0 0 0 0 0 0 0 0 0 0 0 0 0 0 0 0 
0 0 0 0 0 0 0 0 0 0 0 0 0 0 0 0 0 0 0 0 0 0 0 0 0 0 0 0 0 0 0 0 0 0 0 0 0 0 0 0 0 0 0 0 0 0 0 0 0 0 0 0 0 0 0 0 0 0 0 0 0 0 0 0 0 0 0 0 0 0 0 0 0 0 0 0 0 0 0 0 0 0 0 0 0 0 0 0 0 0 0 0 0 0 0 0 0 0 0 0 
0 0 0 0 0 0 0 0 0 0 0 0 0 0 0 0 0 0 0 0 0 0 0 0 0 0 0 0 0 0 0 0 0 0 0 0 0 0 0 0 0 0 0 0 0 0 0 0 0 0 0 0 0 0 0 0 0 0 0 0 0 0 0 0 0 0 0 0 0 0 0 0 0 0 0 0 0 0 0 0 0 0 0 0 0 0 0 0 0 0 0 0 0 0 0 0 0 0 0 0 
0 0 0 0 0 0 0 0 0 0 0 0 0 0 0 0 0 0 0 0 0 0 0 0 0 0 0 0 0 0 0 0 0 0 0 0 0 0 0 0 0 0 0 0 0 0 0 0 0 0 0 0 0 0 0 0 0 0 0 0 0 0 0 0 0 0 0 0 0 0 0 0 0 0 0 0 0 0 0 0 0 0 0 0 0 0 0 0 0 0 0 0 0 0 0 0 0 0 0 0 
0 0 0 0 0 0 0 0 0 0 0 0 0 0 0 0 0 0 0 0 0 0 0 0 0 0 0 0 0 0 0 0 0 0 0 0 0 0 0 0 0 0 0 0 0 0 0 0 0 0 0 0 0 0 0 0 0 0 0 0 0 0 0 0 0 0 0 0 0 0 0 0 0 0 0 0 0 0 0 0 0 0 0 0 0 0 0 0 0 0 0 0 0 0 0 0 0 0 0 0 
0 0 0 0 0 0 0 0 0 0 0 0 0 0 0 0 0 0 0 0 0 0 0 0 0 0 0 0 0 0 0 0 0 0 0 0 0 0 0 0 0 0 0 0 0 0 0 0 0 0 0 0 0 0 0 0 0 0 0 0 0 0 0 0 0 0 0 0 0 0 0 0 0 0 0 0 0 0 0 0 0 0 0 0 0 0 0 0 0 0 0 0 0 0 0 0 0 0 0 0 
0 0 0 0 0 0 0 0 0 0 0 0 0 0 0 0 0 0 0 0 0 0 0 0 0 0 0 0 0 0 0 0 0 0 0 0 0 0 0 0 0 0 0 0 0 0 0 0 0 0 0 0 0 0 0 0 0 0 0 0 0 0 0 0 0 0 0 0 0 0 0 0 0 0 0 0 0 0 0 0 0 0 0 0 0 0 0 0 0 0 0 0 0 0 0 0 0 0 0 0 
0 0 0 0 0 0 0 0 0 0 0 0 0 0 0 0 0 0 0 0 0 0 0 0 0 0 0 0 0 0 0 0 0 0 0 0 0 0 0 0 0 0 0 0 0 0 0 0 0 0 0 0 0 0 0 0 0 0 0 0 0 0 0 0 0 0 0 0 0 0 0 0 0 0 0 0 0 0 0 0 0 0 0 0 0 0 0 0 0 0 0 0 0 0 0 0 0 0 0 0 
0 0 0 0 0 0 0 0 0 0 0 0 0 0 0 0 0 0 0 0 0 0 0 0 0 0 0 0 0 0 0 0 0 0 0 0 0 0 0 0 0 0 0 0 0 0 0 0 0 0 0 0 0 0 0 0 0 0 0 0 0 0 0 0 0 0 0 0 0 0 0 0 0 0 0 0 0 0 0 0 0 0 0 0 0 0 0 0 0 0 0 0 0 0 0 0 0 0 0 0 
0 0 0 0 0 0 0 0 0 0 0 0 0 0 0 0 0 0 0 0 0 0 0 0 0 0 0 0 0 0 0 0 0 0 0 0 0 0 0 0 0 0 0 0 0 0 0 0 0 0 0 0 0 0 0 0 0 0 0 0 0 0 0 0 0 0 0 0 0 0 0 0 0 0 0 0 0 0 0 0 0 0 0 0 0 0 0 0 0 0 0 0 0 0 0 0 0 0 0 0 
0 0 0 0 0 0 0 0 0 0 0 0 0 0 0 0 0 0 0 0 0 0 0 0 0 0 0 0 0 0 0 0 0 0 0 0 0 0 0 0 0 0 0 0 0 0 0 0 0 0 0 0 0 0 0 0 0 0 0 0 0 0 0 0 0 0 0 0 0 0 0 0 0 0 0 0 0 0 0 0 0 0 0 0 0 0 0 0 0 0 0 0 0 0 0 0 0 0 0 0 
0 0 0 0 0 0 0 0 0 0 0 0 0 0 0 0 0 0 0 0 0 0 0 0 0 0 0 0 0 0 0 0 0 0 0 0 0 0 0 0 0 0 0 0 0 0 0 0 0 0 0 0 0 0 0 0 0 0 0 0 0 0 0 0 0 0 0 0 0 0 0 0 0 0 0 0 0 0 0 0 0 0 0 0 0 0 0 0 0 0 0 0 0 0 0 0 0 0 0 0 
0 0 0 0 0 0 0 0 0 0 0 0 0 0 0 0 0 0 0 0 0 0 0 0 0 0 0 0 0 0 0 0 0 0 0 0 0 0 0 0 0 0 0 0 0 0 0 0 0 0 0 0 0 0 0 0 0 0 0 0 0 0 0 0 0 0 0 0 0 0 0 0 0 0 0 0 0 0 0 0 0 0 0 0 0 0 0 0 0 0 0 0 0 0 0 0 0 0 0 0 
0 0 0 0 0 0 0 0 0 0 0 0 0 0 0 0 0 0 0 0 0 0 0 0 0 0 0 0 0 0 0 0 0 0 0 0 0 0 0 0 0 0 0 0 0 0 0 0 0 0 0 0 0 0 0 0 0 0 0 0 0 0 0 0 0 0 0 0 0 0 0 0 0 0 0 0 0 0 0 0 0 0 0 0 0 0 0 0 0 0 0 0 0 0 0 0 0 0 0 0 
0 0 0 0 0 0 0 0 0 0 0 0 0 0 0 0 0 0 0 0 0 0 0 0 0 0 0 0 0 0 0 0 0 0 0 0 0 0 0 0 0 0 0 0 0 0 0 0 0 0 0 0 0 0 0 0 0 0 0 0 0 0 0 0 0 0 0 0 0 0 0 0 0 0 0 0 0 0 0 0 0 0 0 0 0 0 0 0 0 0 0 0 0 0 0 0 0 0 0 0 
0 0 0 0 0 0 0 0 0 0 0 0 0 0 0 0 0 0 0 0 0 0 0 0 0 0 0 0 0 0 0 0 0 0 0 0 0 0 0 0 0 0 0 0 0 0 0 0 0 0 0 0 0 0 0 0 0 0 0 0 0 0 0 0 0 0 0 0 0 0 0 0 0 0 0 0 0 0 0 0 0 0 0 0 0 0 0 0 0 0 0 0 0 0 0 0 0 0 0 0 
0 0 0 0 0 0 0 0 0 0 0 0 0 0 0 0 0 0 0 0 0 0 0 0 0 0 0 0 0 0 0 0 0 0 0 0 0 0 0 0 0 0 0 0 0 0 0 0 0 0 0 0 0 0 0 0 0 0 0 0 0 0 0 0 0 0 0 0 0 0 0 0 0 0 0 0 0 0 0 0 0 0 0 0 0 0 0 0 0 0 0 0 0 0 0 0 0 0 0 0 
0 0 0 0 0 0 0 0 0 0 0 0 0 0 0 0 0 0 0 0 0 0 0 0 0 0 0 0 0 0 0 0 0 0 0 0 0 0 0 0 0 0 0 0 0 0 0 0 0 0 0 0 0 0 0 0 0 0 0 0 0 0 0 0 0 0 0 0 0 0 0 0 0 0 0 0 0 0 0 0 0 0 0 0 0 0 0 0 0 0 0 0 0 0 0 0 0 0 0 0 
0 0 0 0 0 0 0 0 0 0 0 0 0 0 0 0 0 0 0 0 0 0 0 0 0 0 0 0 0 0 0 0 0 0 0 0 0 0 0 0 0 0 0 0 0 0 0 0 0 0 0 0 0 0 0 0 0 0 0 0 0 0 0 0 0 0 0 0 0 0 0 0 0 0 0 0 0 0 0 0 0 0 0 0 0 0 0 0 0 0 0 0 0 0 0 0 0 0 0 0 
0 0 0 0 0 0 0 0 0 0 0 0 0 0 0 0 0 0 0 0 0 0 0 0 0 0 0 0 0 0 0 0 0 0 0 0 0 0 0 0 0 0 0 0 0 0 0 0 0 0 0 0 0 0 0 0 0 0 0 0 0 0 0 0 0 0 0 0 0 0 0 0 0 0 0 0 0 0 0 0 0 0 0 0 0 0 0 0 0 0 0 0 0 0 0 0 0 0 0 0 
0 0 0 0 0 0 0 0 0 0 0 0 0 0 0 0 0 0 0 0 0 0 0 0 0 0 0 0 0 0 0 0 0 0 0 0 0 0 0 0 0 0 0 0 0 0 0 0 0 0 0 0 0 0 0 0 0 0 0 0 0 0 0 0 0 0 0 0 0 0 0 0 0 0 0 0 0 0 0 0 0 0 0 0 0 0 0 0 0 0 0 0 0 0 0 0 0 0 0 0 
14 2 12200 12201 0 0 14 2 12202 12203 0 0 14 2 12204 12205 0 0 14 2 12206 12207 0 0 14 2 12208 12209 0 0 14 2 12210 12211 0 0 14 2 12212 12213 0 0 14 2 12214 12215 0 0 14 2 12216 12217 0 0 14 2 12218 12219 0 0 14 2 12220 12221 0 0 14 2 12222 12223 0 0 14 2 12224 12225 0 0 14 2 12226 12227 0 0 14 2 12228 12229 0 0 14 2 12230 12231 0 0 14 2 12232 12233 0 0 14 2 12234 12235 0 0 14 2 12236 12237 0 0 14 2 12238 12239 0 0 14 2 12240 12241 0 0 14 2 12242 12243 0 0 14 2 12244 12245 0 0 14 2 12246 12247 0 0 14 2 12248 12249 0 0 14 2 12250 12251 0 0 14 2 12252 12253 0 0 14 2 12254 12255 0 0 14 2 12256 12257 0 0 14 2 12258 12259 0 0 14 2 12260 12261 0 0 14 2 12262 12263 0 0 14 2 12264 12265 0 0 14 2 12266 12267 0 0 14 2 12268 12269 0 0 14 2 12270 12271 0 0 14 2 12272 12273 0 0 14 2 12274 12275 0 0 14 2 12276 12277 0 0 14 2 12278 12279 0 0 14 2 12280 12281 0 0 14 2 12282 12283 0 0 14 2 12284 12285 0 0 14 2 12286 12287 0 0 14 2 12288 12289 0 0 14 2 12290 12291 0 0 14 2 12292 12293 0 0 14 2 12294 12295 0 0 14 2 12296 12297 0 0 14 2 12298 12299 0 0 14 2 12300 12301 0 0 14 2 12302 12303 0 0 14 2 12304 12305 0 0 14 2 12306 12307 0 0 14 2 12308 12309 0 0 14 2 12310 12311 0 0 14 2 12312 12313 0 0 14 2 12314 12315 0 0 14 2 12316 12317 0 0 14 2 12318 12319 0 0 14 2 12320 12321 0 0 14 2 12322 12323 0 0 14 2 12324 12325 0 0 14 2 12326 12327 0 0 14 2 12328 12329 0 0 14 2 12330 12331 0 0 14 2 12332 12333 0 0 14 2 12334 12335 0 0 14 2 12336 12337 0 0 14 2 12338 12339 0 0 14 2 12340 12341 0 0 14 2 12342 12343 0 0 14 2 12344 12345 0 0 14 2 12346 12347 0 0 14 2 12348 12349 0 0 14 2 12350 12351 0 0 14 2 12352 12353 0 0 14 2 12354 12355 0 0 14 2 12356 12357 0 0 14 2 12358 12359 0 0 14 2 12360 12361 0 0 14 2 12362 12363 0 0 14 2 12364 12365 0 0 14 2 12366 12367 0 0 14 2 12368 12369 0 0 14 2 12370 12371 0 0 14 2 12372 12373 0 0 14 2 12374 12375 0 0 14 2 12376 12377 0 0 14 2 12378 12379 0 0 14 2 12380 12381 0 0 14 2 12382 12383 0 0 14 2 12384 12385 0 0 14 2 12386 12387 0 0 14 2 12388 12389 0 0 14 2 12390 12391 0 0 14 2 12392 12393 0 0 14 2 12394 12395 0 0 14 2 12396 12397 0 0 14 2 12398 12399 0 0 
14 2 12400 12401 0 0 14 2 12402 12403 0 0 14 2 12404 12405 0 0 14 2 12406 12407 0 0 14 2 12408 12409 0 0 14 2 12410 12411 0 0 14 2 12412 12413 0 0 14 2 12414 12415 0 0 14 2 12416 12417 0 0 14 2 12418 12419 0 0 14 2 12420 12421 0 0 14 2 12422 12423 0 0 14 2 12424 12425 0 0 14 2 12426 12427 0 0 14 2 12428 12429 0 0 14 2 12430 12431 0 0 14 2 12432 12433 0 0 14 2 12434 12435 0 0 14 2 12436 12437 0 0 14 2 12438 12439 0 0 14 2 12440 12441 0 0 14 2 12442 12443 0 0 14 2 12444 12445 0 0 14 2 12446 12447 0 0 14 2 12448 12449 0 0 14 2 12450 12451 0 0 14 2 12452 12453 0 0 14 2 12454 12455 0 0 14 2 12456 12457 0 0 14 2 12458 12459 0 0 14 2 12460 12461 0 0 14 2 12462 12463 0 0 14 2 12464 12465 0 0 14 2 12466 12467 0 0 14 2 12468 12469 0 0 14 2 12470 12471 0 0 14 2 12472 12473 0 0 14 2 12474 12475 0 0 14 2 12476 12477 0 0 14 2 12478 12479 0 0 14 2 12480 12481 0 0 14 2 12482 12483 0 0 14 2 12484 12485 0 0 14 2 12486 12487 0 0 14 2 12488 12489 0 0 14 2 12490 12491 0 0 14 2 12492 12493 0 0 14 2 12494 12495 0 0 14 2 12496 12497 0 0 14 2 12498 12499 0 0 14 2 12500 12501 0 0 14 2 12502 12503 0 0 14 2 12504 12505 0 0 14 2 12506 12507 0 0 14 2 12508 12509 0 0 14 2 12510 12511 0 0 14 2 12512 12513 0 0 14 2 12514 12515 0 0 14 2 12516 12517 0 0 14 2 12518 12519 0 0 14 2 12520 12521 0 0 14 2 12522 12523 0 0 14 2 12524 12525 0 0 14 2 12526 12527 0 0 14 2 12528 12529 0 0 14 2 12530 12531 0 0 14 2 12532 12533 0 0 14 2 12534 12535 0 0 14 2 12536 12537 0 0 14 2 12538 12539 0 0 14 2 12540 12541 0 0 14 2 12542 12543 0 0 14 2 12544 12545 0 0 14 2 12546 12547 0 0 14 2 12548 12549 0 0 14 2 12550 12551 0 0 14 2 12552 12553 0 0 14 2 12554 12555 0 0 14 2 12556 12557 0 0 14 2 12558 12559 0 0 14 2 12560 12561 0 0 14 2 12562 12563 0 0 14 2 12564 12565 0 0 14 2 12566 12567 0 0 14 2 12568 12569 0 0 14 2 12570 12571 0 0 14 2 12572 12573 0 0 14 2 12574 12575 0 0 14 2 12576 12577 0 0 14 2 12578 12579 0 0 14 2 12580 12581 0 0 14 2 12582 12583 0 0 14 2 12584 12585 0 0 14 2 12586 12587 0 0 14 2 12588 12589 0 0 14 2 12590 12591 0 0 14 2 12592 12593 0 0 14 2 12594 12595 0 0 14 2 12596 12597 0 0 14 2 12598 12599 0 0 
14 2 12600 12601 0 0 14 2 12602 12603 0 0 14 2 12604 12605 0 0 14 2 12606 12607 0 0 14 2 12608 12609 0 0 14 2 12610 12611 0 0 14 2 12612 12613 0 0 14 2 12614 12615 0 0 14 2 12616 12617 0 0 14 2 12618 12619 0 0 14 2 12620 12621 0 0 14 2 12622 12623 0 0 14 2 12624 12625 0 0 14 2 12626 12627 0 0 14 2 12628 12629 0 0 14 2 12630 12631 0 0 14 2 12632 12633 0 0 14 2 12634 12635 0 0 14 2 12636 12637 0 0 14 2 12638 12639 0 0 14 2 12640 12641 0 0 14 2 12642 12643 0 0 14 2 12644 12645 0 0 14 2 12646 12647 0 0 14 2 12648 12649 0 0 14 2 12650 12651 0 0 14 2 12652 12653 0 0 14 2 12654 12655 0 0 14 2 12656 12657 0 0 14 2 12658 12659 0 0 14 2 12660 12661 0 0 14 2 12662 12663 0 0 14 2 12664 12665 0 0 14 2 12666 12667 0 0 14 2 12668 12669 0 0 14 2 12670 12671 0 0 14 2 12672 12673 0 0 14 2 12674 12675 0 0 14 2 12676 12677 0 0 14 2 12678 12679 0 0 14 2 12680 12681 0 0 14 2 12682 12683 0 0 14 2 12684 12685 0 0 14 2 12686 12687 0 0 14 2 12688 12689 0 0 14 2 12690 12691 0 0 14 2 12692 12693 0 0 14 2 12694 12695 0 0 14 2 12696 12697 0 0 14 2 12698 12699 0 0 14 2 12700 12701 0 0 14 2 12702 12703 0 0 14 2 12704 12705 0 0 14 2 12706 12707 0 0 14 2 12708 12709 0 0 14 2 12710 12711 0 0 14 2 12712 12713 0 0 14 2 12714 12715 0 0 14 2 12716 12717 0 0 14 2 12718 12719 0 0 14 2 12720 12721 0 0 14 2 12722 12723 0 0 14 2 12724 12725 0 0 14 2 12726 12727 0 0 14 2 12728 12729 0 0 14 2 12730 12731 0 0 14 2 12732 12733 0 0 14 2 12734 12735 0 0 14 2 12736 12737 0 0 14 2 12738 12739 0 0 14 2 12740 12741 0 0 14 2 12742 12743 0 0 14 2 12744 12745 0 0 14 2 12746 12747 0 0 14 2 12748 12749 0 0 14 2 12750 12751 0 0 14 2 12752 12753 0 0 14 2 12754 12755 0 0 14 2 12756 12757 0 0 14 2 12758 12759 0 0 14 2 12760 12761 0 0 14 2 12762 12763 0 0 14 2 12764 12765 0 0 14 2 12766 12767 0 0 14 2 12768 12769 0 0 14 2 12770 12771 0 0 14 2 12772 12773 0 0 14 2 12774 12775 0 0 14 2 12776 12777 0 0 14 2 12778 12779 0 0 14 2 12780 12781 0 0 14 2 12782 12783 0 0 14 2 12784 12785 0 0 14 2 12786 12787 0 0 14 2 12788 12789 0 0 14 2 12790 12791 0 0 14 2 12792 12793 0 0 14 2 12794 12795 0 0 14 2 12796 12797 0 0 14 2 12798 12799 0 0 
14 2 12800 12801 0 0 14 2 12802 12803 0 0 14 2 12804 12805 0 0 14 2 12806 12807 0 0 14 2 12808 12809 0 0 14 2 12810 12811 0 0 14 2 12812 12813 0 0 14 2 12814 12815 0 0 14 2 12816 12817 0 0 14 2 12818 12819 0 0 14 2 12820 12821 0 0 14 2 12822 12823 0 0 14 2 12824 12825 0 0 14 2 12826 12827 0 0 14 2 12828 12829 0 0 14 2 12830 12831 0 0 14 2 12832 12833 0 0 14 2 12834 12835 0 0 14 2 12836 12837 0 0 14 2 12838 12839 0 0 14 2 12840 12841 0 0 14 2 12842 12843 0 0 14 2 12844 12845 0 0 14 2 12846 12847 0 0 14 2 12848 12849 0 0 14 2 12850 12851 0 0 14 2 12852 12853 0 0 14 2 12854 12855 0 0 14 2 12856 12857 0 0 14 2 12858 12859 0 0 14 2 12860 12861 0 0 14 2 12862 12863 0 0 14 2 12864 12865 0 0 14 2 12866 12867 0 0 14 2 12868 12869 0 0 14 2 12870 12871 0 0 14 2 12872 12873 0 0 14 2 12874 12875 0 0 14 2 12876 12877 0 0 14 2 12878 12879 0 0 14 2 12880 12881 0 0 14 2 12882 12883 0 0 14 2 12884 12885 0 0 14 2 12886 12887 0 0 14 2 12888 12889 0 0 14 2 12890 12891 0 0 14 2 12892 12893 0 0 14 2 12894 12895 0 0 14 2 12896 12897 0 0 14 2 12898 12899 0 0 14 2 12900 12901 0 0 14 2 12902 12903 0 0 14 2 12904 12905 0 0 14 2 12906 12907 0 0 14 2 12908 12909 0 0 14 2 12910 12911 0 0 14 2 12912 12913 0 0 14 2 12914 12915 0 0 14 2 12916 12917 0 0 14 2 12918 12919 0 0 14 2 12920 12921 0 0 14 2 12922 12923 0 0 14 2 12924 12925 0 0 14 2 12926 12927 0 0 14 2 12928 12929 0 0 14 2 12930 12931 0 0 14 2 12932 12933 0 0 14 2 12934 12935 0 0 14 2 12936 12937 0 0 14 2 12938 12939 0 0 14 2 12940 12941 0 0 14 2 12942 12943 0 0 14 2 12944 12945 0 0 14 2 12946 12947 0 0 14 2 12948 12949 0 0 14 2 12950 12951 0 0 14 2 12952 12953 0 0 14 2 12954 12955 0 0 14 2 12956 12957 0 0 14 2 12958 12959 0 0 14 2 12960 12961 0 0 14 2 12962 12963 0 0 14 2 12964 12965 0 0 14 2 12966 12967 0 0 14 2 12968 12969 0 0 14 2 12970 12971 0 0 14 2 12972 12973 0 0 14 2 12974 12975 0 0 14 2 12976 12977 0 0 14 2 12978 12979 0 0 14 2 12980 12981 0 0 14 2 12982 12983 0 0 14 2 12984 12985 0 0 14 2 12986 12987 0 0 14 2 12988 12989 0 0 14 2 12990 12991 0 0 14 2 12992 12993 0 0 14 2 12994 12995 0 0 14 2 12996 12997 0 0 14 2 12998 12999 0 0 
0 0 0 0 0 0 0 0 0 0 0 0 0 0 0 0 0 0 0 0 0 0 0 0 0 0 0 0 0 0 0 0 0 0 0 0 0 0 0 0 0 0 0 0 0 0 0 0 0 0 0 0 0 0 0 0 0 0 0 0 0 0 0 0 0 0 0 0 0 0 0 0 0 0 0 0 0 0 0 0 0 0 0 0 0 0 0 0 0 0 0 0 0 0 0 0 0 0 0 0 
0 0 0 0 0 0 0 0 0 0 0 0 0 0 0 0 0 0 0 0 0 0 0 0 0 0 0 0 0 0 0 0 0 0 0 0 0 0 0 0 0 0 0 0 0 0 0 0 0 0 0 0 0 0 0 0 0 0 0 0 0 0 0 0 0 0 0 0 0 0 0 0 0 0 0 0 0 0 0 0 0 0 0 0 0 0 0 0 0 0 0 0 0 0 0 0 0 0 0 0 
0 0 0 0 0 0 0 0 0 0 0 0 0 0 0 0 0 0 0 0 0 0 0 0 0 0 0 0 0 0 0 0 0 0 0 0 0 0 0 0 0 0 0 0 0 0 0 0 0 0 0 0 0 0 0 0 0 0 0 0 0 0 0 0 0 0 0 0 0 0 0 0 0 0 0 0 0 0 0 0 0 0 0 0 0 0 0 0 0 0 0 0 0 0 0 0 0 0 0 0 
0 0 0 0 0 0 0 0 0 0 0 0 0 0 0 0 0 0 0 0 0 0 0 0 0 0 0 0 0 0 0 0 0 0 0 0 0 0 0 0 0 0 0 0 0 0 0 0 0 0 0 0 0 0 0 0 0 0 0 0 0 0 0 0 0 0 0 0 0 0 0 0 0 0 0 0 0 0 0 0 0 0 0 0 0 0 0 0 0 0 0 0 0 0 0 0 0 0 0 0 
0 0 0 0 0 0 0 0 0 0 0 0 0 0 0 0 0 0 0 0 0 0 0 0 0 0 0 0 0 0 0 0 0 0 0 0 0 0 0 0 0 0 0 0 0 0 0 0 0 0 0 0 0 0 0 0 0 0 0 0 0 0 0 0 0 0 0 0 0 0 0 0 0 0 0 0 0 0 0 0 0 0 0 0 0 0 0 0 0 0 0 0 0 0 0 0 0 0 0 0 
0 0 0 0 0 0 0 0 0 0 0 0 0 0 0 0 0 0 0 0 0 0 0 0 0 0 0 0 0 0 0 0 0 0 0 0 0 0 0 0 0 0 0 0 0 0 0 0 0 0 0 0 0 0 0 0 0 0 0 0 0 0 0 0 0 0 0 0 0 0 0 0 0 0 0 0 0 0 0 0 0 0 0 0 0 0 0 0 0 0 0 0 0 0 0 0 0 0 0 0 
0 0 0 0 0 0 0 0 0 0 0 0 0 0 0 0 0 0 0 0 0 0 0 0 0 0 0 0 0 0 0 0 0 0 0 0 0 0 0 0 0 0 0 0 0 0 0 0 0 0 0 0 0 0 0 0 0 0 0 0 0 0 0 0 0 0 0 0 0 0 0 0 0 0 0 0 0 0 0 0 0 0 0 0 0 0 0 0 0 0 0 0 0 0 0 0 0 0 0 0 
0 0 0 0 0 0 0 0 0 0 0 0 0 0 0 0 0 0 0 0 0 0 0 0 0 0 0 0 0 0 0 0 0 0 0 0 0 0 0 0 0 0 0 0 0 0 0 0 0 0 0 0 0 0 0 0 0 0 0 0 0 0 0 0 0 0 0 0 0 0 0 0 0 0 0 0 0 0 0 0 0 0 0 0 0 0 0 0 0 0 0 0 0 0 0 0 0 0 0 0 
0 0 0 0 0 0 0 0 0 0 0 0 0 0 0 0 0 0 0 0 0 0 0 0 0 0 0 0 0 0 0 0 0 0 0 0 0 0 0 0 0 0 0 0 0 0 0 0 0 0 0 0 0 0 0 0 0 0 0 0 0 0 0 0 0 0 0 0 0 0 0 0 0 0 0 0 0 0 0 0 0 0 0 0 0 0 0 0 0 0 0 0 0 0 0 0 0 0 0 0 
0 0 0 0 0 0 0 0 0 0 0 0 0 0 0 0 0 0 0 0 0 0 0 0 0 0 0 0 0 0 0 0 0 0 0 0 0 0 0 0 0 0 0 0 0 0 0 0 0 0 0 0 0 0 0 0 0 0 0 0 0 0 0 0 0 0 0 0 0 0 0 0 0 0 0 0 0 0 0 0 0 0 0 0 0 0 0 0 0 0 0 0 0 0 0 0 0 0 0 0 
0 0 0 0 0 0 0 0 0 0 0 0 0 0 0 0 0 0 0 0 0 0 0 0 0 0 0 0 0 0 0 0 0 0 0 0 0 0 0 0 0 0 0 0 0 0 0 0 0 0 0 0 0 0 0 0 0 0 0 0 0 0 0 0 0 0 0 0 0 0 0 0 0 0 0 0 0 0 0 0 0 0 0 0 0 0 0 0 0 0 0 0 0 0 0 0 0 0 0 0 
0 0 0 0 0 0 0 0 0 0 0 0 0 0 0 0 0 0 0 0 0 0 0 0 0 0 0 0 0 0 0 0 0 0 0 0 0 0 0 0 0 0 0 0 0 0 0 0 0 0 0 0 0 0 0 0 0 0 0 0 0 0 0 0 0 0 0 0 0 0 0 0 0 0 0 0 0 0 0 0 0 0 0 0 0 0 0 0 0 0 0 0 0 0 0 0 0 0 0 0 
0 0 0 0 0 0 0 0 0 0 0 0 0 0 0 0 0 0 0 0 0 0 0 0 0 0 0 0 0 0 0 0 0 0 0 0 0 0 0 0 0 0 0 0 0 0 0 0 0 0 0 0 0 0 0 0 0 0 0 0 0 0 0 0 0 0 0 0 0 0 0 0 0 0 0 0 0 0 0 0 0 0 0 0 0 0 0 0 0 0 0 0 0 0 0 0 0 0 0 0 
0 0 0 0 0 0 0 0 0 0 0 0 0 0 0 0 0 0 0 0 0 0 0 0 0 0 0 0 0 0 0 0 0 0 0 0 0 0 0 0 0 0 0 0 0 0 0 0 0 0 0 0 0 0 0 0 0 0 0 0 0 0 0 0 0 0 0 0 0 0 0 0 0 0 0 0 0 0 0 0 0 0 0 0 0 0 0 0 0 0 0 0 0 0 0 0 0 0 0 0 
0 0 0 0 0 0 0 0 0 0 0 0 0 0 0 0 0 0 0 0 0 0 0 0 0 0 0 0 0 0 0 0 0 0 0 0 0 0 0 0 0 0 0 0 0 0 0 0 0 0 0 0 0 0 0 0 0 0 0 0 0 0 0 0 0 0 0 0 0 0 0 0 0 0 0 0 0 0 0 0 0 0 0 0 0 0 0 0 0 0 0 0 0 0 0 0 0 0 0 0 
0 0 0 0 0 0 0 0 0 0 0 0 0 0 0 0 0 0 0 0 0 0 0 0 0 0 0 0 0 0 0 0 0 0 0 0 0 0 0 0 0 0 0 0 0 0 0 0 0 0 0 0 0 0 0 0 0 0 0 0 0 0 0 0 0 0 0 0 0 0 0 0 0 0 0 0 0 0 0 0 0 0 0 0 0 0 0 0 0 0 0 0 0 0 0 0 0 0 0 0 
0 0 0 0 0 0 0 0 0 0 0 0 0 0 0 0 0 0 0 0 0 0 0 0 0 0 0 0 0 0 0 0 0 0 0 0 0 0 0 0 0 0 0 0 0 0 0 0 0 0 0 0 0 0 0 0 0 0 0 0 0 0 0 0 0 0 0 0 0 0 0 0 0 0 0 0 0 0 0 0 0 0 0 0 0 0 0 0 0 0 0 0 0 0 0 0 0 0 0 0 
0 0 0 0 0 0 0 0 0 0 0 0 0 0 0 0 0 0 0 0 0 0 0 0 0 0 0 0 0 0 0 0 0 0 0 0 0 0 0 0 0 0 0 0 0 0 0 0 0 0 0 0 0 0 0 0 0 0 0 0 0 0 0 0 0 0 0 0 0 0 0 0 0 0 0 0 0 0 0 0 0 0 0 0 0 0 0 0 0 0 0 0 0 0 0 0 0 0 0 0 
0 0 0 0 0 0 0 0 0 0 0 0 0 0 0 0 0 0 0 0 0 0 0 0 0 0 0 0 0 0 0 0 0 0 0 0 0 0 0 0 0 0 0 0 0 0 0 0 0 0 0 0 0 0 0 0 0 0 0 0 0 0 0 0 0 0 0 0 0 0 0 0 0 0 0 0 0 0 0 0 0 0 0 0 0 0 0 0 0 0 0 0 0 0 0 0 0 0 0 0 
14 2 16800 16801 0 0 14 2 16802 16803 0 0 14 2 16804 16805 0 0 14 2 16806 16807 0 0 14 2 16808 16809 0 0 14 2 16810 16811 0 0 14 2 16812 16813 0 0 14 2 16814 16815 0 0 14 2 16816 16817 0 0 14 2 16818 16819 0 0 14 2 16820 16821 0 0 14 2 16822 16823 0 0 14 2 16824 16825 0 0 14 2 16826 16827 0 0 14 2 16828 16829 0 0 14 2 16830 16831 0 0 14 2 16832 16833 0 0 14 2 16834 16835 0 0 14 2 16836 16837 0 0 14 2 16838 16839 0 0 14 2 16840 16841 0 0 14 2 16842 16843 0 0 14 2 16844 16845 0 0 14 2 16846 16847 0 0 14 2 16848 16849 0 0 14 2 16850 16851 0 0 14 2 16852 16853 0 0 14 2 16854 16855 0 0 14 2 16856 16857 0 0 14 2 16858 16859 0 0 14 2 16860 16861 0 0 14 2 16862 16863 0 0 14 2 16864 16865 0 0 14 2 16866 16867 0 0 14 2 16868 16869 0 0 14 2 16870 16871 0 0 14 2 16872 16873 0 0 14 2 16874 16875 0 0 14 2 16876 16877 0 0 14 2 16878 16879 0 0 14 2 16880 16881 0 0 14 2 16882 16883 0 0 14 2 16884 16885 0 0 14 2 16886 16887 0 0 14 2 16888 16889 0 0 14 2 16890 16891 0 0 14 2 16892 16893 0 0 14 2 16894 16895 0 0 14 2 16896 16897 0 0 14 2 16898 16899 0 0 14 2 16900 16901 0 0 14 2 16902 16903 0 0 14 2 16904 16905 0 0 14 2 16906 16907 0 0 14 2 16908 16909 0 0 14 2 16910 16911 0 0 14 2 16912 16913 0 0 14 2 16914 16915 0 0 14 2 16916 16917 0 0 14 2 16918 16919 0 0 14 2 16920 16921 0 0 14 2 16922 16923 0 0 14 2 16924 16925 0 0 14 2 16926 16927 0 0 14 2 16928 16929 0 0 14 2 16930 16931 0 0 14 2 16932 16933 0 0 14 2 16934 16935 0 0 14 2 16936 16937 0 0 14 2 16938 16939 0 0 14 2 16940 16941 0 0 14 2 16942 16943 0 0 14 2 16944 16945 0 0 14 2 16946 16947 0 0 14 2 16948 16949 0 0 14 2 16950 16951 0 0 14 2 16952 16953 0 0 14 2 16954 16955 0 0 14 2 16956 16957 0 0 14 2 16958 16959 0 0 14 2 16960 16961 0 0 14 2 16962 16963 0 0 14 2 16964 16965 0 0 14 2 16966 16967 0 0 14 2 16968 16969 0 0 14 2 16970 16971 0 0 14 2 16972 16973 0 0 14 2 16974 16975 0 0 14 2 16976 16977 0 0 14 2 16978 16979 0 0 14 2 16980 16981 0 0 14 2 16982 16983 0 0 14 2 16984 16985 0 0 14 2 16986 16987 0 0 14 2 16988 16989 0 0 14 2 16990 16991 0 0 14 2 16992 16993 0 0 14 2 16994 16995 0 0 14 2 16996 16997 0 0 14 2 16998 16999 0 0 
14 2 17000 17001 0 0 14 2 17002 17003 0 0 14 2 17004 17005 0 0 14 2 17006 17007 0 0 14 2 17008 17009 0 0 14 2 17010 17011 0 0 14 2 17012 17013 0 0 14 2 17014 17015 0 0 14 2 17016 17017 0 0 14 2 17018 17019 0 0 14 2 17020 17021 0 0 14 2 17022 17023 0 0 14 2 17024 17025 0 0 14 2 17026 17027 0 0 14 2 17028 17029 0 0 14 2 17030 17031 0 0 14 2 17032 17033 0 0 14 2 17034 17035 0 0 14 2 17036 17037 0 0 14 2 17038 17039 0 0 14 2 17040 17041 0 0 14 2 17042 17043 0 0 14 2 17044 17045 0 0 14 2 17046 17047 0 0 14 2 17048 17049 0 0 14 2 17050 17051 0 0 14 2 17052 17053 0 0 14 2 17054 17055 0 0 14 2 17056 17057 0 0 14 2 17058 17059 0 0 14 2 17060 17061 0 0 14 2 17062 17063 0 0 14 2 17064 17065 0 0 14 2 17066 17067 0 0 14 2 17068 17069 0 0 14 2 17070 17071 0 0 14 2 17072 17073 0 0 14 2 17074 17075 0 0 14 2 17076 17077 0 0 14 2 17078 17079 0 0 14 2 17080 17081 0 0 14 2 17082 17083 0 0 14 2 17084 17085 0 0 14 2 17086 17087 0 0 14 2 17088 17089 0 0 14 2 17090 17091 0 0 14 2 17092 17093 0 0 14 2 17094 17095 0 0 14 2 17096 17097 0 0 14 2 17098 17099 0 0 14 2 17100 17101 0 0 14 2 17102 17103 0 0 14 2 17104 17105 0 0 14 2 17106 17107 0 0 14 2 17108 17109 0 0 14 2 17110 17111 0 0 14 2 17112 17113 0 0 14 2 17114 17115 0 0 14 2 17116 17117 0 0 14 2 17118 17119 0 0 14 2 17120 17121 0 0 14 2 17122 17123 0 0 14 2 17124 17125 0 0 14 2 17126 17127 0 0 14 2 17128 17129 0 0 14 2 17130 17131 0 0 14 2 17132 17133 0 0 14 2 17134 17135 0 0 14 2 17136 17137 0 0 14 2 17138 17139 0 0 14 2 17140 17141 0 0 14 2 17142 17143 0 0 14 2 17144 17145 0 0 14 2 17146 17147 0 0 14 2 17148 17149 0 0 14 2 17150 17151 0 0 14 2 17152 17153 0 0 14 2 17154 17155 0 0 14 2 17156 17157 0 0 14 2 17158 17159 0 0 14 2 17160 17161 0 0 14 2 17162 17163 0 0 14 2 17164 17165 0 0 14 2 17166 17167 0 0 14 2 17168 17169 0 0 14 2 17170 17171 0 0 14 2 17172 17173 0 0 14 2 17174 17175 0 0 14 2 17176 17177 0 0 14 2 17178 17179 0 0 14 2 17180 17181 0 0 14 2 17182 17183 0 0 14 2 17184 17185 0 0 14 2 17186 17187 0 0 14 2 17188 17189 0 0 14 2 17190 17191 0 0 14 2 17192 17193 0 0 14 2 17194 17195 0 0 14 2 17196 17197 0 0 14 2 17198 17199 0 0 
14 2 17200 17201 0 0 14 2 17202 17203 0 0 14 2 17204 17205 0 0 14 2 17206 17207 0 0 14 2 17208 17209 0 0 14 2 17210 17211 0 0 14 2 17212 17213 0 0 14 2 17214 17215 0 0 14 2 17216 17217 0 0 14 2 17218 17219 0 0 14 2 17220 17221 0 0 14 2 17222 17223 0 0 14 2 17224 17225 0 0 14 2 17226 17227 0 0 14 2 17228 17229 0 0 14 2 17230 17231 0 0 14 2 17232 17233 0 0 14 2 17234 17235 0 0 14 2 17236 17237 0 0 14 2 17238 17239 0 0 14 2 17240 17241 0 0 14 2 17242 17243 0 0 14 2 17244 17245 0 0 14 2 17246 17247 0 0 14 2 17248 17249 0 0 14 2 17250 17251 0 0 14 2 17252 17253 0 0 14 2 17254 17255 0 0 14 2 17256 17257 0 0 14 2 17258 17259 0 0 14 2 17260 17261 0 0 14 2 17262 17263 0 0 14 2 17264 17265 0 0 14 2 17266 17267 0 0 14 2 17268 17269 0 0 14 2 17270 17271 0 0 14 2 17272 17273 0 0 14 2 17274 17275 0 0 14 2 17276 17277 0 0 14 2 17278 17279 0 0 14 2 17280 17281 0 0 14 2 17282 17283 0 0 14 2 17284 17285 0 0 14 2 17286 17287 0 0 14 2 17288 17289 0 0 14 2 17290 17291 0 0 14 2 17292 17293 0 0 14 2 17294 17295 0 0 14 2 17296 17297 0 0 14 2 17298 17299 0 0 14 2 17300 17301 0 0 14 2 17302 17303 0 0 14 2 17304 17305 0 0 14 2 17306 17307 0 0 14 2 17308 17309 0 0 14 2 17310 17311 0 0 14 2 17312 17313 0 0 14 2 17314 17315 0 0 14 2 17316 17317 0 0 14 2 17318 17319 0 0 14 2 17320 17321 0 0 14 2 17322 17323 0 0 14 2 17324 17325 0 0 14 2 17326 17327 0 0 14 2 17328 17329 0 0 14 2 17330 17331 0 0 14 2 17332 17333 0 0 14 2 17334 17335 0 0 14 2 17336 17337 0 0 14 2 17338 17339 0 0 14 2 17340 17341 0 0 14 2 17342 17343 0 0 14 2 17344 17345 0 0 14 2 17346 17347 0 0 14 2 17348 17349 0 0 14 2 17350 17351 0 0 14 2 17352 17353 0 0 14 2 17354 17355 0 0 14 2 17356 17357 0 0 14 2 17358 17359 0 0 14 2 17360 17361 0 0 14 2 17362 17363 0 0 14 2 17364 17365 0 0 14 2 17366 17367 0 0 14 2 17368 17369 0 0 14 2 17370 17371 0 0 14 2 17372 17373 0 0 14 2 17374 17375 0 0 14 2 17376 17377 0 0 14 2 17378 17379 0 0 14 2 17380 17381 0 0 14 2 17382 17383 0 0 14 2 17384 17385 0 0 14 2 17386 17387 0 0 14 2 17388 17389 0 0 14 2 17390 17391 0 0 14 2 17392 17393 0 0 14 2 17394 17395 0 0 14 2 17396 17397 0 0 14 2 17398 17399 0 0 
0 0 0 0 0 0 0 0 0 0 0 0 0 0 0 0 0 0 0 0 0 0 0 0 0 0 0 0 0 0 0 0 0 0 0 0 0 0 0 0 0 0 0 0 0 0 0 0 0 0 0 0 0 0 0 0 0 0 0 0 0 0 0 0 0 0 0 0 0 0 0 0 0 0 0 0 0 0 0 0 0 0 0 0 0 0 0 0 0 0 0 0 0 0 0 0 0 0 0 0 
0 0 0 0 0 0 0 0 0 0 0 0 0 0 0 0 0 0 0 0 0 0 0 0 0 0 0 0 0 0 0 0 0 0 0 0 0 0 0 0 0 0 0 0 0 0 0 0 0 0 0 0 0 0 0 0 0 0 0 0 0 0 0 0 0 0 0 0 0 0 0 0 0 0 0 0 0 0 0 0 0 0 0 0 0 0 0 0 0 0 0 0 0 0 0 0 0 0 0 0 
0 0 0 0 0 0 0 0 0 0 0 0 0 0 0 0 0 0 0 0 0 0 0 0 0 0 0 0 0 0 0 0 0 0 0 0 0 0 0 0 0 0 0 0 0 0 0 0 0 0 0 0 0 0 0 0 0 0 0 0 0 0 0 0 0 0 0 0 0 0 0 0 0 0 0 0 0 0 0 0 0 0 0 0 0 0 0 0 0 0 0 0 0 0 0 0 0 0 0 0 
0 0 0 0 0 0 0 0 0 0 0 0 0 0 0 0 0 0 0 0 0 0 0 0 0 0 0 0 0 0 0 0 0 0 0 0 0 0 0 0 0 0 0 0 0 0 0 0 0 0 0 0 0 0 0 0 0 0 0 0 0 0 0 0 0 0 0 0 0 0 0 0 0 0 0 0 0 0 0 0 0 0 0 0 0 0 0 0 0 0 0 0 0 0 0 0 0 0 0 0 
0 0 0 0 0 0 0 0 0 0 0 0 0 0 0 0 0 0 0 0 0 0 0 0 0 0 0 0 0 0 0 0 0 0 0 0 0 0 0 0 0 0 0 0 0 0 0 0 0 0 0 0 0 0 0 0 0 0 0 0 0 0 0 0 0 0 0 0 0 0 0 0 0 0 0 0 0 0 0 0 0 0 0 0 0 0 0 0 0 0 0 0 0 0 0 0 0 0 0 0 
0 0 0 0 0 0 0 0 0 0 0 0 0 0 0 0 0 0 0 0 0 0 0 0 0 0 0 0 0 0 0 0 0 0 0 0 0 0 0 0 0 0 0 0 0 0 0 0 0 0 0 0 0 0 0 0 0 0 0 0 0 0 0 0 0 0 0 0 0 0 0 0 0 0 0 0 0 0 0 0 0 0 0 0 0 0 0 0 0 0 0 0 0 0 0 0 0 0 0 0 
0 0 0 0 0 0 0 0 0 0 0 0 0 0 0 0 0 0 0 0 0 0 0 0 0 0 0 0 0 0 0 0 0 0 0 0 0 0 0 0 0 0 0 0 0 0 0 0 0 0 0 0 0 0 0 0 0 0 0 0 0 0 0 0 0 0 0 0 0 0 0 0 0 0 0 0 0 0 0 0 0 0 0 0 0 0 0 0 0 0 0 0 0 0 0 0 0 0 0 0 
0 0 0 0 0 0 0 0 0 0 0 0 0 0 0 0 0 0 0 0 0 0 0 0 0 0 0 0 0 0 0 0 0 0 0 0 0 0 0 0 0 0 0 0 0 0 0 0 0 0 0 0 0 0 0 0 0 0 0 0 0 0 0 0 0 0 0 0 0 0 0 0 0 0 0 0 0 0 0 0 0 0 0 0 0 0 0 0 0 0 0 0 0 0 0 0 0 0 0 0 
0 0 0 0 0 0 0 0 0 0 0 0 0 0 0 0 0 0 0 0 0 0 0 0 0 0 0 0 0 0 0 0 0 0 0 0 0 0 0 0 0 0 0 0 0 0 0 0 0 0 0 0 0 0 0 0 0 0 0 0 0 0 0 0 0 0 0 0 0 0 0 0 0 0 0 0 0 0 0 0 0 0 0 0 0 0 0 0 0 0 0 0 0 0 0 0 0 0 0 0 
0 0 0 0 0 0 0 0 0 0 0 0 0 0 0 0 0 0 0 0 0 0 0 0 0 0 0 0 0 0 0 0 0 0 0 0 0 0 0 0 0 0 0 0 0 0 0 0 0 0 0 0 0 0 0 0 0 0 0 0 0 0 0 0 0 0 0 0 0 0 0 0 0 0 0 0 0 0 0 0 0 0 0 0 0 0 0 0 0 0 0 0 0 0 0 0 0 0 0 0 
0 0 0 0 0 0 0 0 0 0 0 0 0 0 0 0 0 0 0 0 0 0 0 0 0 0 0 0 0 0 0 0 0 0 0 0 0 0 0 0 0 0 0 0 0 0 0 0 0 0 0 0 0 0 0 0 0 0 0 0 0 0 0 0 0 0 0 0 0 0 0 0 0 0 0 0 0 0 0 0 0 0 0 0 0 0 0 0 0 0 0 0 0 0 0 0 0 0 0 0 
0 0 0 0 0 0 0 0 0 0 0 0 0 0 0 0 0 0 0 0 0 0 0 0 0 0 0 0 0 0 0 0 0 0 0 0 0 0 0 0 0 0 0 0 0 0 0 0 0 0 0 0 0 0 0 0 0 0 0 0 0 0 0 0 0 0 0 0 0 0 0 0 0 0 0 0 0 0 0 0 0 0 0 0 0 0 0 0 0 0 0 0 0 0 0 0 0 0 0 0 
0 0 0 0 0 0 0 0 0 0 0 0 0 0 0 0 0 0 0 0 0 0 0 0 0 0 0 0 0 0 0 0 0 0 0 0 0 0 0 0 0 0 0 0 0 0 0 0 0 0 0 0 0 0 0 0 0 0 0 0 0 0 0 0 0 0 0 0 0 0 0 0 0 0 0 0 0 0 0 0 0 0 0 0 0 0 0 0 0 0 0 0 0 0 0 0 0 0 0 0 

0 0 0 0 0 0 0 0 0 0 0 0 0 0 0 0 0 0 0 0 0 0 0 0 0 0 0 0 0 0 0 0 0 0 0 0 0 0 0 0 0 0 0 0 0 0 0 0 0 0 0 0 0 0 0 0 0 0 0 0 0 0 0 0 0 0 0 0 0 0 0 0 0 0 0 0 0 0 0 0 0 0 0 0 0 0 0 0 0 0 0 0 0 0 0 0 0 0 0 0 
0 0 0 0 0 0 0 0 0 0 0 0 0 0 0 0 0 0 0 0 0 0 0 0 0 0 0 0 0 0 0 0 0 0 0 0 0 0 0 0 0 0 0 0 0 0 0 0 0 0 0 0 0 0 0 0 0 0 0 0 0 0 0 0 0 0 0 0 0 0 0 0 0 0 0 0 0 0 0 0 0 0 0 0 0 0 0 0 0 0 0 0 0 0 0 0 0 0 0 0 
0 0 0 0 0 0 0 0 0 0 0 0 0 0 0 0 0 0 0 0 0 0 0 0 0 0 0 0 0 0 0 0 0 0 0 0 0 0 0 0 0 0 0 0 0 0 0 0 0 0 0 0 0 0 0 0 0 0 0 0 0 0 0 0 0 0 0 0 0 0 0 0 0 0 0 0 0 0 0 0 0 0 0 0 0 0 0 0 0 0 0 0 0 0 0 0 0 0 0 0 
0 0 0 0 0 0 0 0 0 0 0 0 0 0 0 0 0 0 0 0 0 0 0 0 0 0 0 0 0 0 0 0 0 0 0 0 0 0 0 0 0 0 0 0 0 0 0 0 0 0 0 0 0 0 0 0 0 0 0 0 0 0 0 0 0 0 0 0 0 0 0 0 0 0 0 0 0 0 0 0 0 0 0 0 0 0 0 0 0 0 0 0 0 0 0 0 0 0 0 0 
0 0 0 0 0 0 0 0 0 0 0 0 0 0 0 0 0 0 0 0 0 0 0 0 0 0 0 0 0 0 0 0 0 0 0 0 0 0 0 0 0 0 0 0 0 0 0 0 0 0 0 0 0 0 0 0 0 0 0 0 0 0 0 0 0 0 0 0 0 0 0 0 0 0 0 0 0 0 0 0 0 0 0 0 0 0 0 0 0 0 0 0 0 0 0 0 0 0 0 0 
0 0 0 0 0 0 0 0 0 0 0 0 0 0 0 0 0 0 0 0 0 0 0 0 0 0 0 0 0 0 0 0 0 0 0 0 0 0 0 0 0 0 0 0 0 0 0 0 0 0 0 0 0 0 0 0 0 0 0 0 0 0 0 0 0 0 0 0 0 0 0 0 0 0 0 0 0 0 0 0 0 0 0 0 0 0 0 0 0 0 0 0 0 0 0 0 0 0 0 0 
0 0 0 0 0 0 0 0 0 0 0 0 0 0 0 0 0 0 0 0 0 0 0 0 0 0 0 0 0 0 0 0 0 0 0 0 0 0 0 0 0 0 0 0 0 0 0 0 0 0 0 0 0 0 0 0 0 0 0 0 0 0 0 0 0 0 0 0 0 0 0 0 0 0 0 0 0 0 0 0 0 0 0 0 0 0 0 0 0 0 0 0 0 0 0 0 0 0 0 0 
0 0 0 0 0 0 0 0 0 0 0 0 0 0 0 0 0 0 0 0 0 0 0 0 0 0 0 0 0 0 0 0 0 0 0 0 0 0 0 0 0 0 0 0 0 0 0 0 0 0 0 0 0 0 0 0 0 0 0 0 0 0 0 0 0 0 0 0 0 0 0 0 0 0 0 0 0 0 0 0 0 0 0 0 0 0 0 0 0 0 0 0 0 0 0 0 0 0 0 0 
0 0 0 0 0 0 0 0 0 0 0 0 0 0 0 0 0 0 0 0 0 0 0 0 0 0 0 0 0 0 0 0 0 0 0 0 0 0 0 0 0 0 0 0 0 0 0 0 0 0 0 0 0 0 0 0 0 0 0 0 0 0 0 0 0 0 0 0 0 0 0 0 0 0 0 0 0 0 0 0 0 0 0 0 0 0 0 0 0 0 0 0 0 0 0 0 0 0 0 0 
0 0 0 0 0 0 0 0 0 0 0 0 0 0 0 0 0 0 0 0 0 0 0 0 0 0 0 0 0 0 0 0 0 0 0 0 0 0 0 0 0 0 0 0 0 0 0 0 0 0 0 0 0 0 0 0 0 0 0 0 0 0 0 0 0 0 0 0 0 0 0 0 0 0 0 0 0 0 0 0 0 0 0 0 0 0 0 0 0 0 0 0 0 0 0 0 0 0 0 0 
0 0 0 0 0 0 0 0 0 0 0 0 0 0 0 0 0 0 0 0 0 0 0 0 0 0 0 0 0 0 0 0 0 0 0 0 0 0 0 0 0 0 0 0 0 0 0 0 0 0 0 0 0 0 0 0 0 0 0 0 0 0 0 0 0 0 0 0 0 0 0 0 0 0 0 0 0 0 0 0 0 0 0 0 0 0 0 0 0 0 0 0 0 0 0 0 0 0 0 0 
0 0 0 0 0 0 0 0 0 0 0 0 0 0 0 0 0 0 0 0 0 0 0 0 0 0 0 0 0 0 0 0 0 0 0 0 0 0 0 0 0 0 0 0 0 0 0 0 0 0 0 0 0 0 0 0 0 0 0 0 0 0 0 0 0 0 0 0 0 0 0 0 0 0 0 0 0 0 0 0 0 0 0 0 0 0 0 0 0 0 0 0 0 0 0 0 0 0 0 0 
0 0 0 0 0 0 0 0 0 0 0 0 0 0 0 0 0 0 0 0 0 0 0 0 0 0 0 0 0 0 0 0 0 0 0 0 0 0 0 0 0 0 0 0 0 0 0 0 0 0 0 0 0 0 0 0 0 0 0 0 0 0 0 0 0 0 0 0 0 0 0 0 0 0 0 0 0 0 0 0 0 0 0 0 0 0 0 0 0 0 0 0 0 0 0 0 0 0 0 0 
0 0 0 0 0 0 0 0 0 0 0 0 0 0 0 0 0 0 0 0 0 0 0 0 0 0 0 0 0 0 0 0 0 0 0 0 0 0 0 0 0 0 0 0 0 0 0 0 0 0 0 0 0 0 0 0 0 0 0 0 0 0 0 0 0 0 0 0 0 0 0 0 0 0 0 0 0 0 0 0 0 0 0 0 0 0 0 0 0 0 0 0 0 0 0 0 0 0 0 0 
0 0 0 0 0 0 0 0 0 0 0 0 0 0 0 0 0 0 0 0 0 0 0 0 0 0 0 0 0 0 0 0 0 0 0 0 0 0 0 0 0 0 0 0 0 0 0 0 0 0 0 0 0 0 0 0 0 0 0 0 0 0 0 0 0 0 0 0 0 0 0 0 0 0 0 0 0 0 0 0 0 0 0 0 0 0 0 0 0 0 0 0 0 0 0 0 0 0 0 0 
0 0 0 0 0 0 0 0 0 0 0 0 0 0 0 0 0 0 0 0 0 0 0 0 0 0 0 0 0 0 0 0 0 0 0 0 0 0 0 0 0 0 0 0 0 0 0 0 0 0 0 0 0 0 0 0 0 0 0 0 0 0 0 0 0 0 0 0 0 0 0 0 0 0 0 0 0 0 0 0 0 0 0 0 0 0 0 0 0 0 0 0 0 0 0 0 0 0 0 0 
0 0 0 0 0 0 0 0 0 0 0 0 0 0 0 0 0 0 0 0 0 0 0 0 0 0 0 0 0 0 0 0 0 0 0 0 0 0 0 0 0 0 0 0 0 0 0 0 0 0 0 0 0 0 0 0 0 0 0 0 0 0 0 0 0 0 0 0 0 0 0 0 0 0 0 0 0 0 0 0 0 0 0 0 0 0 0 0 0 0 0 0 0 0 0 0 0 0 0 0 
0 0 0 0 0 0 0 0 0 0 0 0 0 0 0 0 0 0 0 0 0 0 0 0 0 0 0 0 0 0 0 0 0 0 0 0 0 0 0 0 0 0 0 0 0 0 0 0 0 0 0 0 0 0 0 0 0 0 0 0 0 0 0 0 0 0 0 0 0 0 0 0 0 0 0 0 0 0 0 0 0 0 0 0 0 0 0 0 0 0 0 0 0 0 0 0 0 0 0 0 
0 0 0 0 0 0 0 0 0 0 0 0 0 0 0 0 0 0 0 0 0 0 0 0 0 0 0 0 0 0 0 0 0 0 0 0 0 0 0 0 0 0 0 0 0 0 0 0 0 0 0 0 0 0 0 0 0 0 0 0 0 0 0 0 0 0 0 0 0 0 0 0 0 0 0 0 0 0 0 0 0 0 0 0 0 0 0 0 0 0 0 0 0 0 0 0 0 0 0 0 
0 0 0 0 0 0 0 0 0 0 0 0 0 0 0 0 0 0 0 0 0 0 0 0 0 0 0 0 0 0 0 0 0 0 0 0 0 0 0 0 0 0 0 0 0 0 0 0 0 0 0 0 0 0 0 0 0 0 0 0 0 0 0 0 0 0 0 0 0 0 0 0 0 0 0 0 0 0 0 0 0 0 0 0 0 0 0 0 0 0 0 0 0 0 0 0 0 0 0 0 
0 0 0 0 0 0 0 0 0 0 0 0 0 0 0 0 0 0 0 0 0 0 0 0 0 0 0 0 0 0 0 0 0 0 0 0 0 0 0 0 0 0 0 0 0 0 0 0 0 0 0 0 0 0 0 0 0 0 0 0 0 0 0 0 0 0 0 0 0 0 0 0 0 0 0 0 0 0 0 0 0 0 0 0 0 0 0 0 0 0 0 0 0 0 0 0 0 0 0 0 
0 0 0 0 0 0 0 0 0 0 0 0 0 0 0 0 0 0 0 0 0 0 0 0 0 0 0 0 0 0 0 0 0 0 0 0 0 0 0 0 0 0 0 0 0 0 0 0 0 0 0 0 0 0 0 0 0 0 0 0 0 0 0 0 0 0 0 0 0 0 0 0 0 0 0 0 0 0 0 0 0 0 0 0 0 0 0 0 0 0 0 0 0 0 0 0 0 0 0 0 
0 0 0 0 0 0 0 0 0 0 0 0 0 0 0 0 0 0 0 0 0 0 0 0 0 0 0 0 0 0 0 0 0 0 0 0 0 0 0 0 0 0 0 0 0 0 0 0 0 0 0 0 0 0 0 0 0 0 0 0 0 0 0 0 0 0 0 0 0 0 0 0 0 0 0 0 0 0 0 0 0 0 0 0 0 0 0 0 0 0 0 0 0 0 0 0 0 0 0 0 
0 0 0 0 0 0 0 0 0 0 0 0 0 0 0 0 0 0 0 0 0 0 0 0 0 0 0 0 0 0 0 0 0 0 0 0 0 0 0 0 0 0 0 0 0 0 0 0 0 0 0 0 0 0 0 0 0 0 0 0 0 0 0 0 0 0 0 0 0 0 0 0 0 0 0 0 0 0 0 0 0 0 0 0 0 0 0 0 0 0 0 0 0 0 0 0 0 0 0 0 
0 0 0 0 0 0 0 0 0 0 0 0 0 0 0 0 0 0 0 0 0 0 0 0 0 0 0 0 0 0 0 0 0 0 0 0 0 0 0 0 0 0 0 0 0 0 0 0 0 0 0 0 0 0 0 0 0 0 0 0 0 0 0 0 0 0 0 0 0 0 0 0 0 0 0 0 0 0 0 0 0 0 0 0 0 0 0 0 0 0 0 0 0 0 0 0 0 0 0 0 
0 0 0 0 0 0 0 0 0 0 0 0 0 0 0 0 0 0 0 0 0 0 0 0 0 0 0 0 0 0 0 0 0 0 0 0 0 0 0 0 0 0 0 0 0 0 0 0 0 0 0 0 0 0 0 0 0 0 0 0 0 0 0 0 0 0 0 0 0 0 0 0 0 0 0 0 0 0 0 0 0 0 0 0 0 0 0 0 0 0 0 0 0 0 0 0 0 0 0 0 
0 0 0 0 0 0 0 0 0 0 0 0 0 0 0 0 0 0 0 0 0 0 0 0 0 0 0 0 0 0 0 0 0 0 0 0 0 0 0 0 0 0 0 0 0 0 0 0 0 0 0 0 0 0 0 0 0 0 0 0 0 0 0 0 0 0 0 0 0 0 0 0 0 0 0 0 0 0 0 0 0 0 0 0 0 0 0 0 0 0 0 0 0 0 0 0 0 0 0 0 
0 0 0 0 0 0 0 0 0 0 0 0 0 0 0 0 0 0 0 0 0 0 0 0 0 0 0 0 0 0 0 0 0 0 0 0 0 0 0 0 0 0 0 0 0 0 0 0 0 0 0 0 0 0 0 0 0 0 0 0 0 0 0 0 0 0 0 0 0 0 0 0 0 0 0 0 0 0 0 0 0 0 0 0 0 0 0 0 0 0 0 0 0 0 0 0 0 0 0 0 
0 0 0 0 0 0 0 0 0 0 0 0 0 0 0 0 0 0 0 0 0 0 0 0 0 0 0 0 0 0 0 0 0 0 0 0 0 0 0 0 0 0 0 0 0 0 0 0 0 0 0 0 0 0 0 0 0 0 0 0 0 0 0 0 0 0 0 0 0 0 0 0 0 0 0 0 0 0 0 0 0 0 0 0 0 0 0 0 0 0 0 0 0 0 0 0 0 0 0 0 
0 0 0 0 0 0 0 0 0 0 0 0 0 0 0 0 0 0 0 0 0 0 0 0 0 0 0 0 0 0 0 0 0 0 0 0 0 0 0 0 0 0 0 0 0 0 0 0 0 0 0 0 0 0 0 0 0 0 0 0 0 0 0 0 0 0 0 0 0 0 0 0 0 0 0 0 0 0 0 0 0 0 0 0 0 0 0 0 0 0 0 0 0 0 0 0 0 0 0 0 
0 0 0 0 0 0 0 0 0 0 0 0 0 0 0 0 0 0 0 0 0 0 0 0 0 0 0 0 0 0 0 0 0 0 0 0 0 0 0 0 0 0 0 0 0 0 0 0 0 0 0 0 0 0 0 0 0 0 0 0 0 0 0 0 0 0 0 0 0 0 0 0 0 0 0 0 0 0 0 0 0 0 0 0 0 0 0 0 0 0 0 0 0 0 0 0 0 0 0 0 
0 0 0 0 0 0 0 0 0 0 0 0 0 0 0 0 0 0 0 0 0 0 0 0 0 0 0 0 0 0 0 0 0 0 0 0 0 0 0 0 0 0 0 0 0 0 0 0 0 0 0 0 0 0 0 0 0 0 0 0 0 0 0 0 0 0 0 0 0 0 0 0 0 0 0 0 0 0 0 0 0 0 0 0 0 0 0 0 0 0 0 0 0 0 0 0 0 0 0 0 
0 0 0 0 0 0 0 0 0 0 0 0 0 0 0 0 0 0 0 0 0 0 0 0 0 0 0 0 0 0 0 0 0 0 0 0 0 0 0 0 0 0 0 0 0 0 0 0 0 0 0 0 0 0 0 0 0 0 0 0 0 0 0 0 0 0 0 0 0 0 0 0 0 0 0 0 0 0 0 0 0 0 0 0 0 0 0 0 0 0 0 0 0 0 0 0 0 0 0 0 
0 0 0 0 0 0 0 0 0 0 0 0 0 0 0 0 0 0 0 0 0 0 0 0 0 0 0 0 0 0 0 0 0 0 0 0 0 0 0 0 0 0 0 0 0 0 0 0 0 0 0 0 0 0 0 0 0 0 0 0 0 0 0 0 0 0 0 0 0 0 0 0 0 0 0 0 0 0 0 0 0 0 0 0 0 0 0 0 0 0 0 0 0 0 0 0 0 0 0 0 
0 0 0 0 0 0 0 0 0 0 0 0 0 0 0 0 0 0 0 0 0 0 0 0 0 0 0 0 0 0 0 0 0 0 0 0 0 0 0 0 0 0 0 0 0 0 0 0 0 0 0 0 0 0 0 0 0 0 0 0 0 0 0 0 0 0 0 0 0 0 0 0 0 0 0 0 0 0 0 0 0 0 0 0 0 0 0 0 0 0 0 0 0 0 0 0 0 0 0 0 
0 0 0 0 0 0 0 0 0 0 0 0 0 0 0 0 0 0 0 0 0 0 0 0 0 0 0 0 0 0 0 0 0 0 0 0 0 0 0 0 0 0 0 0 0 0 0 0 0 0 0 0 0 0 0 0 0 0 0 0 0 0 0 0 0 0 0 0 0 0 0 0 0 0 0 0 0 0 0 0 0 0 0 0 0 0 0 0 0 0 0 0 0 0 0 0 0 0 0 0 
0 0 0 0 0 0 0 0 0 0 0 0 0 0 0 0 0 0 0 0 0 0 0 0 0 0 0 0 0 0 0 0 0 0 0 0 0 0 0 0 0 0 0 0 0 0 0 0 0 0 0 0 0 0 0 0 0 0 0 0 0 0 0 0 0 0 0 0 0 0 0 0 0 0 0 0 0 0 0 0 0 0 0 0 0 0 0 0 0 0 0 0 0 0 0 0 0 0 0 0 
0 0 0 0 0 0 0 0 0 0 0 0 0 0 0 0 0 0 0 0 0 0 0 0 0 0 0 0 0 0 0 0 0 0 0 0 0 0 0 0 0 0 0 0 0 0 0 0 0 0 0 0 0 0 0 0 0 0 0 0 0 0 0 0 0 0 0 0 0 0 0 0 0 0 0 0 0 0 0 0 0 0 0 0 0 0 0 0 0 0 0 0 0 0 0 0 0 0 0 0 
0 0 0 0 0 0 0 0 0 0 0 0 0 0 0 0 0 0 0 0 0 0 0 0 0 0 0 0 0 0 0 0 0 0 0 0 0 0 0 0 0 0 0 0 0 0 0 0 0 0 0 0 0 0 0 0 0 0 0 0 0 0 0 0 0 0 0 0 0 0 0 0 0 0 0 0 0 0 0 0 0 0 0 0 0 0 0 0 0 0 0 0 0 0 0 0 0 0 0 0 
0 0 0 0 0 0 0 0 0 0 0 0 0 0 0 0 0 0 0 0 0 0 0 0 0 0 0 0 0 0 0 0 0 0 0 0 0 0 0 0 0 0 0 0 0 0 0 0 0 0 0 0 0 0 0 0 0 0 0 0 0 0 0 0 0 0 0 0 0 0 0 0 0 0 0 0 0 0 0 0 0 0 0 0 0 0 0 0 0 0 0 0 0 0 0 0 0 0 0 0 
0 0 0 0 0 0 0 0 0 0 0 0 0 0 0 0 0 0 0 0 0 0 0 0 0 0 0 0 0 0 0 0 0 0 0 0 0 0 0 0 0 0 0 0 0 0 0 0 0 0 0 0 0 0 0 0 0 0 0 0 0 0 0 0 0 0 0 0 0 0 0 0 0 0 0 0 0 0 0 0 0 0 0 0 0 0 0 0 0 0 0 0 0 0 0 0 0 0 0 0 
0 0 0 0 0 0 0 0 0 0 0 0 0 0 0 0 0 0 0 0 0 0 0 0 0 0 0 0 0 0 0 0 0 0 0 0 0 0 0 0 0 0 0 0 0 0 0 0 0 0 0 0 0 0 0 0 0 0 0 0 0 0 0 0 0 0 0 0 0 0 0 0 0 0 0 0 0 0 0 0 0 0 0 0 0 0 0 0 0 0 0 0 0 0 0 0 0 0 0 0 
0 0 0 0 0 0 0 0 0 0 0 0 0 0 0 0 0 0 0 0 0 0 0 0 0 0 0 0 0 0 0 0 0 0 0 0 0 0 0 0 0 0 0 0 0 0 0 0 0 0 0 0 0 0 0 0 0 0 0 0 0 0 0 0 0 0 0 0 0 0 0 0 0 0 0 0 0 0 0 0 0 0 0 0 0 0 0 0 0 0 0 0 0 0 0 0 0 0 0 0 
0 0 0 0 0 0 0 0 0 0 0 0 0 0 0 0 0 0 0 0 0 0 0 0 0 0 0 0 0 0 0 0 0 0 0 0 0 0 0 0 0 0 0 0 0 0 0 0 0 0 0 0 0 0 0 0 0 0 0 0 0 0 0 0 0 0 0 0 0 0 0 0 0 0 0 0 0 0 0 0 0 0 0 0 0 0 0 0 0 0 0 0 0 0 0 0 0 0 0 0 
0 0 0 0 0 0 0 0 0 0 0 0 0 0 0 0 0 0 0 0 0 0 0 0 0 0 0 0 0 0 0 0 0 0 0 0 0 0 0 0 0 0 0 0 0 0 0 0 0 0 0 0 0 0 0 0 0 0 0 0 0 0 0 0 0 0 0 0 0 0 0 0 0 0 0 0 0 0 0 0 0 0 0 0 0 0 0 0 0 0 0 0 0 0 0 0 0 0 0 0 
0 0 0 0 0 0 0 0 0 0 0 0 0 0 0 0 0 0 0 0 0 0 0 0 0 0 0 0 0 0 0 0 0 0 0 0 0 0 0 0 0 0 0 0 0 0 0 0 0 0 0 0 0 0 0 0 0 0 0 0 0 0 0 0 0 0 0 0 0 0 0 0 0 0 0 0 0 0 0 0 0 0 0 0 0 0 0 0 0 0 0 0 0 0 0 0 0 0 0 0 
0 0 0 0 0 0 0 0 0 0 0 0 0 0 0 0 0 0 0 0 0 0 0 0 0 0 0 0 0 0 0 0 0 0 0 0 0 0 0 0 0 0 0 0 0 0 0 0 0 0 0 0 0 0 0 0 0 0 0 0 0 0 0 0 0 0 0 0 0 0 0 0 0 0 0 0 0 0 0 0 0 0 0 0 0 0 0 0 0 0 0 0 0 0 0 0 0 0 0 0 
0 0 0 0 0 0 0 0 0 0 0 0 0 0 0 0 0 0 0 0 0 0 0 0 0 0 0 0 0 0 0 0 0 0 0 0 0 0 0 0 0 0 0 0 0 0 0 0 0 0 0 0 0 0 0 0 0 0 0 0 0 0 0 0 0 0 0 0 0 0 0 0 0 0 0 0 0 0 0 0 0 0 0 0 0 0 0 0 0 0 0 0 0 0 0 0 0 0 0 0 
0 0 0 0 0 0 0 0 0 0 0 0 0 0 0 0 0 0 0 0 0 0 0 0 0 0 0 0 0 0 0 0 0 0 0 0 0 0 0 0 0 0 0 0 0 0 0 0 0 0 0 0 0 0 0 0 0 0 0 0 0 0 0 0 0 0 0 0 0 0 0 0 0 0 0 0 0 0 0 0 0 0 0 0 0 0 0 0 0 0 0 0 0 0 0 0 0 0 0 0 
0 0 0 0 0 0 0 0 0 0 0 0 0 0 0 0 0 0 0 0 0 0 0 0 0 0 0 0 0 0 0 0 0 0 0 0 0 0 0 0 0 0 0 0 0 0 0 0 0 0 0 0 0 0 0 0 0 0 0 0 0 0 0 0 0 0 0 0 0 0 0 0 0 0 0 0 0 0 0 0 0 0 0 0 0 0 0 0 0 0 0 0 0 0 0 0 0 0 0 0 
0 0 0 0 0 0 0 0 0 0 0 0 0 0 0 0 0 0 0 0 0 0 0 0 0 0 0 0 0 0 0 0 0 0 0 0 0 0 0 0 0 0 0 0 0 0 0 0 0 0 0 0 0 0 0 0 0 0 0 0 0 0 0 0 0 0 0 0 0 0 0 0 0 0 0 0 0 0 0 0 0 0 0 0 0 0 0 0 0 0 0 0 0 0 0 0 0 0 0 0 
0 0 0 0 0 0 0 0 0 0 0 0 0 0 0 0 0 0 0 0 0 0 0 0 0 0 0 0 0 0 0 0 0 0 0 0 0 0 0 0 0 0 0 0 0 0 0 0 0 0 0 0 0 0 0 0 0 0 0 0 0 0 0 0 0 0 0 0 0 0 0 0 0 0 0 0 0 0 0 0 0 0 0 0 0 0 0 0 0 0 0 0 0 0 0 0 0 0 0 0 
0 0 0 0 0 0 0 0 0 0 0 0 0 0 0 0 0 0 0 0 0 0 0 0 0 0 0 0 0 0 0 0 0 0 0 0 0 0 0 0 0 0 0 0 0 0 0 0 0 0 0 0 0 0 0 0 0 0 0 0 0 0 0 0 0 0 0 0 0 0 0 0 0 0 0 0 0 0 0 0 0 0 0 0 0 0 0 0 0 0 0 0 0 0 0 0 0 0 0 0 
0 0 0 0 0 0 0 0 0 0 0 0 0 0 0 0 0 0 0 0 0 0 0 0 0 0 0 0 0 0 0 0 0 0 0 0 0 0 0 0 0 0 0 0 0 0 0 0 0 0 0 0 0 0 0 0 0 0 0 0 0 0 0 0 0 0 0 0 0 0 0 0 0 0 0 0 0 0 0 0 0 0 0 0 0 0 0 0 0 0 0 0 0 0 0 0 0 0 0 0 
0 0 0 0 0 0 0 0 0 0 0 0 0 0 0 0 0 0 0 0 0 0 0 0 0 0 0 0 0 0 0 0 0 0 0 0 0 0 0 0 0 0 0 0 0 0 0 0 0 0 0 0 0 0 0 0 0 0 0 0 0 0 0 0 0 0 0 0 0 0 0 0 0 0 0 0 0 0 0 0 0 0 0 0 0 0 0 0 0 0 0 0 0 0 0 0 0 0 0 0 
0 0 0 0 0 0 0 0 0 0 0 0 0 0 0 0 0 0 0 0 0 0 0 0 0 0 0 0 0 0 0 0 0 0 0 0 0 0 0 0 0 0 0 0 0 0 0 0 0 0 0 0 0 0 0 0 0 0 0 0 0 0 0 0 0 0 0 0 0 0 0 0 0 0 0 0 0 0 0 0 0 0 0 0 0 0 0 0 0 0 0 0 0 0 0 0 0 0 0 0 
0 0 0 0 0 0 0 0 0 0 0 0 0 0 0 0 0 0 0 0 0 0 0 0 0 0 0 0 0 0 0 0 0 0 0 0 0 0 0 0 0 0 0 0 0 0 0 0 0 0 0 0 0 0 0 0 0 0 0 0 0 0 0 0 0 0 0 0 0 0 0 0 0 0 0 0 0 0 0 0 0 0 0 0 0 0 0 0 0 0 0 0 0 0 0 0 0 0 0 0 
0 0 0 0 0 0 0 0 0 0 0 0 0 0 0 0 0 0 0 0 0 0 0 0 0 0 0 0 0 0 0 0 0 0 0 0 0 0 0 0 0 0 0 0 0 0 0 0 0 0 0 0 0 0 0 0 0 0 0 0 0 0 0 0 0 0 0 0 0 0 0 0 0 0 0 0 0 0 0 0 0 0 0 0 0 0 0 0 0 0 0 0 0 0 0 0 0 0 0 0 
0 0 0 0 0 0 0 0 0 0 0 0 0 0 0 0 0 0 0 0 0 0 0 0 0 0 0 0 0 0 0 0 0 0 0 0 0 0 0 0 0 0 0 0 0 0 0 0 0 0 0 0 0 0 0 0 0 0 0 0 0 0 0 0 0 0 0 0 0 0 0 0 0 0 0 0 0 0 0 0 0 0 0 0 0 0 0 0 0 0 0 0 0 0 0 0 0 0 0 0 
14 2 11800 11801 0 0 14 2 11802 11803 0 0 14 2 11804 11805 0 0 14 2 11806 11807 0 0 14 2 11808 11809 0 0 14 2 11810 11811 0 0 14 2 11812 11813 0 0 14 2 11814 11815 0 0 14 2 11816 11817 0 0 14 2 11818 11819 0 0 14 2 11820 11821 0 0 14 2 11822 11823 0 0 14 2 11824 11825 0 0 14 2 11826 11827 0 0 14 2 11828 11829 0 0 14 2 11830 11831 0 0 14 2 11832 11833 0 0 14 2 11834 11835 0 0 14 2 11836 11837 0 0 14 2 11838 11839 0 0 14 2 11840 11841 0 0 14 2 11842 11843 0 0 14 2 11844 11845 0 0 14 2 11846 11847 0 0 14 2 11848 11849 0 0 14 2 11850 11851 0 0 14 2 11852 11853 0 0 14 2 11854 11855 0 0 14 2 11856 11857 0 0 14 2 11858 11859 0 0 14 2 11860 11861 0 0 14 2 11862 11863 0 0 14 2 11864 11865 0 0 14 2 11866 11867 0 0 14 2 11868 11869 0 0 14 2 11870 11871 0 0 14 2 11872 11873 0 0 14 2 11874 11875 0 0 14 2 11876 11877 0 0 14 2 11878 11879 0 0 14 2 11880 11881 0 0 14 2 11882 11883 0 0 14 2 11884 11885 0 0 14 2 11886 11887 0 0 14 2 11888 11889 0 0 14 2 11890 11891 0 0 14 2 11892 11893 0 0 14 2 11894 11895 0 0 14 2 11896 11897 0 0 14 2 11898 11899 0 0 14 2 11900 11901 0 0 14 2 11902 11903 0 0 14 2 11904 11905 0 0 14 2 11906 11907 0 0 14 2 11908 11909 0 0 14 2 11910 11911 0 0 14 2 11912 11913 0 0 14 2 11914 11915 0 0 14 2 11916 11917 0 0 14 2 11918 11919 0 0 14 2 11920 11921 0 0 14 2 11922 11923 0 0 14 2 11924 11925 0 0 14 2 11926 11927 0 0 14 2 11928 11929 0 0 14 2 11930 11931 0 0 14 2 11932 11933 0 0 14 2 11934 11935 0 0 14 2 11936 11937 0 0 14 2 11938 11939 0 0 14 2 11940 11941 0 0 14 2 11942 11943 0 0 14 2 11944 11945 0 0 14 2 11946 11947 0 0 14 2 11948 11949 0 0 14 2 11950 11951 0 0 14 2 11952 11953 0 0 14 2 11954 11955 0 0 14 2 11956 11957 0 0 14 2 11958 11959 0 0 14 2 11960 11961 0 0 14 2 11962 11963 0 0 14 2 11964 11965 0 0 14 2 11966 11967 0 0 14 2 11968 11969 0 0 14 2 11970 11971 0 0 14 2 11972 11973 0 0 14 2 11974 11975 0 0 14 2 11976 11977 0 0 14 2 11978 11979 0 0 14 2 11980 11981 0 0 14 2 11982 11983 0 0 14 2 11984 11985 0 0 14 2 11986 11987 0 0 14 2 11988 11989 0 0 14 2 11990 11991 0 0 14 2 11992 11993 0 0 14 2 11994 11995 0 0 14 2 11996 11997 0 0 14 2 11998 11999 0 0 
14 2 12000 12001 0 0 14 2 12002 12003 0 0 14 2 12004 12005 0 0 14 2 12006 12007 0 0 14 2 12008 12009 0 0 14 2 12010 12011 0 0 14 2 12012 12013 0 0 14 2 12014 12015 0 0 14 2 12016 12017 0 0 14 2 12018 12019 0 0 14 2 12020 12021 0 0 14 2 12022 12023 0 0 14 2 12024 12025 0 0 14 2 12026 12027 0 0 14 2 12028 12029 0 0 14 2 12030 12031 0 0 14 2 12032 12033 0 0 14 2 12034 12035 0 0 14 2 12036 12037 0 0 14 2 12038 12039 0 0 14 2 12040 12041 0 0 14 2 12042 12043 0 0 14 2 12044 12045 0 0 14 2 12046 12047 0 0 14 2 12048 12049 0 0 14 2 12050 12051 0 0 14 2 12052 12053 0 0 14 2 12054 12055 0 0 14 2 12056 12057 0 0 14 2 12058 12059 0 0 14 2 12060 12061 0 0 14 2 12062 12063 0 0 14 2 12064 12065 0 0 14 2 12066 12067 0 0 14 2 12068 12069 0 0 14 2 12070 12071 0 0 14 2 12072 12073 0 0 14 2 12074 12075 0 0 14 2 12076 12077 0 0 14 2 12078 12079 0 0 14 2 12080 12081 0 0 14 2 12082 12083 0 0 14 2 12084 12085 0 0 14 2 12086 12087 0 0 14 2 12088 12089 0 0 14 2 12090 12091 0 0 14 2 12092 12093 0 0 14 2 12094 12095 0 0 14 2 12096 12097 0 0 14 2 12098 12099 0 0 14 2 12100 12101 0 0 14 2 12102 12103 0 0 14 2 12104 12105 0 0 14 2 12106 12107 0 0 14 2 12108 12109 0 0 14 2 12110 12111 0 0 14 2 12112 12113 0 0 14 2 12114 12115 0 0 14 2 12116 12117 0 0 14 2 12118 12119 0 0 14 2 12120 12121 0 0 14 2 12122 12123 0 0 14 2 12124 12125 0 0 14 2 12126 12127 0 0 14 2 12128 12129 0 0 14 2 12130 12131 0 0 14 2 12132 12133 0 0 14 2 12134 12135 0 0 14 2 12136 12137 0 0 14 2 12138 12139 0 0 14 2 12140 12141 0 0 14 2 12142 12143 0 0 14 2 12144 12145 0 0 14 2 12146 12147 0 0 14 2 12148 12149 0 0 14 2 12150 12151 0 0 14 2 12152 12153 0 0 14 2 12154 12155 0 0 14 2 12156 12157 0 0 14 2 12158 12159 0 0 14 2 12160 12161 0 0 14 2 12162 12163 0 0 14 2 12164 12165 0 0 14 2 12166 12167 0 0 14 2 12168 12169 0 0 14 2 12170 12171 0 0 14 2 12172 12173 0 0 14 2 12174 12175 0 0 14 2 12176 12177 0 0 14 2 12178 12179 0 0 14 2 12180 12181 0 0 14 2 12182 12183 0 0 14 2 12184 12185 0 0 14 2 12186 12187 0 0 14 2 12188 12189 0 0 14 2 12190 12191 0 0 14 2 12192 12193 0 0 14 2 12194 12195 0 0 14 2 12196 12197 0 0 14 2 12198 12199 0 0 
14 2 12200 12201 0 0 14 2 12202 12203 0 0 14 2 12204 12205 0 0 14 2 12206 12207 0 0 14 2 12208 12209 0 0 14 2 12210 12211 0 0 14 2 12212 12213 0 0 14 2 12214 12215 0 0 14 2 12216 12217 0 0 14 2 12218 12219 0 0 14 2 12220 12221 0 0 14 2 12222 12223 0 0 14 2 12224 12225 0 0 14 2 12226 12227 0 0 14 2 12228 12229 0 0 14 2 12230 12231 0 0 14 2 12232 12233 0 0 14 2 12234 12235 0 0 14 2 12236 12237 0 0 14 2 12238 12239 0 0 14 2 12240 12241 0 0 14 2 12242 12243 0 0 14 2 12244 12245 0 0 14 2 12246 12247 0 0 14 2 12248 12249 0 0 14 2 12250 12251 0 0 14 2 12252 12253 0 0 14 2 12254 12255 0 0 14 2 12256 12257 0 0 14 2 12258 12259 0 0 14 2 12260 12261 0 0 14 2 12262 12263 0 0 14 2 12264 12265 0 0 14 2 12266 12267 0 0 14 2 12268 12269 0 0 14 2 12270 12271 0 0 14 2 12272 12273 0 0 14 2 12274 12275 0 0 14 2 12276 12277 0 0 14 2 12278 12279 0 0 14 2 12280 12281 0 0 14 2 12282 12283 0 0 14 2 12284 12285 0 0 14 2 12286 12287 0 0 14 2 12288 12289 0 0 14 2 12290 12291 0 0 14 2 12292 12293 0 0 14 2 12294 12295 0 0 14 2 12296 12297 0 0 14 2 12298 12299 0 0 14 2 12300 12301 0 0 14 2 12302 12303 0 0 14 2 12304 12305 0 0 14 2 12306 12307 0 0 14 2 12308 12309 0 0 14 2 12310 12311 0 0 14 2 12312 12313 0 0 14 2 12314 12315 0 0 14 2 12316 12317 0 0 14 2 12318 12319 0 0 14 2 12320 12321 0 0 14 2 12322 12323 0 0 14 2 12324 12325 0 0 14 2 12326 12327 0 0 14 2 12328 12329 0 0 14 2 12330 12331 0 0 14 2 12332 12333 0 0 14 2 12334 12335 0 0 14 2 12336 12337 0 0 14 2 12338 12339 0 0 14 2 12340 12341 0 0 14 2 12342 12343 0 0 14 2 12344 12345 0 0 14 2 12346 12347 0 0 14 2 12348 12349 0 0 14 2 12350 12351 0 0 14 2 12352 12353 0 0 14 2 12354 12355 0 0 14 2 12356 12357 0 0 14 2 12358 12359 0 0 14 2 12360 12361 0 0 14 2 12362 12363 0 0 14 2 12364 12365 0 0 14 2 12366 12367 0 0 14 2 12368 12369 0 0 14 2 12370 12371 0 0 14 2 12372 12373 0 0 14 2 12374 12375 0 0 14 2 12376 12377 0 0 14 2 12378 12379 0 0 14 2 12380 12381 0 0 14 2 12382 12383 0 0 14 2 12384 12385 0 0 14 2 12386 12387 0 0 14 2 12388 12389 0 0 14 2 12390 12391 0 0 14 2 12392 12393 0 0 14 2 12394 12395 0 0 14 2 12396 12397 0 0 14 2 12398 12399 0 0 
0 0 0 0 0 0 0 0 0 0 0 0 0 0 0 0 0 0 0 0 0 0 0 0 0 0 0 0 0 0 0 0 0 0 0 0 0 0 0 0 0 0 0 0 0 0 0 0 0 0 0 0 0 0 0 0 0 0 0 0 0 0 0 0 0 0 0 0 0 0 0 0 0 0 0 0 0 0 0 0 0 0 0 0 0 0 0 0 0 0 0 0 0 0 0 0 0 0 0 0 
0 0 0 0 0 0 0 0 0 0 0 0 0 0 0 0 0 0 0 0 0 0 0 0 0 0 0 0 0 0 0 0 0 0 0 0 0 0 0 0 0 0 0 0 0 0 0 0 0 0 0 0 0 0 0 0 0 0 0 0 0 0 0 0 0 0 0 0 0 0 0 0 0 0 0 0 0 0 0 0 0 0 0 0 0 0 0 0 0 0 0 0 0 0 0 0 0 0 0 0 
0 0 0 0 0 0 0 0 0 0 0 0 0 0 0 0 0 0 0 0 0 0 0 0 0 0 0 0 0 0 0 0 0 0 0 0 0 0 0 0 0 0 0 0 0 0 0 0 0 0 0 0 0 0 0 0 0 0 0 0 0 0 0 0 0 0 0 0 0 0 0 0 0 0 0 0 0 0 0 0 0 0 0 0 0 0 0 0 0 0 0 0 0 0 0 0 0 0 0 0 
0 0 0 0 0 0 0 0 0 0 0 0 0 0 0 0 0 0 0 0 0 0 0 0 0 0 0 0 0 0 0 0 0 0 0 0 0 0 0 0 0 0 0 0 0 0 0 0 0 0 0 0 0 0 0 0 0 0 0 0 0 0 0 0 0 0 0 0 0 0 0 0 0 0 0 0 0 0 0 0 0 0 0 0 0 0 0 0 0 0 0 0 0 0 0 0 0 0 0 0 
0 0 0 0 0 0 0 0 0 0 0 0 0 0 0 0 0 0 0 0 0 0 0 0 0 0 0 0 0 0 0 0 0 0 0 0 0 0 0 0 0 0 0 0 0 0 0 0 0 0 0 0 0 0 0 0 0 0 0 0 0 0 0 0 0 0 0 0 0 0 0 0 0 0 0 0 0 0 0 0 0 0 0 0 0 0 0 0 0 0 0 0 0 0 0 0 0 0 0 0 
0 0 0 0 0 0 0 0 0 0 0 0 0 0 0 0 0 0 0 0 0 0 0 0 0 0 0 0 0 0 0 0 0 0 0 0 0 0 0 0 0 0 0 0 0 0 0 0 0 0 0 0 0 0 0 0 0 0 0 0 0 0 0 0 0 0 0 0 0 0 0 0 0 0 0 0 0 0 0 0 0 0 0 0 0 0 0 0 0 0 0 0 0 0 0 0 0 0 0 0 
0 0 0 0 0 0 0 0 0 0 0 0 0 0 0 0 0 0 0 0 0 0 0 0 0 0 0 0 0 0 0 0 0 0 0 0 0 0 0 0 0 0 0 0 0 0 0 0 0 0 0 0 0 0 0 0 0 0 0 0 0 0 0 0 0 0 0 0 0 0 0 0 0 0 0 0 0 0 0 0 0 0 0 0 0 0 0 0 0 0 0 0 0 0 0 0 0 0 0 0 
0 0 0 0 0 0 0 0 0 0 0 0 0 0 0 0 0 0 0 0 0 0 0 0 0 0 0 0 0 0 0 0 0 0 0 0 0 0 0 0 0 0 0 0 0 0 0 0 0 0 0 0 0 0 0 0 0 0 0 0 0 0 0 0 0 0 0 0 0 0 0 0 0 0 0 0 0 0 0 0 0 0 0 0 0 0 0 0 0 0 0 0 0 0 0 0 0 0 0 0 
0 0 0 0 0 0 0 0 0 0 0 0 0 0 0 0 0 0 0 0 0 0 0 0 0 0 0 0 0 0 0 0 0 0 0 0 0 0 0 0 0 0 0 0 0 0 0 0 0 0 0 0 0 0 0 0 0 0 0 0 0 0 0 0 0 0 0 0 0 0 0 0 0 0 0 0 0 0 0 0 0 0 0 0 0 0 0 0 0 0 0 0 0 0 0 0 0 0 0 0 
0 0 0 0 0 0 0 0 0 0 0 0 0 0 0 0 0 0 0 0 0 0 0 0 0 0 0 0 0 0 0 0 0 0 0 0 0 0 0 0 0 0 0 0 0 0 0 0 0 0 0 0 0 0 0 0 0 0 0 0 0 0 0 0 0 0 0 0 0 0 0 0 0 0 0 0 0 0 0 0 0 0 0 0 0 0 0 0 0 0 0 0 0 0 0 0 0 0 0 0 
0 0 0 0 0 0 0 0 0 0 0 0 0 0 0 0 0 0 0 0 0 0 0 0 0 0 0 0 0 0 0 0 0 0 0 0 0 0 0 0 0 0 0 0 0 0 0 0 0 0 0 0 0 0 0 0 0 0 0 0 0 0 0 0 0 0 0 0 0 0 0 0 0 0 0 0 0 0 0 0 0 0 0 0 0 0 0 0 0 0 0 0 0 0 0 0 0 0 0 0 
0 0 0 0 0 0 0 0 0 0 0 0 0 0 0 0 0 0 0 0 0 0 0 0 0 0 0 0 0 0 0 0 0 0 0 0 0 0 0 0 0 0 0 0 0 0 0 0 0 0 0 0 0 0 0 0 0 0 0 0 0 0 0 0 0 0 0 0 0 0 0 0 0 0 0 0 0 0 0 0 0 0 0 0 0 0 0 0 0 0 0 0 0 0 0 0 0 0 0 0 
0 0 0 0 0 0 0 0 0 0 0 0 0 0 0 0 0 0 0 0 0 0 0 0 0 0 0 0 0 0 0 0 0 0 0 0 0 0 0 0 0 0 0 0 0 0 0 0 0 0 0 0 0 0 0 0 0 0 0 0 0 0 0 0 0 0 0 0 0 0 0 0 0 0 0 0 0 0 0 0 0 0 0 0 0 0 0 0 0 0 0 0 0 0 0 0 0 0 0 0 
0 0 0 0 0 0 0 0 0 0 0 0 0 0 0 0 0 0 0 0 0 0 0 0 0 0 0 0 0 0 0 0 0 0 0 0 0 0 0 0 0 0 0 0 0 0 0 0 0 0 0 0 0 0 0 0 0 0 0 0 0 0 0 0 0 0 0 0 0 0 0 0 0 0 0 0 0 0 0 0 0 0 0 0 0 0 0 0 0 0 0 0 0 0 0 0 0 0 0 0 
0 0 0 0 0 0 0 0 0 0 0 0 0 0 0 0 0 0 0 0 0 0 0 0 0 0 0 0 0 0 0 0 0 0 0 0 0 0 0 0 0 0 0 0 0 0 0 0 0 0 0 0 0 0 0 0 0 0 0 0 0 0 0 0 0 0 0 0 0 0 0 0 0 0 0 0 0 0 0 0 0 0 0 0 0 0 0 0 0 0 0 0 0 0 0 0 0 0 0 0 
0 0 0 0 0 0 0 0 0 0 0 0 0 0 0 0 0 0 0 0 0 0 0 0 0 0 0 0 0 0 0 0 0 0 0 0 0 0 0 0 0 0 0 0 0 0 0 0 0 0 0 0 0 0 0 0 0 0 0 0 0 0 0 0 0 0 0 0 0 0 0 0 0 0 0 0 0 0 0 0 0 0 0 0 0 0 0 0 0 0 0 0 0 0 0 0 0 0 0 0 
0 0 0 0 0 0 0 0 0 0 0 0 0 0 0 0 0 0 0 0 0 0 0 0 0 0 0 0 0 0 0 0 0 0 0 0 0 0 0 0 0 0 0 0 0 0 0 0 0 0 0 0 0 0 0 0 0 0 0 0 0 0 0 0 0 0 0 0 0 0 0 0 0 0 0 0 0 0 0 0 0 0 0 0 0 0 0 0 0 0 0 0 0 0 0 0 0 0 0 0 
0 0 0 0 0 0 0 0 0 0 0 0 0 0 0 0 0 0 0 0 0 0 0 0 0 0 0 0 0 0 0 0 0 0 0 0 0 0 0 0 0 0 0 0 0 0 0 0 0 0 0 0 0 0 0 0 0 0 0 0 0 0 0 0 0 0 0 0 0 0 0 0 0 0 0 0 0 0 0 0 0 0 0 0 0 0 0 0 0 0 0 0 0 0 0 0 0 0 0 0 
0 0 0 0 0 0 0 0 0 0 0 0 0 0 0 0 0 0 0 0 0 0 0 0 0 0 0 0 0 0 0 0 0 0 0 0 0 0 0 0 0 0 0 0 0 0 0 0 0 0 0 0 0 0 0 0 0 0 0 0 0 0 0 0 0 0 0 0 0 0 0 0 0 0 0 0 0 0 0 0 0 0 0 0 0 0 0 0 0 0 0 0 0 0 0 0 0 0 0 0 
0 0 0 0 0 0 0 0 0 0 0 0 0 0 0 0 0 0 0 0 0 0 0 0 0 0 0 0 0 0 0 0 0 0 0 0 0 0 0 0 0 0 0 0 0 0 0 0 0 0 0 0 0 0 0 0 0 0 0 0 0 0 0 0 0 0 0 0 0 0 0 0 0 0 0 0 0 0 0 0 0 0 0 0 0 0 0 0 0 0 0 0 0 0 0 0 0 0 0 0 
0 0 0 0 0 0 0 0 0 0 0 0 0 0 0 0 0 0 0 0 0 0 0 0 0 0 0 0 0 0 0 0 0 0 0 0 0 0 0 0 0 0 0 0 0 0 0 0 0 0 0 0 0 0 0 0 0 0 0 0 0 0 0 0 0 0 0 0 0 0 0 0 0 0 0 0 0 0 0 0 0 0 0 0 0 0 0 0 0 0 0 0 0 0 0 0 0 0 0 0 
0 0 0 0 0 0 0 0 0 0 0 0 0 0 0 0 0 0 0 0 0 0 0 0 0 0 0 0 0 0 0 0 0 0 0 0 0 0 0 0 0 0 0 0 0 0 0 0 0 0 0 0 0 0 0 0 0 0 0 0 0 0 0 0 0 0 0 0 0 0 0 0 0 0 0 0 0 0 0 0 0 0 0 0 0 0 0 0 0 0 0 0 0 0 0 0 0 0 0 0 
0 0 0 0 0 0 0 0 0 0 0 0 0 0 0 0 0 0 0 0 0 0 0 0 0 0 0 0 0 0 0 0 0 0 0 0 0 0 0 0 0 0 0 0 0 0 0 0 0 0 0 0 0 0 0 0 0 0 0 0 0 0 0 0 0 0 0 0 0 0 0 0 0 0 0 0 0 0 0 0 0 0 0 0 0 0 0 0 0 0 0 0 0 0 0 0 0 0 0 0 
0 0 0 0 0 0 0 0 0 0 0 0 0 0 0 0 0 0 0 0 0 0 0 0 0 0 0 0 0 0 0 0 0 0 0 0 0 0 0 0 0 0 0 0 0 0 0 0 0 0 0 0 0 0 0 0 0 0 0 0 0 0 0 0 0 0 0 0 0 0 0 0 0 0 0 0 0 0 0 0 0 0 0 0 0 0 0 0 0 0 0 0 0 0 0 0 0 0 0 0 
14 2 17200 17201 0 0 14 2 17202 17203 0 0 14 2 17204 17205 0 0 14 2 17206 17207 0 0 14 2 17208 17209 0 0 14 2 17210 17211 0 0 14 2 17212 17213 0 0 14 2 17214 17215 0 0 14 2 17216 17217 0 0 14 2 17218 17219 0 0 14 2 17220 17221 0 0 14 2 17222 17223 0 0 14 2 17224 17225 0 0 14 2 17226 17227 0 0 14 2 17228 17229 0 0 14 2 17230 17231 0 0 14 2 17232 17233 0 0 14 2 17234 17235 0 0 14 2 17236 17237 0 0 14 2 17238 17239 0 0 14 2 17240 17241 0 0 14 2 17242 17243 0 0 14 2 17244 17245 0 0 14 2 17246 17247 0 0 14 2 17248 17249 0 0 14 2 17250 17251 0 0 14 2 17252 17253 0 0 14 2 17254 17255 0 0 14 2 17256 17257 0 0 14 2 17258 17259 0 0 14 2 17260 17261 0 0 14 2 17262 17263 0 0 14 2 17264 17265 0 0 14 2 17266 17267 0 0 14 2 17268 17269 0 0 14 2 17270 17271 0 0 14 2 17272 17273 0 0 14 2 17274 17275 0 0 14 2 17276 17277 0 0 14 2 17278 17279 0 0 14 2 17280 17281 0 0 14 2 17282 17283 0 0 14 2 17284 17285 0 0 14 2 17286 17287 0 0 14 2 17288 17289 0 0 14 2 17290 17291 0 0 14 2 17292 17293 0 0 14 2 17294 17295 0 0 14 2 17296 17297 0 0 14 2 17298 17299 0 0 14 2 17300 17301 0 0 14 2 17302 17303 0 0 14 2 17304 17305 0 0 14 2 17306 17307 0 0 14 2 17308 17309 0 0 14 2 17310 17311 0 0 14 2 17312 17313 0 0 14 2 17314 17315 0 0 14 2 17316 17317 0 0 14 2 17318 17319 0 0 14 2 17320 17321 0 0 14 2 17322 17323 0 0 14 2 17324 17325 0 0 14 2 17326 17327 0 0 14 2 17328 17329 0 0 14 2 17330 17331 0 0 14 2 17332 17333 0 0 14 2 17334 17335 0 0 14 2 17336 17337 0 0 14 2 17338 17339 0 0 14 2 17340 17341 0 0 14 2 17342 17343 0 0 14 2 17344 17345 0 0 14 2 17346 17347 0 0 14 2 17348 17349 0 0 14 2 17350 17351 0 0 14 2 17352 17353 0 0 14 2 17354 17355 0 0 14 2 17356 17357 0 0 14 2 17358 17359 0 0 14 2 17360 17361 0 0 14 2 17362 17363 0 0 14 2 17364 17365 0 0 14 2 17366 17367 0 0 14 2 17368 17369 0 0 14 2 17370 17371 0 0 14 2 17372 17373 0 0 14 2 17374 17375 0 0 14 2 17376 17377 0 0 14 2 17378 17379 0 0 14 2 17380 17381 0 0 14 2 17382 17383 0 0 14 2 17384 17385 0 0 14 2 17386 17387 0 0 14 2 17388 17389 0 0 14 2 17390 17391 0 0 14 2 17392 17393 0 0 14 2 17394 17395 0 0 14 2 17396 17397 0 0 14 2 17398 17399 0 0 
14 2 17400 17401 0 0 14 2 17402 17403 0 0 14 2 17404 17405 0 0 14 2 17406 17407 0 0 14 2 17408 17409 0 0 14 2 17410 17411 0 0 14 2 17412 17413 0 0 14 2 17414 17415 0 0 14 2 17416 17417 0 0 14 2 17418 17419 0 0 14 2 17420 17421 0 0 14 2 17422 17423 0 0 14 2 17424 17425 0 0 14 2 17426 17427 0 0 14 2 17428 17429 0 0 14 2 17430 17431 0 0 14 2 17432 17433 0 0 14 2 17434 17435 0 0 14 2 17436 17437 0 0 14 2 17438 17439 0 0 14 2 17440 17441 0 0 14 2 17442 17443 0 0 14 2 17444 17445 0 0 14 2 17446 17447 0 0 14 2 17448 17449 0 0 14 2 17450 17451 0 0 14 2 17452 17453 0 0 14 2 17454 17455 0 0 14 2 17456 17457 0 0 14 2 17458 17459 0 0 14 2 17460 17461 0 0 14 2 17462 17463 0 0 14 2 17464 17465 0 0 14 2 17466 17467 0 0 14 2 17468 17469 0 0 14 2 17470 17471 0 0 14 2 17472 17473 0 0 14 2 17474 17475 0 0 14 2 17476 17477 0 0 14 2 17478 17479 0 0 14 2 17480 17481 0 0 14 2 17482 17483 0 0 14 2 17484 17485 0 0 14 2 17486 17487 0 0 14 2 17488 17489 0 0 14 2 17490 17491 0 0 14 2 17492 17493 0 0 14 2 17494 17495 0 0 14 2 17496 17497 0 0 14 2 17498 17499 0 0 14 2 17500 17501 0 0 14 2 17502 17503 0 0 14 2 17504 17505 0 0 14 2 17506 17507 0 0 14 2 17508 17509 0 0 14 2 17510 17511 0 0 14 2 17512 17513 0 0 14 2 17514 17515 0 0 14 2 17516 17517 0 0 14 2 17518 17519 0 0 14 2 17520 17521 0 0 14 2 17522 17523 0 0 14 2 17524 17525 0 0 14 2 17526 17527 0 0 14 2 17528 17529 0 0 14 2 17530 17531 0 0 14 2 17532 17533 0 0 14 2 17534 17535 0 0 14 2 17536 17537 0 0 14 2 17538 17539 0 0 14 2 17540 17541 0 0 14 2 17542 17543 0 0 14 2 17544 17545 0 0 14 2 17546 17547 0 0 14 2 17548 17549 0 0 14 2 17550 17551 0 0 14 2 17552 17553 0 0 14 2 17554 17555 0 0 14 2 17556 17557 0 0 14 2 17558 17559 0 0 14 2 17560 17561 0 0 14 2 17562 17563 0 0 14 2 17564 17565 0 0 14 2 17566 17567 0 0 14 2 17568 17569 0 0 14 2 17570 17571 0 0 14 2 17572 17573 0 0 14 2 17574 17575 0 0 14 2 17576 17577 0 0 14 2 17578 17579 0 0 14 2 17580 17581 0 0 14 2 17582 17583 0 0 14 2 17584 17585 0 0 14 2 17586 17587 0 0 14 2 17588 17589 0 0 14 2 17590 17591 0 0 14 2 17592 17593 0 0 14 2 17594 17595 0 0 14 2 17596 17597 0 0 14 2 17598 17599 0 0 
14 2 17600 17601 0 0 14 2 17602 17603 0 0 14 2 17604 17605 0 0 14 2 17606 17607 0 0 14 2 17608 17609 0 0 14 2 17610 17611 0 0 14 2 17612 17613 0 0 14 2 17614 17615 0 0 14 2 17616 17617 0 0 14 2 17618 17619 0 0 14 2 17620 17621 0 0 14 2 17622 17623 0 0 14 2 17624 17625 0 0 14 2 17626 17627 0 0 14 2 17628 17629 0 0 14 2 17630 17631 0 0 14 2 17632 17633 0 0 14 2 17634 17635 0 0 14 2 17636 17637 0 0 14 2 17638 17639 0 0 14 2 17640 17641 0 0 14 2 17642 17643 0 0 14 2 17644 17645 0 0 14 2 17646 17647 0 0 14 2 17648 17649 0 0 14 2 17650 17651 0 0 14 2 17652 17653 0 0 14 2 17654 17655 0 0 14 2 17656 17657 0 0 14 2 17658 17659 0 0 14 2 17660 17661 0 0 14 2 17662 17663 0 0 14 2 17664 17665 0 0 14 2 17666 17667 0 0 14 2 17668 17669 0 0 14 2 17670 17671 0 0 14 2 17672 17673 0 0 14 2 17674 17675 0 0 14 2 17676 17677 0 0 14 2 17678 17679 0 0 14 2 17680 17681 0 0 14 2 17682 17683 0 0 14 2 17684 17685 0 0 14 2 17686 17687 0 0 14 2 17688 17689 0 0 14 2 17690 17691 0 0 14 2 17692 17693 0 0 14 2 17694 17695 0 0 14 2 17696 17697 0 0 14 2 17698 17699 0 0 14 2 17700 17701 0 0 14 2 17702 17703 0 0 14 2 17704 17705 0 0 14 2 17706 17707 0 0 14 2 17708 17709 0 0 14 2 17710 17711 0 0 14 2 17712 17713 0 0 14 2 17714 17715 0 0 14 2 17716 17717 0 0 14 2 17718 17719 0 0 14 2 17720 17721 0 0 14 2 17722 17723 0 0 14 2 17724 17725 0 0 14 2 17726 17727 0 0 14 2 17728 17729 0 0 14 2 17730 17731 0 0 14 2 17732 17733 0 0 14 2 17734 17735 0 0 14 2 17736 17737 0 0 14 2 17738 17739 0 0 14 2 17740 17741 0 0 14 2 17742 17743 0 0 14 2 17744 17745 0 0 14 2 17746 17747 0 0 14 2 17748 17749 0 0 14 2 17750 17751 0 0 14 2 17752 17753 0 0 14 2 17754 17755 0 0 14 2 17756 17757 0 0 14 2 17758 17759 0 0 14 2 17760 17761 0 0 14 2 17762 17763 0 0 14 2 17764 17765 0 0 14 2 17766 17767 0 0 14 2 17768 17769 0 0 14 2 17770 17771 0 0 14 2 17772 17773 0 0 14 2 17774 17775 0 0 14 2 17776 17777 0 0 14 2 17778 17779 0 0 14 2 17780 17781 0 0 14 2 17782 17783 0 0 14 2 17784 17785 0 0 14 2 17786 17787 0 0 14 2 17788 17789 0 0 14 2 17790 17791 0 0 14 2 17792 17793 0 0 14 2 17794 17795 0 0 14 2 17796 17797 0 0 14 2 17798 17799 0 0 
0 0 0 0 0 0 0 0 0 0 0 0 0 0 0 0 0 0 0 0 0 0 0 0 0 0 0 0 0 0 0 0 0 0 0 0 0 0 0 0 0 0 0 0 0 0 0 0 0 0 0 0 0 0 0 0 0 0 0 0 0 0 0 0 0 0 0 0 0 0 0 0 0 0 0 0 0 0 0 0 0 0 0 0 0 0 0 0 0 0 0 0 0 0 0 0 0 0 0 0 
0 0 0 0 0 0 0 0 0 0 0 0 0 0 0 0 0 0 0 0 0 0 0 0 0 0 0 0 0 0 0 0 0 0 0 0 0 0 0 0 0 0 0 0 0 0 0 0 0 0 0 0 0 0 0 0 0 0 0 0 0 0 0 0 0 0 0 0 0 0 0 0 0 0 0 0 0 0 0 0 0 0 0 0 0 0 0 0 0 0 0 0 0 0 0 0 0 0 0 0 
0 0 0 0 0 0 0 0 0 0 0 0 0 0 0 0 0 0 0 0 0 0 0 0 0 0 0 0 0 0 0 0 0 0 0 0 0 0 0 0 0 0 0 0 0 0 0 0 0 0 0 0 0 0 0 0 0 0 0 0 0 0 0 0 0 0 0 0 0 0 0 0 0 0 0 0 0 0 0 0 0 0 0 0 0 0 0 0 0 0 0 0 0 0 0 0 0 0 0 0 
0 0 0 0 0 0 0 0 0 0 0 0 0 0 0 0 0 0 0 0 0 0 0 0 0 0 0 0 0 0 0 0 0 0 0 0 0 0 0 0 0 0 0 0 0 0 0 0 0 0 0 0 0 0 0 0 0 0 0 0 0 0 0 0 0 0 0 0 0 0 0 0 0 0 0 0 0 0 0 0 0 0 0 0 0 0 0 0 0 0 0 0 0 0 0 0 0 0 0 0 
0 0 0 0 0 0 0 0 0 0 0 0 0 0 0 0 0 0 0 0 0 0 0 0 0 0 0 0 0 0 0 0 0 0 0 0 0 0 0 0 0 0 0 0 0 0 0 0 0 0 0 0 0 0 0 0 0 0 0 0 0 0 0 0 0 0 0 0 0 0 0 0 0 0 0 0 0 0 0 0 0 0 0 0 0 0 0 0 0 0 0 0 0 0 0 0 0 0 0 0 
0 0 0 0 0 0 0 0 0 0 0 0 0 0 0 0 0 0 0 0 0 0 0 0 0 0 0 0 0 0 0 0 0 0 0 0 0 0 0 0 0 0 0 0 0 0 0 0 0 0 0 0 0 0 0 0 0 0 0 0 0 0 0 0 0 0 0 0 0 0 0 0 0 0 0 0 0 0 0 0 0 0 0 0 0 0 0 0 0 0 0 0 0 0 0 0 0 0 0 0 
0 0 0 0 0 0 0 0 0 0 0 0 0 0 0 0 0 0 0 0 0 0 0 0 0 0 0 0 0 0 0 0 0 0 0 0 0 0 0 0 0 0 0 0 0 0 0 0 0 0 0 0 0 0 0 0 0 0 0 0 0 0 0 0 0 0 0 0 0 0 0 0 0 0 0 0 0 0 0 0 0 0 0 0 0 0 0 0 0 0 0 0 0 0 0 0 0 0 0 0 
0 0 0 0 0 0 0 0 0 0 0 0 0 0 0 0 0 0 0 0 0 0 0 0 0 0 0 0 0 0 0 0 0 0 0 0 0 0 0 0 0 0 0 0 0 0 0 0 0 0 0 0 0 0 0 0 0 0 0 0 0 0 0 0 0 0 0 0 0 0 0 0 0 0 0 0 0 0 0 0 0 0 0 0 0 0 0 0 0 0 0 0 0 0 0 0 0 0 0 0 
0 0 0 0 0 0 0 0 0 0 0 0 0 0 0 0 0 0 0 0 0 0 0 0 0 0 0 0 0 0 0 0 0 0 0 0 0 0 0 0 0 0 0 0 0 0 0 0 0 0 0 0 0 0 0 0 0 0 0 0 0 0 0 0 0 0 0 0 0 0 0 0 0 0 0 0 0 0 0 0 0 0 0 0 0 0 0 0 0 0 0 0 0 0 0 0 0 0 0 0 
0 0 0 0 0 0 0 0 0 0 0 0 0 0 0 0 0 0 0 0 0 0 0 0 0 0 0 0 0 0 0 0 0 0 0 0 0 0 0 0 0 0 0 0 0 0 0 0 0 0 0 0 0 0 0 0 0 0 0 0 0 0 0 0 0 0 0 0 0 0 0 0 0 0 0 0 0 0 0 0 0 0 0 0 0 0 0 0 0 0 0 0 0 0 0 0 0 0 0 0 
0 0 0 0 0 0 0 0 0 0 0 0 0 0 0 0 0 0 0 0 0 0 0 0 0 0 0 0 0 0 0 0 0 0 0 0 0 0 0 0 0 0 0 0 0 0 0 0 0 0 0 0 0 0 0 0 0 0 0 0 0 0 0 0 0 0 0 0 0 0 0 0 0 0 0 0 0 0 0 0 0 0 0 0 0 0 0 0 0 0 0 0 0 0 0 0 0 0 0 0 

0 0 0 0 0 0 0 0 0 0 0 0 0 0 0 0 0 0 0 0 0 0 0 0 0 0 0 0 0 0 0 0 0 0 0 0 0 0 0 0 0 0 0 0 0 0 0 0 0 0 0 0 0 0 0 0 0 0 0 0 0 0 0 0 0 0 0 0 0 0 0 0 0 0 0 0 0 0 0 0 0 0 0 0 0 0 0 0 0 0 0 0 0 0 0 0 0 0 0 0 
0 0 0 0 0 0 0 0 0 0 0 0 0 0 0 0 0 0 0 0 0 0 0 0 0 0 0 0 0 0 0 0 0 0 0 0 0 0 0 0 0 0 0 0 0 0 0 0 0 0 0 0 0 0 0 0 0 0 0 0 0 0 0 0 0 0 0 0 0 0 0 0 0 0 0 0 0 0 0 0 0 0 0 0 0 0 0 0 0 0 0 0 0 0 0 0 0 0 0 0 
0 0 0 0 0 0 0 0 0 0 0 0 0 0 0 0 0 0 0 0 0 0 0 0 0 0 0 0 0 0 0 0 0 0 0 0 0 0 0 0 0 0 0 0 0 0 0 0 0 0 0 0 0 0 0 0 0 0 0 0 0 0 0 0 0 0 0 0 0 0 0 0 0 0 0 0 0 0 0 0 0 0 0 0 0 0 0 0 0 0 0 0 0 0 0 0 0 0 0 0 
0 0 0 0 0 0 0 0 0 0 0 0 0 0 0 0 0 0 0 0 0 0 0 0 0 0 0 0 0 0 0 0 0 0 0 0 0 0 0 0 0 0 0 0 0 0 0 0 0 0 0 0 0 0 0 0 0 0 0 0 0 0 0 0 0 0 0 0 0 0 0 0 0 0 0 0 0 0 0 0 0 0 0 0 0 0 0 0 0 0 0 0 0 0 0 0 0 0 0 0 
0 0 0 0 0 0 0 0 0 0 0 0 0 0 0 0 0 0 0 0 0 0 0 0 0 0 0 0 0 0 0 0 0 0 0 0 0 0 0 0 0 0 0 0 0 0 0 0 0 0 0 0 0 0 0 0 0 0 0 0 0 0 0 0 0 0 0 0 0 0 0 0 0 0 0 0 0 0 0 0 0 0 0 0 0 0 0 0 0 0 0 0 0 0 0 0 0 0 0 0 
0 0 0 0 0 0 0 0 0 0 0 0 0 0 0 0 0 0 0 0 0 0 0 0 0 0 0 0 0 0 0 0 0 0 0 0 0 0 0 0 0 0 0 0 0 0 0 0 0 0 0 0 0 0 0 0 0 0 0 0 0 0 0 0 0 0 0 0 0 0 0 0 0 0 0 0 0 0 0 0 0 0 0 0 0 0 0 0 0 0 0 0 0 0 0 0 0 0 0 0 
0 0 0 0 0 0 0 0 0 0 0 0 0 0 0 0 0 0 0 0 0 0 0 0 0 0 0 0 0 0 0 0 0 0 0 0 0 0 0 0 0 0 0 0 0 0 0 0 0 0 0 0 0 0 0 0 0 0 0 0 0 0 0 0 0 0 0 0 0 0 0 0 0 0 0 0 0 0 0 0 0 0 0 0 0 0 0 0 0 0 0 0 0 0 0 0 0 0 0 0 
0 0 0 0 0 0 0 0 0 0 0 0 0 0 0 0 0 0 0 0 0 0 0 0 0 0 0 0 0 0 0 0 0 0 0 0 0 0 0 0 0 0 0 0 0 0 0 0 0 0 0 0 0 0 0 0 0 0 0 0 0 0 0 0 0 0 0 0 0 0 0 0 0 0 0 0 0 0 0 0 0 0 0 0 0 0 0 0 0 0 0 0 0 0 0 0 0 0 0 0 
0 0 0 0 0 0 0 0 0 0 0 0 0 0 0 0 0 0 0 0 0 0 0 0 0 0 0 0 0 0 0 0 0 0 0 0 0 0 0 0 0 0 0 0 0 0 0 0 0 0 0 0 0 0 0 0 0 0 0 0 0 0 0 0 0 0 0 0 0 0 0 0 0 0 0 0 0 0 0 0 0 0 0 0 0 0 0 0 0 0 0 0 0 0 0 0 0 0 0 0 
0 0 0 0 0 0 0 0 0 0 0 0 0 0 0 0 0 0 0 0 0 0 0 0 0 0 0 0 0 0 0 0 0 0 0 0 0 0 0 0 0 0 0 0 0 0 0 0 0 0 0 0 0 0 0 0 0 0 0 0 0 0 0 0 0 0 0 0 0 0 0 0 0 0 0 0 0 0 0 0 0 0 0 0 0 0 0 0 0 0 0 0 0 0 0 0 0 0 0 0 
0 0 0 0 0 0 0 0 0 0 0 0 0 0 0 0 0 0 0 0 0 0 0 0 0 0 0 0 0 0 0 0 0 0 0 0 0 0 0 0 0 0 0 0 0 0 0 0 0 0 0 0 0 0 0 0 0 0 0 0 0 0 0 0 0 0 0 0 0 0 0 0 0 0 0 0 0 0 0 0 0 0 0 0 0 0 0 0 0 0 0 0 0 0 0 0 0 0 0 0 
0 0 0 0 0 0 0 0 0 0 0 0 0 0 0 0 0 0 0 0 0 0 0 0 0 0 0 0 0 0 0 0 0 0 0 0 0 0 0 0 0 0 0 0 0 0 0 0 0 0 0 0 0 0 0 0 0 0 0 0 0 0 0 0 0 0 0 0 0 0 0 0 0 0 0 0 0 0 0 0 0 0 0 0 0 0 0 0 0 0 0 0 0 0 0 0 0 0 0 0 
0 0 0 0 0 0 0 0 0 0 0 0 0 0 0 0 0 0 0 0 0 0 0 0 0 0 0 0 0 0 0 0 0 0 0 0 0 0 0 0 0 0 0 0 0 0 0 0 0 0 0 0 0 0 0 0 0 0 0 0 0 0 0 0 0 0 0 0 0 0 0 0 0 0 0 0 0 0 0 0 0 0 0 0 0 0 0 0 0 0 0 0 0 0 0 0 0 0 0 0 
0 0 0 0 0 0 0 0 0 0 0 0 0 0 0 0 0 0 0 0 0 0 0 0 0 0 0 0 0 0 0 0 0 0 0 0 0 0 0 0 0 0 0 0 0 0 0 0 0 0 0 0 0 0 0 0 0 0 0 0 0 0 0 0 0 0 0 0 0 0 0 0 0 0 0 0 0 0 0 0 0 0 0 0 0 0 0 0 0 0 0 0 0 0 0 0 0 0 0 0 
0 0 0 0 0 0 0 0 0 0 0 0 0 0 0 0 0 0 0 0 0 0 0 0 0 0 0 0 0 0 0 0 0 0 0 0 0 0 0 0 0 0 0 0 0 0 0 0 0 0 0 0 0 0 0 0 0 0 0 0 0 0 0 0 0 0 0 0 0 0 0 0 0 0 0 0 0 0 0 0 0 0 0 0 0 0 0 0 0 0 0 0 0 0 0 0 0 0 0 0 
0 0 0 0 0 0 0 0 0 0 0 0 0 0 0 0 0 0 0 0 0 0 0 0 0 0 0 0 0 0 0 0 0 0 0 0 0 0 0 0 0 0 0 0 0 0 0 0 0 0 0 0 0 0 0 0 0 0 0 0 0 0 0 0 0 0 0 0 0 0 0 0 0 0 0 0 0 0 0 0 0 0 0 0 0 0 0 0 0 0 0 0 0 0 0 0 0 0 0 0 
0 0 0 0 0 0 0 0 0 0 0 0 0 0 0 0 0 0 0 0 0 0 0 0 0 0 0 0 0 0 0 0 0 0 0 0 0 0 0 0 0 0 0 0 0 0 0 0 0 0 0 0 0 0 0 0 0 0 0 0 0 0 0 0 0 0 0 0 0 0 0 0 0 0 0 0 0 0 0 0 0 0 0 0 0 0 0 0 0 0 0 0 0 0 0 0 0 0 0 0 
0 0 0 0 0 0 0 0 0 0 0 0 0 0 0 0 0 0 0 0 0 0 0 0 0 0 0 0 0 0 0 0 0 0 0 0 0 0 0 0 0 0 0 0 0 0 0 0 0 0 0 0 0 0 0 0 0 0 0 0 0 0 0 0 0 0 0 0 0 0 0 0 0 0 0 0 0 0 0 0 0 0 0 0 0 0 0 0 0 0 0 0 0 0 0 0 0 0 0 0 
0 0 0 0 0 0 0 0 0 0 0 0 0 0 0 0 0 0 0 0 0 0 0 0 0 0 0 0 0 0 0 0 0 0 0 0 0 0 0 0 0 0 0 0 0 0 0 0 0 0 0 0 0 0 0 0 0 0 0 0 0 0 0 0 0 0 0 0 0 0 0 0 0 0 0 0 0 0 0 0 0 0 0 0 0 0 0 0 0 0 0 0 0 0 0 0 0 0 0 0 
0 0 0 0 0 0 0 0 0 0 0 0 0 0 0 0 0 0 0 0 0 0 0 0 0 0 0 0 0 0 0 0 0 0 0 0 0 0 0 0 0 0 0 0 0 0 0 0 0 0 0 0 0 0 0 0 0 0 0 0 0 0 0 0 0 0 0 0 0 0 0 0 0 0 0 0 0 0 0 0 0 0 0 0 0 0 0 0 0 0 0 0 0 0 0 0 0 0 0 0 
0 0 0 0 0 0 0 0 0 0 0 0 0 0 0 0 0 0 0 0 0 0 0 0 0 0 0 0 0 0 0 0 0 0 0 0 0 0 0 0 0 0 0 0 0 0 0 0 0 0 0 0 0 0 0 0 0 0 0 0 0 0 0 0 0 0 0 0 0 0 0 0 0 0 0 0 0 0 0 0 0 0 0 0 0 0 0 0 0 0 0 0 0 0 0 0 0 0 0 0 
0 0 0 0 0 0 0 0 0 0 0 0 0 0 0 0 0 0 0 0 0 0 0 0 0 0 0 0 0 0 0 0 0 0 0 0 0 0 0 0 0 0 0 0 0 0 0 0 0 0 0 0 0 0 0 0 0 0 0 0 0 0 0 0 0 0 0 0 0 0 0 0 0 0 0 0 0 0 0 0 0 0 0 0 0 0 0 0 0 0 0 0 0 0 0 0 0 0 0 0 
0 0 0 0 0 0 0 0 0 0 0 0 0 0 0 0 0 0 0 0 0 0 0 0 0 0 0 0 0 0 0 0 0 0 0 0 0 0 0 0 0 0 0 0 0 0 0 0 0 0 0 0 0 0 0 0 0 0 0 0 0 0 0 0 0 0 0 0 0 0 0 0 0 0 0 0 0 0 0 0 0 0 0 0 0 0 0 0 0 0 0 0 0 0 0 0 0 0 0 0 
0 0 0 0 0 0 0 0 0 0 0 0 0 0 0 0 0 0 0 0 0 0 0 0 0 0 0 0 0 0 0 0 0 0 0 0 0 0 0 0 0 0 0 0 0 0 0 0 0 0 0 0 0 0 0 0 0 0 0 0 0 0 0 0 0 0 0 0 0 0 0 0 0 0 0 0 0 0 0 0 0 0 0 0 0 0 0 0 0 0 0 0 0 0 0 0 0 0 0 0 
0 0 0 0 0 0 0 0 0 0 0 0 0 0 0 0 0 0 0 0 0 0 0 0 0 0 0 0 0 0 0 0 0 0 0 0 0 0 0 0 0 0 0 0 0 0 0 0 0 0 0 0 0 0 0 0 0 0 0 0 0 0 0 0 0 0 0 0 0 0 0 0 0 0 0 0 0 0 0 0 0 0 0 0 0 0 0 0 0 0 0 0 0 0 0 0 0 0 0 0 
0 0 0 0 0 0 0 0 0 0 0 0 0 0 0 0 0 0 0 0 0 0 0 0 0 0 0 0 0 0 0 0 0 0 0 0 0 0 0 0 0 0 0 0 0 0 0 0 0 0 0 0 0 0 0 0 0 0 0 0 0 0 0 0 0 0 0 0 0 0 0 0 0 0 0 0 0 0 0 0 0 0 0 0 0 0 0 0 0 0 0 0 0 0 0 0 0 0 0 0 
0 0 0 0 0 0 0 0 0 0 0 0 0 0 0 0 0 0 0 0 0 0 0 0 0 0 0 0 0 0 0 0 0 0 0 0 0 0 0 0 0 0 0 0 0 0 0 0 0 0 0 0 0 0 0 0 0 0 0 0 0 0 0 0 0 0 0 0 0 0 0 0 0 0 0 0 0 0 0 0 0 0 0 0 0 0 0 0 0 0 0 0 0 0 0 0 0 0 0 0 
0 0 0 0 0 0 0 0 0 0 0 0 0 0 0 0 0 0 0 0 0 0 0 0 0 0 0 0 0 0 0 0 0 0 0 0 0 0 0 0 0 0 0 0 0 0 0 0 0 0 0 0 0 0 0 0 0 0 0 0 0 0 0 0 0 0 0 0 0 0 0 0 0 0 0 0 0 0 0 0 0 0 0 0 0 0 0 0 0 0 0 0 0 0 0 0 0 0 0 0 
0 0 0 0 0 0 0 0 0 0 0 0 0 0 0 0 0 0 0 0 0 0 0 0 0 0 0 0 0 0 0 0 0 0 0 0 0 0 0 0 0 0 0 0 0 0 0 0 0 0 0 0 0 0 0 0 0 0 0 0 0 0 0 0 0 0 0 0 0 0 0 0 0 0 0 0 0 0 0 0 0 0 0 0 0 0 0 0 0 0 0 0 0 0 0 0 0 0 0 0 
0 0 0 0 0 0 0 0 0 0 0 0 0 0 0 0 0 0 0 0 0 0 0 0 0 0 0 0 0 0 0 0 0 0 0 0 0 0 0 0 0 0 0 0 0 0 0 0 0 0 0 0 0 0 0 0 0 0 0 0 0 0 0 0 0 0 0 0 0 0 0 0 0 0 0 0 0 0 0 0 0 0 0 0 0 0 0 0 0 0 0 0 0 0 0 0 0 0 0 0 
0 0 0 0 0 0 0 0 0 0 0 0 0 0 0 0 0 0 0 0 0 0 0 0 0 0 0 0 0 0 0 0 0 0 0 0 0 0 0 0 0 0 0 0 0 0 0 0 0 0 0 0 0 0 0 0 0 0 0 0 0 0 0 0 0 0 0 0 0 0 0 0 0 0 0 0 0 0 0 0 0 0 0 0 0 0 0 0 0 0 0 0 0 0 0 0 0 0 0 0 
0 0 0 0 0 0 0 0 0 0 0 0 0 0 0 0 0 0 0 0 0 0 0 0 0 0 0 0 0 0 0 0 0 0 0 0 0 0 0 0 0 0 0 0 0 0 0 0 0 0 0 0 0 0 0 0 0 0 0 0 0 0 0 0 0 0 0 0 0 0 0 0 0 0 0 0 0 0 0 0 0 0 0 0 0 0 0 0 0 0 0 0 0 0 0 0 0 0 0 0 
0 0 0 0 0 0 0 0 0 0 0 0 0 0 0 0 0 0 0 0 0 0 0 0 0 0 0 0 0 0 0 0 0 0 0 0 0 0 0 0 0 0 0 0 0 0 0 0 0 0 0 0 0 0 0 0 0 0 0 0 0 0 0 0 0 0 0 0 0 0 0 0 0 0 0 0 0 0 0 0 0 0 0 0 0 0 0 0 0 0 0 0 0 0 0 0 0 0 0 0 
0 0 0 0 0 0 0 0 0 0 0 0 0 0 0 0 0 0 0 0 0 0 0 0 0 0 0 0 0 0 0 0 0 0 0 0 0 0 0 0 0 0 0 0 0 0 0 0 0 0 0 0 0 0 0 0 0 0 0 0 0 0 0 0 0 0 0 0 0 0 0 0 0 0 0 0 0 0 0 0 0 0 0 0 0 0 0 0 0 0 0 0 0 0 0 0 0 0 0 0 
0 0 0 0 0 0 0 0 0 0 0 0 0 0 0 0 0 0 0 0 0 0 0 0 0 0 0 0 0 0 0 0 0 0 0 0 0 0 0 0 0 0 0 0 0 0 0 0 0 0 0 0 0 0 0 0 0 0 0 0 0 0 0 0 0 0 0 0 0 0 0 0 0 0 0 0 0 0 0 0 0 0 0 0 0 0 0 0 0 0 0 0 0 0 0 0 0 0 0 0 
0 0 0 0 0 0 0 0 0 0 0 0 0 0 0 0 0 0 0 0 0 0 0 0 0 0 0 0 0 0 0 0 0 0 0 0 0 0 0 0 0 0 0 0 0 0 0 0 0 0 0 0 0 0 0 0 0 0 0 0 0 0 0 0 0 0 0 0 0 0 0 0 0 0 0 0 0 0 0 0 0 0 0 0 0 0 0 0 0 0 0 0 0 0 0 0 0 0 0 0 
0 0 0 0 0 0 0 0 0 0 0 0 0 0 0 0 0 0 0 0 0 0 0 0 0 0 0 0 0 0 0 0 0 0 0 0 0 0 0 0 0 0 0 0 0 0 0 0 0 0 0 0 0 0 0 0 0 0 0 0 0 0 0 0 0 0 0 0 0 0 0 0 0 0 0 0 0 0 0 0 0 0 0 0 0 0 0 0 0 0 0 0 0 0 0 0 0 0 0 0 
0 0 0 0 0 0 0 0 0 0 0 0 0 0 0 0 0 0 0 0 0 0 0 0 0 0 0 0 0 0 0 0 0 0 0 0 0 0 0 0 0 0 0 0 0 0 0 0 0 0 0 0 0 0 0 0 0 0 0 0 0 0 0 0 0 0 0 0 0 0 0 0 0 0 0 0 0 0 0 0 0 0 0 0 0 0 0 0 0 0 0 0 0 0 0 0 0 0 0 0 
0 0 0 0 0 0 0 0 0 0 0 0 0 0 0 0 0 0 0 0 0 0 0 0 0 0 0 0 0 0 0 0 0 0 0 0 0 0 0 0 0 0 0 0 0 0 0 0 0 0 0 0 0 0 0 0 0 0 0 0 0 0 0 0 0 0 0 0 0 0 0 0 0 0 0 0 0 0 0 0 0 0 0 0 0 0 0 0 0 0 0 0 0 0 0 0 0 0 0 0 
0 0 0 0 0 0 0 0 0 0 0 0 0 0 0 0 0 0 0 0 0 0 0 0 0 0 0 0 0 0 0 0 0 0 0 0 0 0 0 0 0 0 0 0 0 0 0 0 0 0 0 0 0 0 0 0 0 0 0 0 0 0 0 0 0 0 0 0 0 0 0 0 0 0 0 0 0 0 0 0 0 0 0 0 0 0 0 0 0 0 0 0 0 0 0 0 0 0 0 0 
0 0 0 0 0 0 0 0 0 0 0 0 0 0 0 0 0 0 0 0 0 0 0 0 0 0 0 0 0 0 0 0 0 0 0 0 0 0 0 0 0 0 0 0 0 0 0 0 0 0 0 0 0 0 0 0 0 0 0 0 0 0 0 0 0 0 0 0 0 0 0 0 0 0 0 0 0 0 0 0 0 0 0 0 0 0 0 0 0 0 0 0 0 0 0 0 0 0 0 0 
0 0 0 0 0 0 0 0 0 0 0 0 0 0 0 0 0 0 0 0 0 0 0 0 0 0 0 0 0 0 0 0 0 0 0 0 0 0 0 0 0 0 0 0 0 0 0 0 0 0 0 0 0 0 0 0 0 0 0 0 0 0 0 0 0 0 0 0 0 0 0 0 0 0 0 0 0 0 0 0 0 0 0 0 0 0 0 0 0 0 0 0 0 0 0 0 0 0 0 0 
0 0 0 0 0 0 0 0 0 0 0 0 0 0 0 0 0 0 0 0 0 0 0 0 0 0 0 0 0 0 0 0 0 0 0 0 0 0 0 0 0 0 0 0 0 0 0 0 0 0 0 0 0 0 0 0 0 0 0 0 0 0 0 0 0 0 0 0 0 0 0 0 0 0 0 0 0 0 0 0 0 0 0 0 0 0 0 0 0 0 0 0 0 0 0 0 0 0 0 0 
0 0 0 0 0 0 0 0 0 0 0 0 0 0 0 0 0 0 0 0 0 0 0 0 0 0 0 0 0 0 0 0 0 0 0 0 0 0 0 0 0 0 0 0 0 0 0 0 0 0 0 0 0 0 0 0 0 0 0 0 0 0 0 0 0 0 0 0 0 0 0 0 0 0 0 0 0 0 0 0 0 0 0 0 0 0 0 0 0 0 0 0 0 0 0 0 0 0 0 0 
0 0 0 0 0 0 0 0 0 0 0 0 0 0 0 0 0 0 0 0 0 0 0 0 0 0 0 0 0 0 0 0 0 0 0 0 0 0 0 0 0 0 0 0 0 0 0 0 0 0 0 0 0 0 0 0 0 0 0 0 0 0 0 0 0 0 0 0 0 0 0 0 0 0 0 0 0 0 0 0 0 0 0 0 0 0 0 0 0 0 0 0 0 0 0 0 0 0 0 0 
0 0 0 0 0 0 0 0 0 0 0 0 0 0 0 0 0 0 0 0 0 0 0 0 0 0 0 0 0 0 0 0 0 0 0 0 0 0 0 0 0 0 0 0 0 0 0 0 0 0 0 0 0 0 0 0 0 0 0 0 0 0 0 0 0 0 0 0 0 0 0 0 0 0 0 0 0 0 0 0 0 0 0 0 0 0 0 0 0 0 0 0 0 0 0 0 0 0 0 0 
0 0 0 0 0 0 0 0 0 0 0 0 0 0 0 0 0 0 0 0 0 0 0 0 0 0 0 0 0 0 0 0 0 0 0 0 0 0 0 0 0 0 0 0 0 0 0 0 0 0 0 0 0 0 0 0 0 0 0 0 0 0 0 0 0 0 0 0 0 0 0 0 0 0 0 0 0 0 0 0 0 0 0 0 0 0 0 0 0 0 0 0 0 0 0 0 0 0 0 0 
0 0 0 0 0 0 0 0 0 0 0 0 0 0 0 0 0 0 0 0 0 0 0 0 0 0 0 0 0 0 0 0 0 0 0 0 0 0 0 0 0 0 0 0 0 0 0 0 0 0 0 0 0 0 0 0 0 0 0 0 0 0 0 0 0 0 0 0 0 0 0 0 0 0 0 0 0 0 0 0 0 0 0 0 0 0 0 0 0 0 0 0 0 0 0 0 0 0 0 0 
0 0 0 0 0 0 0 0 0 0 0 0 0 0 0 0 0 0 0 0 0 0 0 0 0 0 0 0 0 0 0 0 0 0 0 0 0 0 0 0 0 0 0 0 0 0 0 0 0 0 0 0 0 0 0 0 0 0 0 0 0 0 0 0 0 0 0 0 0 0 0 0 0 0 0 0 0 0 0 0 0 0 0 0 0 0 0 0 0 0 0 0 0 0 0 0 0 0 0 0 
0 0 0 0 0 0 0 0 0 0 0 0 0 0 0 0 0 0 0 0 0 0 0 0 0 0 0 0 0 0 0 0 0 0 0 0 0 0 0 0 0 0 0 0 0 0 0 0 0 0 0 0 0 0 0 0 0 0 0 0 0 0 0 0 0 0 0 0 0 0 0 0 0 0 0 0 0 0 0 0 0 0 0 0 0 0 0 0 0 0 0 0 0 0 0 0 0 0 0 0 
0 0 0 0 0 0 0 0 0 0 0 0 0 0 0 0 0 0 0 0 0 0 0 0 0 0 0 0 0 0 0 0 0 0 0 0 0 0 0 0 0 0 0 0 0 0 0 0 0 0 0 0 0 0 0 0 0 0 0 0 0 0 0 0 0 0 0 0 0 0 0 0 0 0 0 0 0 0 0 0 0 0 0 0 0 0 0 0 0 0 0 0 0 0 0 0 0 0 0 0 
0 0 0 0 0 0 0 0 0 0 0 0 0 0 0 0 0 0 0 0 0 0 0 0 0 0 0 0 0 0 0 0 0 0 0 0 0 0 0 0 0 0 0 0 0 0 0 0 0 0 0 0 0 0 0 0 0 0 0 0 0 0 0 0 0 0 0 0 0 0 0 0 0 0 0 0 0 0 0 0 0 0 0 0 0 0 0 0 0 0 0 0 0 0 0 0 0 0 0 0 
0 0 0 0 0 0 0 0 0 0 0 0 0 0 0 0 0 0 0 0 0 0 0 0 0 0 0 0 0 0 0 0 0 0 0 0 0 0 0 0 0 0 0 0 0 0 0 0 0 0 0 0 0 0 0 0 0 0 0 0 0 0 0 0 0 0 0 0 0 0 0 0 0 0 0 0 0 0 0 0 0 0 0 0 0 0 0 0 0 0 0 0 0 0 0 0 0 0 0 0 
0 0 0 0 0 0 0 0 0 0 0 0 0 0 0 0 0 0 0 0 0 0 0 0 0 0 0 0 0 0 0 0 0 0 0 0 0 0 0 0 0 0 0 0 0 0 0 0 0 0 0 0 0 0 0 0 0 0 0 0 0 0 0 0 0 0 0 0 0 0 0 0 0 0 0 0 0 0 0 0 0 0 0 0 0 0 0 0 0 0 0 0 0 0 0 0 0 0 0 0 
0 0 0 0 0 0 0 0 0 0 0 0 0 0 0 0 0 0 0 0 0 0 0 0 0 0 0 0 0 0 0 0 0 0 0 0 0 0 0 0 0 0 0 0 0 0 0 0 0 0 0 0 0 0 0 0 0 0 0 0 0 0 0 0 0 0 0 0 0 0 0 0 0 0 0 0 0 0 0 0 0 0 0 0 0 0 0 0 0 0 0 0 0 0 0 0 0 0 0 0 
0 0 0 0 0 0 0 0 0 0 0 0 0 0 0 0 0 0 0 0 0 0 0 0 0 0 0 0 0 0 0 0 0 0 0 0 0 0 0 0 0 0 0 0 0 0 0 0 0 0 0 0 0 0 0 0 0 0 0 0 0 0 0 0 0 0 0 0 0 0 0 0 0 0 0 0 0 0 0 0 0 0 0 0 0 0 0 0 0 0 0 0 0 0 0 0 0 0 0 0 
0 0 0 0 0 0 0 0 0 0 0 0 0 0 0 0 0 0 0 0 0 0 0 0 0 0 0 0 0 0 0 0 0 0 0 0 0 0 0 0 0 0 0 0 0 0 0 0 0 0 0 0 0 0 0 0 0 0 0 0 0 0 0 0 0 0 0 0 0 0 0 0 0 0 0 0 0 0 0 0 0 0 0 0 0 0 0 0 0 0 0 0 0 0 0 0 0 0 0 0 
14 2 11400 11401 0 0 14 2 11402 11403 0 0 14 2 11404 11405 0 0 14 2 11406 11407 0 0 14 2 11408 11409 0 0 14 2 11410 11411 0 0 14 2 11412 11413 0 0 14 2 11414 11415 0 0 14 2 11416 11417 0 0 14 2 11418 11419 0 0 14 2 11420 11421 0 0 14 2 11422 11423 0 0 14 2 11424 11425 0 0 14 2 11426 11427 0 0 14 2 11428 11429 0 0 14 2 11430 11431 0 0 14 2 11432 11433 0 0 14 2 11434 11435 0 0 14 2 11436 11437 0 0 14 2 11438 11439 0 0 14 2 11440 11441 0 0 14 2 11442 11443 0 0 14 2 11444 11445 0 0 14 2 11446 11447 0 0 14 2 11448 11449 0 0 14 2 11450 11451 0 0 14 2 11452 11453 0 0 14 2 11454 11455 0 0 14 2 11456 11457 0 0 14 2 11458 11459 0 0 14 2 11460 11461 0 0 14 2 11462 11463 0 0 14 2 11464 11465 0 0 14 2 11466 11467 0 0 14 2 11468 11469 0 0 14 2 11470 11471 0 0 14 2 11472 11473 0 0 14 2 11474 11475 0 0 14 2 11476 11477 0 0 14 2 11478 11479 0 0 14 2 11480 11481 0 0 14 2 11482 11483 0 0 14 2 11484 11485 0 0 14 2 11486 11487 0 0 14 2 11488 11489 0 0 14 2 11490 11491 0 0 14 2 11492 11493 0 0 14 2 11494 11495 0 0 14 2 11496 11497 0 0 14 2 11498 11499 0 0 14 2 11500 11501 0 0 14 2 11502 11503 0 0 14 2 11504 11505 0 0 14 2 11506 11507 0 0 14 2 11508 11509 0 0 14 2 11510 11511 0 0 14 2 11512 11513 0 0 14 2 11514 11515 0 0 14 2 11516 11517 0 0 14 2 11518 11519 0 0 14 2 11520 11521 0 0 14 2 11522 11523 0 0 14 2 11524 11525 0 0 14 2 11526 11527 0 0 14 2 11528 11529 0 0 14 2 11530 11531 0 0 14 2 11532 11533 0 0 14 2 11534 11535 0 0 14 2 11536 11537 0 0 14 2 11538 11539 0 0 14 2 11540 11541 0 0 14 2 11542 11543 0 0 14 2 11544 11545 0 0 14 2 11546 11547 0 0 14 2 11548 11549 0 0 14 2 11550 11551 0 0 14 2 11552 11553 0 0 14 2 11554 11555 0 0 14 2 11556 11557 0 0 14 2 11558 11559 0 0 14 2 11560 11561 0 0 14 2 11562 11563 0 0 14 2 11564 11565 0 0 14 2 11566 11567 0 0 14 2 11568 11569 0 0 14 2 11570 11571 0 0 14 2 11572 11573 0 0 14 2 11574 11575 0 0 14 2 11576 11577 0 0 14 2 11578 11579 0 0 14 2 11580 11581 0 0 14 2 11582 11583 0 0 14 2 11584 11585 0 0 14 2 11586 11587 0 0 14 2 11588 11589 0 0 14 2 11590 11591 0 0 14 2 11592 11593 0 0 14 2 11594 11595 0 0 14 2 11596 11597 0 0 14 2 11598 11599 0 0 
14 2 11600 11601 0 0 14 2 11602 11603 0 0 14 2 11604 11605 0 0 14 2 11606 11607 0 0 14 2 11608 11609 0 0 14 2 11610 11611 0 0 14 2 11612 11613 0 0 14 2 11614 11615 0 0 14 2 11616 11617 0 0 14 2 11618 11619 0 0 14 2 11620 11621 0 0 14 2 11622 11623 0 0 14 2 11624 11625 0 0 14 2 11626 11627 0 0 14 2 11628 11629 0 0 14 2 11630 11631 0 0 14 2 11632 11633 0 0 14 2 11634 11635 0 0 14 2 11636 11637 0 0 14 2 11638 11639 0 0 14 2 11640 11641 0 0 14 2 11642 11643 0 0 14 2 11644 11645 0 0 14 2 11646 11647 0 0 14 2 11648 11649 0 0 14 2 11650 11651 0 0 14 2 11652 11653 0 0 14 2 11654 11655 0 0 14 2 11656 11657 0 0 14 2 11658 11659 0 0 14 2 11660 11661 0 0 14 2 11662 11663 0 0 14 2 11664 11665 0 0 14 2 11666 11667 0 0 14 2 11668 11669 0 0 14 2 11670 11671 0 0 14 2 11672 11673 0 0 14 2 11674 11675 0 0 14 2 11676 11677 0 0 14 2 11678 11679 0 0 14 2 11680 11681 0 0 14 2 11682 11683 0 0 14 2 11684 11685 0 0 14 2 11686 11687 0 0 14 2 11688 11689 0 0 14 2 11690 11691 0 0 14 2 11692 11693 0 0 14 2 11694 11695 0 0 14 2 11696 11697 0 0 14 2 11698 11699 0 0 14 2 11700 11701 0 0 14 2 11702 11703 0 0 14 2 11704 11705 0 0 14 2 11706 11707 0 0 14 2 11708 11709 0 0 14 2 11710 11711 0 0 14 2 11712 11713 0 0 14 2 11714 11715 0 0 14 2 11716 11717 0 0 14 2 11718 11719 0 0 14 2 11720 11721 0 0 14 2 11722 11723 0 0 14 2 11724 11725 0 0 14 2 11726 11727 0 0 14 2 11728 11729 0 0 14 2 11730 11731 0 0 14 2 11732 11733 0 0 14 2 11734 11735 0 0 14 2 11736 11737 0 0 14 2 11738 11739 0 0 14 2 11740 11741 0 0 14 2 11742 11743 0 0 14 2 11744 11745 0 0 14 2 11746 11747 0 0 14 2 11748 11749 0 0 14 2 11750 11751 0 0 14 2 11752 11753 0 0 14 2 11754 11755 0 0 14 2 11756 11757 0 0 14 2 11758 11759 0 0 14 2 11760 11761 0 0 14 2 11762 11763 0 0 14 2 11764 11765 0 0 14 2 11766 11767 0 0 14 2 11768 11769 0 0 14 2 11770 11771 0 0 14 2 11772 11773 0 0 14 2 11774 11775 0 0 14 2 11776 11777 0 0 14 2 11778 11779 0 0 14 2 11780 11781 0 0 14 2 11782 11783 0 0 14 2 11784 11785 0 0 14 2 11786 11787 0 0 14 2 11788 11789 0 0 14 2 11790 11791 0 0 14 2 11792 11793 0 0 14 2 11794 11795 0 0 14 2 11796 11797 0 0 14 2 11798 11799 0 0 
14 2 11800 11801 0 0 14 2 11802 11803 0 0 14 2 11804 11805 0 0 14 2 11806 11807 0 0 14 2 11808 11809 0 0 14 2 11810 11811 0 0 14 2 11812 11813 0 0 14 2 11814 11815 0 0 14 2 11816 11817 0 0 14 2 11818 11819 0 0 14 2 11820 11821 0 0 14 2 11822 11823 0 0 14 2 11824 11825 0 0 14 2 11826 11827 0 0 14 2 11828 11829 0 0 14 2 11830 11831 0 0 14 2 11832 11833 0 0 14 2 11834 11835 0 0 14 2 11836 11837 0 0 14 2 11838 11839 0 0 14 2 11840 11841 0 0 14 2 11842 11843 0 0 14 2 11844 11845 0 0 14 2 11846 11847 0 0 14 2 11848 11849 0 0 14 2 11850 11851 0 0 14 2 11852 11853 0 0 14 2 11854 11855 0 0 14 2 11856 11857 0 0 14 2 11858 11859 0 0 14 2 11860 11861 0 0 14 2 11862 11863 0 0 14 2 11864 11865 0 0 14 2 11866 11867 0 0 14 2 11868 11869 0 0 14 2 11870 11871 0 0 14 2 11872 11873 0 0 14 2 11874 11875 0 0 14 2 11876 11877 0 0 14 2 11878 11879 0 0 14 2 11880 11881 0 0 14 2 11882 11883 0 0 14 2 11884 11885 0 0 14 2 11886 11887 0 0 14 2 11888 11889 0 0 14 2 11890 11891 0 0 14 2 11892 11893 0 0 14 2 11894 11895 0 0 14 2 11896 11897 0 0 14 2 11898 11899 0 0 14 2 11900 11901 0 0 14 2 11902 11903 0 0 14 2 11904 11905 0 0 14 2 11906 11907 0 0 14 2 11908 11909 0 0 14 2 11910 11911 0 0 14 2 11912 11913 0 0 14 2 11914 11915 0 0 14 2 11916 11917 0 0 14 2 11918 11919 0 0 14 2 11920 11921 0 0 14 2 11922 11923 0 0 14 2 11924 11925 0 0 14 2 11926 11927 0 0 14 2 11928 11929 0 0 14 2 11930 11931 0 0 14 2 11932 11933 0 0 14 2 11934 11935 0 0 14 2 11936 11937 0 0 14 2 11938 11939 0 0 14 2 11940 11941 0 0 14 2 11942 11943 0 0 14 2 11944 11945 0 0 14 2 11946 11947 0 0 14 2 11948 11949 0 0 14 2 11950 11951 0 0 14 2 11952 11953 0 0 14 2 11954 11955 0 0 14 2 11956 11957 0 0 14 2 11958 11959 0 0 14 2 11960 11961 0 0 14 2 11962 11963 0 0 14 2 11964 11965 0 0 14 2 11966 11967 0 0 14 2 11968 11969 0 0 14 2 11970 11971 0 0 14 2 11972 11973 0 0 14 2 11974 11975 0 0 14 2 11976 11977 0 0 14 2 11978 11979 0 0 14 2 11980 11981 0 0 14 2 11982 11983 0 0 14 2 11984 11985 0 0 14 2 11986 11987 0 0 14 2 11988 11989 0 0 14 2 11990 11991 0 0 14 2 11992 11993 0 0 14 2 11994 11995 0 0 14 2 11996 11997 0 0 14 2 11998 11999 0 0 
0 0 0 0 0 0 0 0 0 0 0 0 0 0 0 0 0 0 0 0 0 0 0 0 0 0 0 0 0 0 0 0 0 0 0 0 0 0 0 0 0 0 0 0 0 0 0 0 0 0 0 0 0 0 0 0 0 0 0 0 0 0 0 0 0 0 0 0 0 0 0 0 0 0 0 0 0 0 0 0 0 0 0 0 0 0 0 0 0 0 0 0 0 0 0 0 0 0 0 0 
0 0 0 0 0 0 0 0 0 0 0 0 0 0 0 0 0 0 0 0 0 0 0 0 0 0 0 0 0 0 0 0 0 0 0 0 0 0 0 0 0 0 0 0 0 0 0 0 0 0 0 0 0 0 0 0 0 0 0 0 0 0 0 0 0 0 0 0 0 0 0 0 0 0 0 0 0 0 0 0 0 0 0 0 0 0 0 0 0 0 0 0 0 0 0 0 0 0 0 0 
0 0 0 0 0 0 0 0 0 0 0 0 0 0 0 0 0 0 0 0 0 0 0 0 0 0 0 0 0 0 0 0 0 0 0 0 0 0 0 0 0 0 0 0 0 0 0 0 0 0 0 0 0 0 0 0 0 0 0 0 0 0 0 0 0 0 0 0 0 0 0 0 0 0 0 0 0 0 0 0 0 0 0 0 0 0 0 0 0 0 0 0 0 0 0 0 0 0 0 0 
0 0 0 0 0 0 0 0 0 0 0 0 0 0 0 0 0 0 0 0 0 0 0 0 0 0 0 0 0 0 0 0 0 0 0 0 0 0 0 0 0 0 0 0 0 0 0 0 0 0 0 0 0 0 0 0 0 0 0 0 0 0 0 0 0 0 0 0 0 0 0 0 0 0 0 0 0 0 0 0 0 0 0 0 0 0 0 0 0 0 0 0 0 0 0 0 0 0 0 0 
0 0 0 0 0 0 0 0 0 0 0 0 0 0 0 0 0 0 0 0 0 0 0 0 0 0 0 0 0 0 0 0 0 0 0 0 0 0 0 0 0 0 0 0 0 0 0 0 0 0 0 0 0 0 0 0 0 0 0 0 0 0 0 0 0 0 0 0 0 0 0 0 0 0 0 0 0 0 0 0 0 0 0 0 0 0 0 0 0 0 0 0 0 0 0 0 0 0 0 0 
0 0 0 0 0 0 0 0 0 0 0 0 0 0 0 0 0 0 0 0 0 0 0 0 0 0 0 0 0 0 0 0 0 0 0 0 0 0 0 0 0 0 0 0 0 0 0 0 0 0 0 0 0 0 0 0 0 0 0 0 0 0 0 0 0 0 0 0 0 0 0 0 0 0 0 0 0 0 0 0 0 0 0 0 0 0 0 0 0 0 0 0 0 0 0 0 0 0 0 0 
0 0 0 0 0 0 0 0 0 0 0 0 0 0 0 0 0 0 0 0 0 0 0 0 0 0 0 0 0 0 0 0 0 0 0 0 0 0 0 0 0 0 0 0 0 0 0 0 0 0 0 0 0 0 0 0 0 0 0 0 0 0 0 0 0 0 0 0 0 0 0 0 0 0 0 0 0 0 0 0 0 0 0 0 0 0 0 0 0 0 0 0 0 0 0 0 0 0 0 0 
0 0 0 0 0 0 0 0 0 0 0 0 0 0 0 0 0 0 0 0 0 0 0 0 0 0 0 0 0 0 0 0 0 0 0 0 0 0 0 0 0 0 0 0 0 0 0 0 0 0 0 0 0 0 0 0 0 0 0 0 0 0 0 0 0 0 0 0 0 0 0 0 0 0 0 0 0 0 0 0 0 0 0 0 0 0 0 0 0 0 0 0 0 0 0 0 0 0 0 0 
0 0 0 0 0 0 0 0 0 0 0 0 0 0 0 0 0 0 0 0 0 0 0 0 0 0 0 0 0 0 0 0 0 0 0 0 0 0 0 0 0 0 0 0 0 0 0 0 0 0 0 0 0 0 0 0 0 0 0 0 0 0 0 0 0 0 0 0 0 0 0 0 0 0 0 0 0 0 0 0 0 0 0 0 0 0 0 0 0 0 0 0 0 0 0 0 0 0 0 0 
0 0 0 0 0 0 0 0 0 0 0 0 0 0 0 0 0 0 0 0 0 0 0 0 0 0 0 0 0 0 0 0 0 0 0 0 0 0 0 0 0 0 0 0 0 0 0 0 0 0 0 0 0 0 0 0 0 0 0 0 0 0 0 0 0 0 0 0 0 0 0 0 0 0 0 0 0 0 0 0 0 0 0 0 0 0 0 0 0 0 0 0 0 0 0 0 0 0 0 0 
0 0 0 0 0 0 0 0 0 0 0 0 0 0 0 0 0 0 0 0 0 0 0 0 0 0 0 0 0 0 0 0 0 0 0 0 0 0 0 0 0 0 0 0 0 0 0 0 0 0 0 0 0 0 0 0 0 0 0 0 0 0 0 0 0 0 0 0 0 0 0 0 0 0 0 0 0 0 0 0 0 0 0 0 0 0 0 0 0 0 0 0 0 0 0 0 0 0 0 0 
0 0 0 0 0 0 0 0 0 0 0 0 0 0 0 0 0 0 0 0 0 0 0 0 0 0 0 0 0 0 0 0 0 0 0 0 0 0 0 0 0 0 0 0 0 0 0 0 0 0 0 0 0 0 0 0 0 0 0 0 0 0 0 0 0 0 0 0 0 0 0 0 0 0 0 0 0 0 0 0 0 0 0 0 0 0 0 0 0 0 0 0 0 0 0 0 0 0 0 0 
0 0 0 0 0 0 0 0 0 0 0 0 0 0 0 0 0 0 0 0 0 0 0 0 0 0 0 0 0 0 0 0 0 0 0 0 0 0 0 0 0 0 0 0 0 0 0 0 0 0 0 0 0 0 0 0 0 0 0 0 0 0 0 0 0 0 0 0 0 0 0 0 0 0 0 0 0 0 0 0 0 0 0 0 0 0 0 0 0 0 0 0 0 0 0 0 0 0 0 0 
0 0 0 0 0 0 0 0 0 0 0 0 0 0 0 0 0 0 0 0 0 0 0 0 0 0 0 0 0 0 0 0 0 0 0 0 0 0 0 0 0 0 0 0 0 0 0 0 0 0 0 0 0 0 0 0 0 0 0 0 0 0 0 0 0 0 0 0 0 0 0 0 0 0 0 0 0 0 0 0 0 0 0 0 0 0 0 0 0 0 0 0 0 0 0 0 0 0 0 0 
0 0 0 0 0 0 0 0 0 0 0 0 0 0 0 0 0 0 0 0 0 0 0 0 0 0 0 0 0 0 0 0 0 0 0 0 0 0 0 0 0 0 0 0 0 0 0 0 0 0 0 0 0 0 0 0 0 0 0 0 0 0 0 0 0 0 0 0 0 0 0 0 0 0 0 0 0 0 0 0 0 0 0 0 0 0 0 0 0 0 0 0 0 0 0 0 0 0 0 0 
0 0 0 0 0 0 0 0 0 0 0 0 0 0 0 0 0 0 0 0 0 0 0 0 0 0 0 0 0 0 0 0 0 0 0 0 0 0 0 0 0 0 0 0 0 0 0 0 0 0 0 0 0 0 0 0 0 0 0 0 0 0 0 0 0 0 0 0 0 0 0 0 0 0 0 0 0 0 0 0 0 0 0 0 0 0 0 0 0 0 0 0 0 0 0 0 0 0 0 0 
0 0 0 0 0 0 0 0 0 0 0 0 0 0 0 0 0 0 0 0 0 0 0 0 0 0 0 0 0 0 0 0 0 0 0 0 0 0 0 0 0 0 0 0 0 0 0 0 0 0 0 0 0 0 0 0 0 0 0 0 0 0 0 0 0 0 0 0 0 0 0 0 0 0 0 0 0 0 0 0 0 0 0 0 0 0 0 0 0 0 0 0 0 0 0 0 0 0 0 0 
0 0 0 0 0 0 0 0 0 0 0 0 0 0 0 0 0 0 0 0 0 0 0 0 0 0 0 0 0 0 0 0 0 0 0 0 0 0 0 0 0 0 0 0 0 0 0 0 0 0 0 0 0 0 0 0 0 0 0 0 0 0 0 0 0 0 0 0 0 0 0 0 0 0 0 0 0 0 0 0 0 0 0 0 0 0 0 0 0 0 0 0 0 0 0 0 0 0 0 0 
0 0 0 0 0 0 0 0 0 0 0 0 0 0 0 0 0 0 0 0 0 0 0 0 0 0 0 0 0 0 0 0 0 0 0 0 0 0 0 0 0 0 0 0 0 0 0 0 0 0 0 0 0 0 0 0 0 0 0 0 0 0 0 0 0 0 0 0 0 0 0 0 0 0 0 0 0 0 0 0 0 0 0 0 0 0 0 0 0 0 0 0 0 0 0 0 0 0 0 0 
0 0 0 0 0 0 0 0 0 0 0 0 0 0 0 0 0 0 0 0 0 0 0 0 0 0 0 0 0 0 0 0 0 0 0 0 0 0 0 0 0 0 0 0 0 0 0 0 0 0 0 0 0 0 0 0 0 0 0 0 0 0 0 0 0 0 0 0 0 0 0 0 0 0 0 0 0 0 0 0 0 0 0 0 0 0 0 0 0 0 0 0 0 0 0 0 0 0 0 0 
0 0 0 0 0 0 0 0 0 0 0 0 0 0 0 0 0 0 0 0 0 0 0 0 0 0 0 0 0 0 0 0 0 0 0 0 0 0 0 0 0 0 0 0 0 0 0 0 0 0 0 0 0 0 0 0 0 0 0 0 0 0 0 0 0 0 0 0 0 0 0 0 0 0 0 0 0 0 0 0 0 0 0 0 0 0 0 0 0 0 0 0 0 0 0 0 0 0 0 0 
0 0 0 0 0 0 0 0 0 0 0 0 0 0 0 0 0 0 0 0 0 0 0 0 0 0 0 0 0 0 0 0 0 0 0 0 0 0 0 0 0 0 0 0 0 0 0 0 0 0 0 0 0 0 0 0 0 0 0 0 0 0 0 0 0 0 0 0 0 0 0 0 0 0 0 0 0 0 0 0 0 0 0 0 0 0 0 0 0 0 0 0 0 0 0 0 0 0 0 0 
0 0 0 0 0 0 0 0 0 0 0 0 0 0 0 0 0 0 0 0 0 0 0 0 0 0 0 0 0 0 0 0 0 0 0 0 0 0 0 0 0 0 0 0 0 0 0 0 0 0 0 0 0 0 0 0 0 0 0 0 0 0 0 0 0 0 0 0 0 0 0 0 0 0 0 0 0 0 0 0 0 0 0 0 0 0 0 0 0 0 0 0 0 0 0 0 0 0 0 0 
0 0 0 0 0 0 0 0 0 0 0 0 0 0 0 0 0 0 0 0 0 0 0 0 0 0 0 0 0 0 0 0 0 0 0 0 0 0 0 0 0 0 0 0 0 0 0 0 0 0 0 0 0 0 0 0 0 0 0 0 0 0 0 0 0 0 0 0 0 0 0 0 0 0 0 0 0 0 0 0 0 0 0 0 0 0 0 0 0 0 0 0 0 0 0 0 0 0 0 0 
0 0 0 0 0 0 0 0 0 0 0 0 0 0 0 0 0 0 0 0 0 0 0 0 0 0 0 0 0 0 0 0 0 0 0 0 0 0 0 0 0 0 0 0 0 0 0 0 0 0 0 0 0 0 0 0 0 0 0 0 0 0 0 0 0 0 0 0 0 0 0 0 0 0 0 0 0 0 0 0 0 0 0 0 0 0 0 0 0 0 0 0 0 0 0 0 0 0 0 0 
0 0 0 0 0 0 0 0 0 0 0 0 0 0 0 0 0 0 0 0 0 0 0 0 0 0 0 0 0 0 0 0 0 0 0 0 0 0 0 0 0 0 0 0 0 0 0 0 0 0 0 0 0 0 0 0 0 0 0 0 0 0 0 0 0 0 0 0 0 0 0 0 0 0 0 0 0 0 0 0 0 0 0 0 0 0 0 0 0 0 0 0 0 0 0 0 0 0 0 0 
0 0 0 0 0 0 0 0 0 0 0 0 0 0 0 0 0 0 0 0 0 0 0 0 0 0 0 0 0 0 0 0 0 0 0 0 0 0 0 0 0 0 0 0 0 0 0 0 0 0 0 0 0 0 0 0 0 0 0 0 0 0 0 0 0 0 0 0 0 0 0 0 0 0 0 0 0 0 0 0 0 0 0 0 0 0 0 0 0 0 0 0 0 0 0 0 0 0 0 0 
0 0 0 0 0 0 0 0 0 0 0 0 0 0 0 0 0 0 0 0 0 0 0 0 0 0 0 0 0 0 0 0 0 0 0 0 0 0 0 0 0 0 0 0 0 0 0 0 0 0 0 0 0 0 0 0 0 0 0 0 0 0 0 0 0 0 0 0 0 0 0 0 0 0 0 0 0 0 0 0 0 0 0 0 0 0 0 0 0 0 0 0 0 0 0 0 0 0 0 0 
14 2 17600 17601 0 0 14 2 17602 17603 0 0 14 2 17604 17605 0 0 14 2 17606 17607 0 0 14 2 17608 17609 0 0 14 2 17610 17611 0 0 14 2 17612 17613 0 0 14 2 17614 17615 0 0 14 2 17616 17617 0 0 14 2 17618 17619 0 0 14 2 17620 17621 0 0 14 2 17622 17623 0 0 14 2 17624 17625 0 0 14 2 17626 17627 0 0 14 2 17628 17629 0 0 14 2 17630 17631 0 0 14 2 17632 17633 0 0 14 2 17634 17635 0 0 14 2 17636 17637 0 0 14 2 17638 17639 0 0 14 2 17640 17641 0 0 14 2 17642 17643 0 0 14 2 17644 17645 0 0 14 2 17646 17647 0 0 14 2 17648 17649 0 0 14 2 17650 17651 0 0 14 2 17652 17653 0 0 14 2 17654 17655 0 0 14 2 17656 17657 0 0 14 2 17658 17659 0 0 14 2 17660 17661 0 0 14 2 17662 17663 0 0 14 2 17664 17665 0 0 14 2 17666 17667 0 0 14 2 17668 17669 0 0 14 2 17670 17671 0 0 14 2 17672 17673 0 0 14 2 17674 17675 0 0 14 2 17676 17677 0 0 14 2 17678 17679 0 0 14 2 17680 17681 0 0 14 2 17682 17683 0 0 14 2 17684 17685 0 0 14 2 17686 17687 0 0 14 2 17688 17689 0 0 14 2 17690 17691 0 0 14 2 17692 17693 0 0 14 2 17694 17695 0 0 14 2 17696 17697 0 0 14 2 17698 17699 0 0 14 2 17700 17701 0 0 14 2 17702 17703 0 0 14 2 17704 17705 0 0 14 2 17706 17707 0 0 14 2 17708 17709 0 0 14 2 17710 17711 0 0 14 2 17712 17713 0 0 14 2 17714 17715 0 0 14 2 17716 17717 0 0 14 2 17718 17719 0 0 14 2 17720 17721 0 0 14 2 17722 17723 0 0 14 2 17724 17725 0 0 14 2 17726 17727 0 0 14 2 17728 17729 0 0 14 2 17730 17731 0 0 14 2 17732 17733 0 0 14 2 17734 17735 0 0 14 2 17736 17737 0 0 14 2 17738 17739 0 0 14 2 17740 17741 0 0 14 2 17742 17743 0 0 14 2 17744 17745 0 0 14 2 17746 17747 0 0 14 2 17748 17749 0 0 14 2 17750 17751 0 0 14 2 17752 17753 0 0 14 2 17754 17755 0 0 14 2 17756 17757 0 0 14 2 17758 17759 0 0 14 2 17760 17761 0 0 14 2 17762 17763 0 0 14 2 17764 17765 0 0 14 2 17766 17767 0 0 14 2 17768 17769 0 0 14 2 17770 17771 0 0 14 2 17772 17773 0 0 14 2 17774 17775 0 0 14 2 17776 17777 0 0 14 2 17778 17779 0 0 14 2 17780 17781 0 0 14 2 17782 17783 0 0 14 2 17784 17785 0 0 14 2 17786 17787 0 0 14 2 17788 17789 0 0 14 2 17790 17791 0 0 14 2 17792 17793 0 0 14 2 17794 17795 0 0 14 2 17796 17797 0 0 14 2 17798 17799 0 0 
14 2 17800 17801 0 0 14 2 17802 17803 0 0 14 2 17804 17805 0 0 14 2 17806 17807 0 0 14 2 17808 17809 0 0 14 2 17810 17811 0 0 14 2 17812 17813 0 0 14 2 17814 17815 0 0 14 2 17816 17817 0 0 14 2 17818 17819 0 0 14 2 17820 17821 0 0 14 2 17822 17823 0 0 14 2 17824 17825 0 0 14 2 17826 17827 0 0 14 2 17828 17829 0 0 14 2 17830 17831 0 0 14 2 17832 17833 0 0 14 2 17834 17835 0 0 14 2 17836 17837 0 0 14 2 17838 17839 0 0 14 2 17840 17841 0 0 14 2 17842 17843 0 0 14 2 17844 17845 0 0 14 2 17846 17847 0 0 14 2 17848 17849 0 0 14 2 17850 17851 0 0 14 2 17852 17853 0 0 14 2 17854 17855 0 0 14 2 17856 17857 0 0 14 2 17858 17859 0 0 14 2 17860 17861 0 0 14 2 17862 17863 0 0 14 2 17864 17865 0 0 14 2 17866 17867 0 0 14 2 17868 17869 0 0 14 2 17870 17871 0 0 14 2 17872 17873 0 0 14 2 17874 17875 0 0 14 2 17876 17877 0 0 14 2 17878 17879 0 0 14 2 17880 17881 0 0 14 2 17882 17883 0 0 14 2 17884 17885 0 0 14 2 17886 17887 0 0 14 2 17888 17889 0 0 14 2 17890 17891 0 0 14 2 17892 17893 0 0 14 2 17894 17895 0 0 14 2 17896 17897 0 0 14 2 17898 17899 0 0 14 2 17900 17901 0 0 14 2 17902 17903 0 0 14 2 17904 17905 0 0 14 2 17906 17907 0 0 14 2 17908 17909 0 0 14 2 17910 17911 0 0 14 2 17912 17913 0 0 14 2 17914 17915 0 0 14 2 17916 17917 0 0 14 2 17918 17919 0 0 14 2 17920 17921 0 0 14 2 17922 17923 0 0 14 2 17924 17925 0 0 14 2 17926 17927 0 0 14 2 17928 17929 0 0 14 2 17930 17931 0 0 14 2 17932 17933 0 0 14 2 17934 17935 0 0 14 2 17936 17937 0 0 14 2 17938 17939 0 0 14 2 17940 17941 0 0 14 2 17942 17943 0 0 14 2 17944 17945 0 0 14 2 17946 17947 0 0 14 2 17948 17949 0 0 14 2 17950 17951 0 0 14 2 17952 17953 0 0 14 2 17954 17955 0 0 14 2 17956 17957 0 0 14 2 17958 17959 0 0 14 2 17960 17961 0 0 14 2 17962 17963 0 0 14 2 17964 17965 0 0 14 2 17966 17967 0 0 14 2 17968 17969 0 0 14 2 17970 17971 0 0 14 2 17972 17973 0 0 14 2 17974 17975 0 0 14 2 17976 17977 0 0 14 2 17978 17979 0 0 14 2 17980 17981 0 0 14 2 17982 17983 0 0 14 2 17984 17985 0 0 14 2 17986 17987 0 0 14 2 17988 17989 0 0 14 2 17990 17991 0 0 14 2 17992 17993 0 0 14 2 17994 17995 0 0 14 2 17996 17997 0 0 14 2 17998 17999 0 0 
14 2 18000 18001 0 0 14 2 18002 18003 0 0 14 2 18004 18005 0 0 14 2 18006 18007 0 0 14 2 18008 18009 0 0 14 2 18010 18011 0 0 14 2 18012 18013 0 0 14 2 18014 18015 0 0 14 2 18016 18017 0 0 14 2 18018 18019 0 0 14 2 18020 18021 0 0 14 2 18022 18023 0 0 14 2 18024 18025 0 0 14 2 18026 18027 0 0 14 2 18028 18029 0 0 14 2 18030 18031 0 0 14 2 18032 18033 0 0 14 2 18034 18035 0 0 14 2 18036 18037 0 0 14 2 18038 18039 0 0 14 2 18040 18041 0 0 14 2 18042 18043 0 0 14 2 18044 18045 0 0 14 2 18046 18047 0 0 14 2 18048 18049 0 0 14 2 18050 18051 0 0 14 2 18052 18053 0 0 14 2 18054 18055 0 0 14 2 18056 18057 0 0 14 2 18058 18059 0 0 14 2 18060 18061 0 0 14 2 18062 18063 0 0 14 2 18064 18065 0 0 14 2 18066 18067 0 0 14 2 18068 18069 0 0 14 2 18070 18071 0 0 14 2 18072 18073 0 0 14 2 18074 18075 0 0 14 2 18076 18077 0 0 14 2 18078 18079 0 0 14 2 18080 18081 0 0 14 2 18082 18083 0 0 14 2 18084 18085 0 0 14 2 18086 18087 0 0 14 2 18088 18089 0 0 14 2 18090 18091 0 0 14 2 18092 18093 0 0 14 2 18094 18095 0 0 14 2 18096 18097 0 0 14 2 18098 18099 0 0 14 2 18100 18101 0 0 14 2 18102 18103 0 0 14 2 18104 18105 0 0 14 2 18106 18107 0 0 14 2 18108 18109 0 0 14 2 18110 18111 0 0 14 2 18112 18113 0 0 14 2 18114 18115 0 0 14 2 18116 18117 0 0 14 2 18118 18119 0 0 14 2 18120 18121 0 0 14 2 18122 18123 0 0 14 2 18124 18125 0 0 14 2 18126 18127 0 0 14 2 18128 18129 0 0 14 2 18130 18131 0 0 14 2 18132 18133 0 0 14 2 18134 18135 0 0 14 2 18136 18137 0 0 14 2 18138 18139 0 0 14 2 18140 18141 0 0 14 2 18142 18143 0 0 14 2 18144 18145 0 0 14 2 18146 18147 0 0 14 2 18148 18149 0 0 14 2 18150 18151 0 0 14 2 18152 18153 0 0 14 2 18154 18155 0 0 14 2 18156 18157 0 0 14 2 18158 18159 0 0 14 2 18160 18161 0 0 14 2 18162 18163 0 0 14 2 18164 18165 0 0 14 2 18166 18167 0 0 14 2 18168 18169 0 0 14 2 18170 18171 0 0 14 2 18172 18173 0 0 14 2 18174 18175 0 0 14 2 18176 18177 0 0 14 2 18178 18179 0 0 14 2 18180 18181 0 0 14 2 18182 18183 0 0 14 2 18184 18185 0 0 14 2 18186 18187 0 0 14 2 18188 18189 0 0 14 2 18190 18191 0 0 14 2 18192 18193 0 0 14 2 18194 18195 0 0 14 2 18196 18197 0 0 14 2 18198 18199 0 0 
0 0 0 0 0 0 0 0 0 0 0 0 0 0 0 0 0 0 0 0 0 0 0 0 0 0 0 0 0 0 0 0 0 0 0 0 0 0 0 0 0 0 0 0 0 0 0 0 0 0 0 0 0 0 0 0 0 0 0 0 0 0 0 0 0 0 0 0 0 0 0 0 0 0 0 0 0 0 0 0 0 0 0 0 0 0 0 0 0 0 0 0 0 0 0 0 0 0 0 0 
0 0 0 0 0 0 0 0 0 0 0 0 0 0 0 0 0 0 0 0 0 0 0 0 0 0 0 0 0 0 0 0 0 0 0 0 0 0 0 0 0 0 0 0 0 0 0 0 0 0 0 0 0 0 0 0 0 0 0 0 0 0 0 0 0 0 0 0 0 0 0 0 0 0 0 0 0 0 0 0 0 0 0 0 0 0 0 0 0 0 0 0 0 0 0 0 0 0 0 0 
0 0 0 0 0 0 0 0 0 0 0 0 0 0 0 0 0 0 0 0 0 0 0 0 0 0 0 0 0 0 0 0 0 0 0 0 0 0 0 0 0 0 0 0 0 0 0 0 0 0 0 0 0 0 0 0 0 0 0 0 0 0 0 0 0 0 0 0 0 0 0 0 0 0 0 0 0 0 0 0 0 0 0 0 0 0 0 0 0 0 0 0 0 0 0 0 0 0 0 0 
0 0 0 0 0 0 0 0 0 0 0 0 0 0 0 0 0 0 0 0 0 0 0 0 0 0 0 0 0 0 0 0 0 0 0 0 0 0 0 0 0 0 0 0 0 0 0 0 0 0 0 0 0 0 0 0 0 0 0 0 0 0 0 0 0 0 0 0 0 0 0 0 0 0 0 0 0 0 0 0 0 0 0 0 0 0 0 0 0 0 0 0 0 0 0 0 0 0 0 0 
0 0 0 0 0 0 0 0 0 0 0 0 0 0 0 0 0 0 0 0 0 0 0 0 0 0 0 0 0 0 0 0 0 0 0 0 0 0 0 0 0 0 0 0 0 0 0 0 0 0 0 0 0 0 0 0 0 0 0 0 0 0 0 0 0 0 0 0 0 0 0 0 0 0 0 0 0 0 0 0 0 0 0 0 0 0 0 0 0 0 0 0 0 0 0 0 0 0 0 0 
0 0 0 0 0 0 0 0 0 0 0 0 0 0 0 0 0 0 0 0 0 0 0 0 0 0 0 0 0 0 0 0 0 0 0 0 0 0 0 0 0 0 0 0 0 0 0 0 0 0 0 0 0 0 0 0 0 0 0 0 0 0 0 0 0 0 0 0 0 0 0 0 0 0 0 0 0 0 0 0 0 0 0 0 0 0 0 0 0 0 0 0 0 0 0 0 0 0 0 0 
0 0 0 0 0 0 0 0 0 0 0 0 0 0 0 0 0 0 0 0 0 0 0 0 0 0 0 0 0 0 0 0 0 0 0 0 0 0 0 0 0 0 0 0 0 0 0 0 0 0 0 0 0 0 0 0 0 0 0 0 0 0 0 0 0 0 0 0 0 0 0 0 0 0 0 0 0 0 0 0 0 0 0 0 0 0 0 0 0 0 0 0 0 0 0 0 0 0 0 0 
0 0 0 0 0 0 0 0 0 0 0 0 0 0 0 0 0 0 0 0 0 0 0 0 0 0 0 0 0 0 0 0 0 0 0 0 0 0 0 0 0 0 0 0 0 0 0 0 0 0 0 0 0 0 0 0 0 0 0 0 0 0 0 0 0 0 0 0 0 0 0 0 0 0 0 0 0 0 0 0 0 0 0 0 0 0 0 0 0 0 0 0 0 0 0 0 0 0 0 0 
0 0 0 0 0 0 0 0 0 0 0 0 0 0 0 0 0 0 0 0 0 0 0 0 0 0 0 0 0 0 0 0 0 0 0 0 0 0 0 0 0 0 0 0 0 0 0 0 0 0 0 0 0 0 0 0 0 0 0 0 0 0 0 0 0 0 0 0 0 0 0 0 0 0 0 0 0 0 0 0 0 0 0 0 0 0 0 0 0 0 0 0 0 0 0 0 0 0 0 0 

0 0 0 0 0 0 0 0 0 0 0 0 0 0 0 0 0 0 0 0 0 0 0 0 0 0 0 0 0 0 0 0 0 0 0 0 0 0 0 0 0 0 0 0 0 0 0 0 0 0 0 0 0 0 0 0 0 0 0 0 0 0 0 0 0 0 0 0 0 0 0 0 0 0 0 0 0 0 0 0 0 0 0 0 0 0 0 0 0 0 0 0 0 0 0 0 0 0 0 0 
0 0 0 0 0 0 0 0 0 0 0 0 0 0 0 0 0 0 0 0 0 0 0 0 0 0 0 0 0 0 0 0 0 0 0 0 0 0 0 0 0 0 0 0 0 0 0 0 0 0 0 0 0 0 0 0 0 0 0 0 0 0 0 0 0 0 0 0 0 0 0 0 0 0 0 0 0 0 0 0 0 0 0 0 0 0 0 0 0 0 0 0 0 0 0 0 0 0 0 0 
0 0 0 0 0 0 0 0 0 0 0 0 0 0 0 0 0 0 0 0 0 0 0 0 0 0 0 0 0 0 0 0 0 0 0 0 0 0 0 0 0 0 0 0 0 0 0 0 0 0 0 0 0 0 0 0 0 0 0 0 0 0 0 0 0 0 0 0 0 0 0 0 0 0 0 0 0 0 0 0 0 0 0 0 0 0 0 0 0 0 0 0 0 0 0 0 0 0 0 0 
0 0 0 0 0 0 0 0 0 0 0 0 0 0 0 0 0 0 0 0 0 0 0 0 0 0 0 0 0 0 0 0 0 0 0 0 0 0 0 0 0 0 0 0 0 0 0 0 0 0 0 0 0 0 0 0 0 0 0 0 0 0 0 0 0 0 0 0 0 0 0 0 0 0 0 0 0 0 0 0 0 0 0 0 0 0 0 0 0 0 0 0 0 0 0 0 0 0 0 0 
0 0 0 0 0 0 0 0 0 0 0 0 0 0 0 0 0 0 0 0 0 0 0 0 0 0 0 0 0 0 0 0 0 0 0 0 0 0 0 0 0 0 0 0 0 0 0 0 0 0 0 0 0 0 0 0 0 0 0 0 0 0 0 0 0 0 0 0 0 0 0 0 0 0 0 0 0 0 0 0 0 0 0 0 0 0 0 0 0 0 0 0 0 0 0 0 0 0 0 0 
0 0 0 0 0 0 0 0 0 0 0 0 0 0 0 0 0 0 0 0 0 0 0 0 0 0 0 0 0 0 0 0 0 0 0 0 0 0 0 0 0 0 0 0 0 0 0 0 0 0 0 0 0 0 0 0 0 0 0 0 0 0 0 0 0 0 0 0 0 0 0 0 0 0 0 0 0 0 0 0 0 0 0 0 0 0 0 0 0 0 0 0 0 0 0 0 0 0 0 0 
0 0 0 0 0 0 0 0 0 0 0 0 0 0 0 0 0 0 0 0 0 0 0 0 0 0 0 0 0 0 0 0 0 0 0 0 0 0 0 0 0 0 0 0 0 0 0 0 0 0 0 0 0 0 0 0 0 0 0 0 0 0 0 0 0 0 0 0 0 0 0 0 0 0 0 0 0 0 0 0 0 0 0 0 0 0 0 0 0 0 0 0 0 0 0 0 0 0 0 0 
0 0 0 0 0 0 0 0 0 0 0 0 0 0 0 0 0 0 0 0 0 0 0 0 0 0 0 0 0 0 0 0 0 0 0 0 0 0 0 0 0 0 0 0 0 0 0 0 0 0 0 0 0 0 0 0 0 0 0 0 0 0 0 0 0 0 0 0 0 0 0 0 0 0 0 0 0 0 0 0 0 0 0 0 0 0 0 0 0 0 0 0 0 0 0 0 0 0 0 0 
0 0 0 0 0 0 0 0 0 0 0 0 0 0 0 0 0 0 0 0 0 0 0 0 0 0 0 0 0 0 0 0 0 0 0 0 0 0 0 0 0 0 0 0 0 0 0 0 0 0 0 0 0 0 0 0 0 0 0 0 0 0 0 0 0 0 0 0 0 0 0 0 0 0 0 0 0 0 0 0 0 0 0 0 0 0 0 0 0 0 0 0 0 0 0 0 0 0 0 0 
0 0 0 0 0 0 0 0 0 0 0 0 0 0 0 0 0 0 0 0 0 0 0 0 0 0 0 0 0 0 0 0 0 0 0 0 0 0 0 0 0 0 0 0 0 0 0 0 0 0 0 0 0 0 0 0 0 0 0 0 0 0 0 0 0 0 0 0 0 0 0 0 0 0 0 0 0 0 0 0 0 0 0 0 0 0 0 0 0 0 0 0 0 0 0 0 0 0 0 0 
0 0 0 0 0 0 0 0 0 0 0 0 0 0 0 0 0 0 0 0 0 0 0 0 0 0 0 0 0 0 0 0 0 0 0 0 0 0 0 0 0 0 0 0 0 0 0 0 0 0 0 0 0 0 0 0 0 0 0 0 0 0 0 0 0 0 0 0 0 0 0 0 0 0 0 0 0 0 0 0 0 0 0 0 0 0 0 0 0 0 0 0 0 0 0 0 0 0 0 0 
0 0 0 0 0 0 0 0 0 0 0 0 0 0 0 0 0 0 0 0 0 0 0 0 0 0 0 0 0 0 0 0 0 0 0 0 0 0 0 0 0 0 0 0 0 0 0 0 0 0 0 0 0 0 0 0 0 0 0 0 0 0 0 0 0 0 0 0 0 0 0 0 0 0 0 0 0 0 0 0 0 0 0 0 0 0 0 0 0 0 0 0 0 0 0 0 0 0 0 0 
0 0 0 0 0 0 0 0 0 0 0 0 0 0 0 0 0 0 0 0 0 0 0 0 0 0 0 0 0 0 0 0 0 0 0 0 0 0 0 0 0 0 0 0 0 0 0 0 0 0 0 0 0 0 0 0 0 0 0 0 0 0 0 0 0 0 0 0 0 0 0 0 0 0 0 0 0 0 0 0 0 0 0 0 0 0 0 0 0 0 0 0 0 0 0 0 0 0 0 0 
0 0 0 0 0 0 0 0 0 0 0 0 0 0 0 0 0 0 0 0 0 0 0 0 0 0 0 0 0 0 0 0 0 0 0 0 0 0 0 0 0 0 0 0 0 0 0 0 0 0 0 0 0 0 0 0 0 0 0 0 0 0 0 0 0 0 0 0 0 0 0 0 0 0 0 0 0 0 0 0 0 0 0 0 0 0 0 0 0 0 0 0 0 0 0 0 0 0 0 0 
0 0 0 0 0 0 0 0 0 0 0 0 0 0 0 0 0 0 0 0 0 0 0 0 0 0 0 0 0 0 0 0 0 0 0 0 0 0 0 0 0 0 0 0 0 0 0 0 0 0 0 0 0 0 0 0 0 0 0 0 0 0 0 0 0 0 0 0 0 0 0 0 0 0 0 0 0 0 0 0 0 0 0 0 0 0 0 0 0 0 0 0 0 0 0 0 0 0 0 0 
0 0 0 0 0 0 0 0 0 0 0 0 0 0 0 0 0 0 0 0 0 0 0 0 0 0 0 0 0 0 0 0 0 0 0 0 0 0 0 0 0 0 0 0 0 0 0 0 0 0 0 0 0 0 0 0 0 0 0 0 0 0 0 0 0 0 0 0 0 0 0 0 0 0 0 0 0 0 0 0 0 0 0 0 0 0 0 0 0 0 0 0 0 0 0 0 0 0 0 0 
0 0 0 0 0 0 0 0 0 0 0 0 0 0 0 0 0 0 0 0 0 0 0 0 0 0 0 0 0 0 0 0 0 0 0 0 0 0 0 0 0 0 0 0 0 0 0 0 0 0 0 0 0 0 0 0 0 0 0 0 0 0 0 0 0 0 0 0 0 0 0 0 0 0 0 0 0 0 0 0 0 0 0 0 0 0 0 0 0 0 0 0 0 0 0 0 0 0 0 0 
0 0 0 0 0 0 0 0 0 0 0 0 0 0 0 0 0 0 0 0 0 0 0 0 0 0 0 0 0 0 0 0 0 0 0 0 0 0 0 0 0 0 0 0 0 0 0 0 0 0 0 0 0 0 0 0 0 0 0 0 0 0 0 0 0 0 0 0 0 0 0 0 0 0 0 0 0 0 0 0 0 0 0 0 0 0 0 0 0 0 0 0 0 0 0 0 0 0 0 0 
0 0 0 0 0 0 0 0 0 0 0 0 0 0 0 0 0 0 0 0 0 0 0 0 0 0 0 0 0 0 0 0 0 0 0 0 0 0 0 0 0 0 0 0 0 0 0 0 0 0 0 0 0 0 0 0 0 0 0 0 0 0 0 0 0 0 0 0 0 0 0 0 0 0 0 0 0 0 0 0 0 0 0 0 0 0 0 0 0 0 0 0 0 0 0 0 0 0 0 0 
0 0 0 0 0 0 0 0 0 0 0 0 0 0 0 0 0 0 0 0 0 0 0 0 0 0 0 0 0 0 0 0 0 0 0 0 0 0 0 0 0 0 0 0 0 0 0 0 0 0 0 0 0 0 0 0 0 0 0 0 0 0 0 0 0 0 0 0 0 0 0 0 0 0 0 0 0 0 0 0 0 0 0 0 0 0 0 0 0 0 0 0 0 0 0 0 0 0 0 0 
0 0 0 0 0 0 0 0 0 0 0 0 0 0 0 0 0 0 0 0 0 0 0 0 0 0 0 0 0 0 0 0 0 0 0 0 0 0 0 0 0 0 0 0 0 0 0 0 0 0 0 0 0 0 0 0 0 0 0 0 0 0 0 0 0 0 0 0 0 0 0 0 0 0 0 0 0 0 0 0 0 0 0 0 0 0 0 0 0 0 0 0 0 0 0 0 0 0 0 0 
0 0 0 0 0 0 0 0 0 0 0 0 0 0 0 0 0 0 0 0 0 0 0 0 0 0 0 0 0 0 0 0 0 0 0 0 0 0 0 0 0 0 0 0 0 0 0 0 0 0 0 0 0 0 0 0 0 0 0 0 0 0 0 0 0 0 0 0 0 0 0 0 0 0 0 0 0 0 0 0 0 0 0 0 0 0 0 0 0 0 0 0 0 0 0 0 0 0 0 0 
0 0 0 0 0 0 0 0 0 0 0 0 0 0 0 0 0 0 0 0 0 0 0 0 0 0 0 0 0 0 0 0 0 0 0 0 0 0 0 0 0 0 0 0 0 0 0 0 0 0 0 0 0 0 0 0 0 0 0 0 0 0 0 0 0 0 0 0 0 0 0 0 0 0 0 0 0 0 0 0 0 0 0 0 0 0 0 0 0 0 0 0 0 0 0 0 0 0 0 0 
0 0 0 0 0 0 0 0 0 0 0 0 0 0 0 0 0 0 0 0 0 0 0 0 0 0 0 0 0 0 0 0 0 0 0 0 0 0 0 0 0 0 0 0 0 0 0 0 0 0 0 0 0 0 0 0 0 0 0 0 0 0 0 0 0 0 0 0 0 0 0 0 0 0 0 0 0 0 0 0 0 0 0 0 0 0 0 0 0 0 0 0 0 0 0 0 0 0 0 0 
0 0 0 0 0 0 0 0 0 0 0 0 0 0 0 0 0 0 0 0 0 0 0 0 0 0 0 0 0 0 0 0 0 0 0 0 0 0 0 0 0 0 0 0 0 0 0 0 0 0 0 0 0 0 0 0 0 0 0 0 0 0 0 0 0 0 0 0 0 0 0 0 0 0 0 0 0 0 0 0 0 0 0 0 0 0 0 0 0 0 0 0 0 0 0 0 0 0 0 0 
0 0 0 0 0 0 0 0 0 0 0 0 0 0 0 0 0 0 0 0 0 0 0 0 0 0 0 0 0 0 0 0 0 0 0 0 0 0 0 0 0 0 0 0 0 0 0 0 0 0 0 0 0 0 0 0 0 0 0 0 0 0 0 0 0 0 0 0 0 0 0 0 0 0 0 0 0 0 0 0 0 0 0 0 0 0 0 0 0 0 0 0 0 0 0 0 0 0 0 0 
0 0 0 0 0 0 0 0 0 0 0 0 0 0 0 0 0 0 0 0 0 0 0 0 0 0 0 0 0 0 0 0 0 0 0 0 0 0 0 0 0 0 0 0 0 0 0 0 0 0 0 0 0 0 0 0 0 0 0 0 0 0 0 0 0 0 0 0 0 0 0 0 0 0 0 0 0 0 0 0 0 0 0 0 0 0 0 0 0 0 0 0 0 0 0 0 0 0 0 0 
0 0 0 0 0 0 0 0 0 0 0 0 0 0 0 0 0 0 0 0 0 0 0 0 0 0 0 0 0 0 0 0 0 0 0 0 0 0 0 0 0 0 0 0 0 0 0 0 0 0 0 0 0 0 0 0 0 0 0 0 0 0 0 0 0 0 0 0 0 0 0 0 0 0 0 0 0 0 0 0 0 0 0 0 0 0 0 0 0 0 0 0 0 0 0 0 0 0 0 0 
0 0 0 0 0 0 0 0 0 0 0 0 0 0 0 0 0 0 0 0 0 0 0 0 0 0 0 0 0 0 0 0 0 0 0 0 0 0 0 0 0 0 0 0 0 0 0 0 0 0 0 0 0 0 0 0 0 0 0 0 0 0 0 0 0 0 0 0 0 0 0 0 0 0 0 0 0 0 0 0 0 0 0 0 0 0 0 0 0 0 0 0 0 0 0 0 0 0 0 0 
0 0 0 0 0 0 0 0 0 0 0 0 0 0 0 0 0 0 0 0 0 0 0 0 0 0 0 0 0 0 0 0 0 0 0 0 0 0 0 0 0 0 0 0 0 0 0 0 0 0 0 0 0 0 0 0 0 0 0 0 0 0 0 0 0 0 0 0 0 0 0 0 0 0 0 0 0 0 0 0 0 0 0 0 0 0 0 0 0 0 0 0 0 0 0 0 0 0 0 0 
0 0 0 0 0 0 0 0 0 0 0 0 0 0 0 0 0 0 0 0 0 0 0 0 0 0 0 0 0 0 0 0 0 0 0 0 0 0 0 0 0 0 0 0 0 0 0 0 0 0 0 0 0 0 0 0 0 0 0 0 0 0 0 0 0 0 0 0 0 0 0 0 0 0 0 0 0 0 0 0 0 0 0 0 0 0 0 0 0 0 0 0 0 0 0 0 0 0 0 0 
0 0 0 0 0 0 0 0 0 0 0 0 0 0 0 0 0 0 0 0 0 0 0 0 0 0 0 0 0 0 0 0 0 0 0 0 0 0 0 0 0 0 0 0 0 0 0 0 0 0 0 0 0 0 0 0 0 0 0 0 0 0 0 0 0 0 0 0 0 0 0 0 0 0 0 0 0 0 0 0 0 0 0 0 0 0 0 0 0 0 0 0 0 0 0 0 0 0 0 0 
0 0 0 0 0 0 0 0 0 0 0 0 0 0 0 0 0 0 0 0 0 0 0 0 0 0 0 0 0 0 0 0 0 0 0 0 0 0 0 0 0 0 0 0 0 0 0 0 0 0 0 0 0 0 0 0 0 0 0 0 0 0 0 0 0 0 0 0 0 0 0 0 0 0 0 0 0 0 0 0 0 0 0 0 0 0 0 0 0 0 0 0 0 0 0 0 0 0 0 0 
0 0 0 0 0 0 0 0 0 0 0 0 0 0 0 0 0 0 0 0 0 0 0 0 0 0 0 0 0 0 0 0 0 0 0 0 0 0 0 0 0 0 0 0 0 0 0 0 0 0 0 0 0 0 0 0 0 0 0 0 0 0 0 0 0 0 0 0 0 0 0 0 0 0 0 0 0 0 0 0 0 0 0 0 0 0 0 0 0 0 0 0 0 0 0 0 0 0 0 0 
0 0 0 0 0 0 0 0 0 0 0 0 0 0 0 0 0 0 0 0 0 0 0 0 0 0 0 0 0 0 0 0 0 0 0 0 0 0 0 0 0 0 0 0 0 0 0 0 0 0 0 0 0 0 0 0 0 0 0 0 0 0 0 0 0 0 0 0 0 0 0 0 0 0 0 0 0 0 0 0 0 0 0 0 0 0 0 0 0 0 0 0 0 0 0 0 0 0 0 0 
0 0 0 0 0 0 0 0 0 0 0 0 0 0 0 0 0 0 0 0 0 0 0 0 0 0 0 0 0 0 0 0 0 0 0 0 0 0 0 0 0 0 0 0 0 0 0 0 0 0 0 0 0 0 0 0 0 0 0 0 0 0 0 0 0 0 0 0 0 0 0 0 0 0 0 0 0 0 0 0 0 0 0 0 0 0 0 0 0 0 0 0 0 0 0 0 0 0 0 0 
0 0 0 0 0 0 0 0 0 0 0 0 0 0 0 0 0 0 0 0 0 0 0 0 0 0 0 0 0 0 0 0 0 0 0 0 0 0 0 0 0 0 0 0 0 0 0 0 0 0 0 0 0 0 0 0 0 0 0 0 0 0 0 0 0 0 0 0 0 0 0 0 0 0 0 0 0 0 0 0 0 0 0 0 0 0 0 0 0 0 0 0 0 0 0 0 0 0 0 0 
0 0 0 0 0 0 0 0 0 0 0 0 0 0 0 0 0 0 0 0 0 0 0 0 0 0 0 0 0 0 0 0 0 0 0 0 0 0 0 0 0 0 0 0 0 0 0 0 0 0 0 0 0 0 0 0 0 0 0 0 0 0 0 0 0 0 0 0 0 0 0 0 0 0 0 0 0 0 0 0 0 0 0 0 0 0 0 0 0 0 0 0 0 0 0 0 0 0 0 0 
0 0 0 0 0 0 0 0 0 0 0 0 0 0 0 0 0 0 0 0 0 0 0 0 0 0 0 0 0 0 0 0 0 0 0 0 0 0 0 0 0 0 0 0 0 0 0 0 0 0 0 0 0 0 0 0 0 0 0 0 0 0 0 0 0 0 0 0 0 0 0 0 0 0 0 0 0 0 0 0 0 0 0 0 0 0 0 0 0 0 0 0 0 0 0 0 0 0 0 0 
0 0 0 0 0 0 0 0 0 0 0 0 0 0 0 0 0 0 0 0 0 0 0 0 0 0 0 0 0 0 0 0 0 0 0 0 0 0 0 0 0 0 0 0 0 0 0 0 0 0 0 0 0 0 0 0 0 0 0 0 0 0 0 0 0 0 0 0 0 0 0 0 0 0 0 0 0 0 0 0 0 0 0 0 0 0 0 0 0 0 0 0 0 0 0 0 0 0 0 0 
0 0 0 0 0 0 0 0 0 0 0 0 0 0 0 0 0 0 0 0 0 0 0 0 0 0 0 0 0 0 0 0 0 0 0 0 0 0 0 0 0 0 0 0 0 0 0 0 0 0 0 0 0 0 0 0 0 0 0 0 0 0 0 0 0 0 0 0 0 0 0 0 0 0 0 0 0 0 0 0 0 0 0 0 0 0 0 0 0 0 0 0 0 0 0 0 0 0 0 0 
0 0 0 0 0 0 0 0 0 0 0 0 0 0 0 0 0 0 0 0 0 0 0 0 0 0 0 0 0 0 0 0 0 0 0 0 0 0 0 0 0 0 0 0 0 0 0 0 0 0 0 0 0 0 0 0 0 0 0 0 0 0 0 0 0 0 0 0 0 0 0 0 0 0 0 0 0 0 0 0 0 0 0 0 0 0 0 0 0 0 0 0 0 0 0 0 0 0 0 0 
0 0 0 0 0 0 0 0 0 0 0 0 0 0 0 0 0 0 0 0 0 0 0 0 0 0 0 0 0 0 0 0 0 0 0 0 0 0 0 0 0 0 0 0 0 0 0 0 0 0 0 0 0 0 0 0 0 0 0 0 0 0 0 0 0 0 0 0 0 0 0 0 0 0 0 0 0 0 0 0 0 0 0 0 0 0 0 0 0 0 0 0 0 0 0 0 0 0 0 0 
0 0 0 0 0 0 0 0 0 0 0 0 0 0 0 0 0 0 0 0 0 0 0 0 0 0 0 0 0 0 0 0 0 0 0 0 0 0 0 0 0 0 0 0 0 0 0 0 0 0 0 0 0 0 0 0 0 0 0 0 0 0 0 0 0 0 0 0 0 0 0 0 0 0 0 0 0 0 0 0 0 0 0 0 0 0 0 0 0 0 0 0 0 0 0 0 0 0 0 0 
0 0 0 0 0 0 0 0 0 0 0 0 0 0 0 0 0 0 0 0 0 0 0 0 0 0 0 0 0 0 0 0 0 0 0 0 0 0 0 0 0 0 0 0 0 0 0 0 0 0 0 0 0 0 0 0 0 0 0 0 0 0 0 0 0 0 0 0 0 0 0 0 0 0 0 0 0 0 0 0 0 0 0 0 0 0 0 0 0 0 0 0 0 0 0 0 0 0 0 0 
0 0 0 0 0 0 0 0 0 0 0 0 0 0 0 0 0 0 0 0 0 0 0 0 0 0 0 0 0 0 0 0 0 0 0 0 0 0 0 0 0 0 0 0 0 0 0 0 0 0 0 0 0 0 0 0 0 0 0 0 0 0 0 0 0 0 0 0 0 0 0 0 0 0 0 0 0 0 0 0 0 0 0 0 0 0 0 0 0 0 0 0 0 0 0 0 0 0 0 0 
0 0 0 0 0 0 0 0 0 0 0 0 0 0 0 0 0 0 0 0 0 0 0 0 0 0 0 0 0 0 0 0 0 0 0 0 0 0 0 0 0 0 0 0 0 0 0 0 0 0 0 0 0 0 0 0 0 0 0 0 0 0 0 0 0 0 0 0 0 0 0 0 0 0 0 0 0 0 0 0 0 0 0 0 0 0 0 0 0 0 0 0 0 0 0 0 0 0 0 0 
0 0 0 0 0 0 0 0 0 0 0 0 0 0 0 0 0 0 0 0 0 0 0 0 0 0 0 0 0 0 0 0 0 0 0 0 0 0 0 0 0 0 0 0 0 0 0 0 0 0 0 0 0 0 0 0 0 0 0 0 0 0 0 0 0 0 0 0 0 0 0 0 0 0 0 0 0 0 0 0 0 0 0 0 0 0 0 0 0 0 0 0 0 0 0 0 0 0 0 0 
0 0 0 0 0 0 0 0 0 0 0 0 0 0 0 0 0 0 0 0 0 0 0 0 0 0 0 0 0 0 0 0 0 0 0 0 0 0 0 0 0 0 0 0 0 0 0 0 0 0 0 0 0 0 0 0 0 0 0 0 0 0 0 0 0 0 0 0 0 0 0 0 0 0 0 0 0 0 0 0 0 0 0 0 0 0 0 0 0 0 0 0 0 0 0 0 0 0 0 0 
0 0 0 0 0 0 0 0 0 0 0 0 0 0 0 0 0 0 0 0 0 0 0 0 0 0 0 0 0 0 0 0 0 0 0 0 0 0 0 0 0 0 0 0 0 0 0 0 0 0 0 0 0 0 0 0 0 0 0 0 0 0 0 0 0 0 0 0 0 0 0 0 0 0 0 0 0 0 0 0 0 0 0 0 0 0 0 0 0 0 0 0 0 0 0 0 0 0 0 0 
0 0 0 0 0 0 0 0 0 0 0 0 0 0 0 0 0 0 0 0 0 0 0 0 0 0 0 0 0 0 0 0 0 0 0 0 0 0 0 0 0 0 0 0 0 0 0 0 0 0 0 0 0 0 0 0 0 0 0 0 0 0 0 0 0 0 0 0 0 0 0 0 0 0 0 0 0 0 0 0 0 0 0 0 0 0 0 0 0 0 0 0 0 0 0 0 0 0 0 0 
0 0 0 0 0 0 0 0 0 0 0 0 0 0 0 0 0 0 0 0 0 0 0 0 0 0 0 0 0 0 0 0 0 0 0 0 0 0 0 0 0 0 0 0 0 0 0 0 0 0 0 0 0 0 0 0 0 0 0 0 0 0 0 0 0 0 0 0 0 0 0 0 0 0 0 0 0 0 0 0 0 0 0 0 0 0 0 0 0 0 0 0 0 0 0 0 0 0 0 0 
0 0 0 0 0 0 0 0 0 0 0 0 0 0 0 0 0 0 0 0 0 0 0 0 0 0 0 0 0 0 0 0 0 0 0 0 0 0 0 0 0 0 0 0 0 0 0 0 0 0 0 0 0 0 0 0 0 0 0 0 0 0 0 0 0 0 0 0 0 0 0 0 0 0 0 0 0 0 0 0 0 0 0 0 0 0 0 0 0 0 0 0 0 0 0 0 0 0 0 0 
0 0 0 0 0 0 0 0 0 0 0 0 0 0 0 0 0 0 0 0 0 0 0 0 0 0 0 0 0 0 0 0 0 0 0 0 0 0 0 0 0 0 0 0 0 0 0 0 0 0 0 0 0 0 0 0 0 0 0 0 0 0 0 0 0 0 0 0 0 0 0 0 0 0 0 0 0 0 0 0 0 0 0 0 0 0 0 0 0 0 0 0 0 0 0 0 0 0 0 0 
0 0 0 0 0 0 0 0 0 0 0 0 0 0 0 0 0 0 0 0 0 0 0 0 0 0 0 0 0 0 0 0 0 0 0 0 0 0 0 0 0 0 0 0 0 0 0 0 0 0 0 0 0 0 0 0 0 0 0 0 0 0 0 0 0 0 0 0 0 0 0 0 0 0 0 0 0 0 0 0 0 0 0 0 0 0 0 0 0 0 0 0 0 0 0 0 0 0 0 0 
14 2 11000 11001 0 0 14 2 11002 11003 0 0 14 2 11004 11005 0 0 14 2 11006 11007 0 0 14 2 11008 11009 0 0 14 2 11010 11011 0 0 14 2 11012 11013 0 0 14 2 11014 11015 0 0 14 2 11016 11017 0 0 14 2 11018 11019 0 0 14 2 11020 11021 0 0 14 2 11022 11023 0 0 14 2 11024 11025 0 0 14 2 11026 11027 0 0 14 2 11028 11029 0 0 14 2 11030 11031 0 0 14 2 11032 11033 0 0 14 2 11034 11035 0 0 14 2 11036 11037 0 0 14 2 11038 11039 0 0 14 2 11040 11041 0 0 14 2 11042 11043 0 0 14 2 11044 11045 0 0 14 2 11046 11047 0 0 14 2 11048 11049 0 0 14 2 11050 11051 0 0 14 2 11052 11053 0 0 14 2 11054 11055 0 0 14 2 11056 11057 0 0 14 2 11058 11059 0 0 14 2 11060 11061 0 0 14 2 11062 11063 0 0 14 2 11064 11065 0 0 14 2 11066 11067 0 0 14 2 11068 11069 0 0 14 2 11070 11071 0 0 14 2 11072 11073 0 0 14 2 11074 11075 0 0 14 2 11076 11077 0 0 14 2 11078 11079 0 0 14 2 11080 11081 0 0 14 2 11082 11083 0 0 14 2 11084 11085 0 0 14 2 11086 11087 0 0 14 2 11088 11089 0 0 14 2 11090 11091 0 0 14 2 11092 11093 0 0 14 2 11094 11095 0 0 14 2 11096 11097 0 0 14 2 11098 11099 0 0 14 2 11100 11101 0 0 14 2 11102 11103 0 0 14 2 11104 11105 0 0 14 2 11106 11107 0 0 14 2 11108 11109 0 0 14 2 11110 11111 0 0 14 2 11112 11113 0 0 14 2 11114 11115 0 0 14 2 11116 11117 0 0 14 2 11118 11119 0 0 14 2 11120 11121 0 0 14 2 11122 11123 0 0 14 2 11124 11125 0 0 14 2 11126 11127 0 0 14 2 11128 11129 0 0 14 2 11130 11131 0 0 14 2 11132 11133 0 0 14 2 11134 11135 0 0 14 2 11136 11137 0 0 14 2 11138 11139 0 0 14 2 11140 11141 0 0 14 2 11142 11143 0 0 14 2 11144 11145 0 0 14 2 11146 11147 0 0 14 2 11148 11149 0 0 14 2 11150 11151 0 0 14 2 11152 11153 0 0 14 2 11154 11155 0 0 14 2 11156 11157 0 0 14 2 11158 11159 0 0 14 2 11160 11161 0 0 14 2 11162 11163 0 0 14 2 11164 11165 0 0 14 2 11166 11167 0 0 14 2 11168 11169 0 0 14 2 11170 11171 0 0 14 2 11172 11173 0 0 14 2 11174 11175 0 0 14 2 11176 11177 0 0 14 2 11178 11179 0 0 14 2 11180 11181 0 0 14 2 11182 11183 0 0 14 2 11184 11185 0 0 14 2 11186 11187 0 0 14 2 11188 11189 0 0 14 2 11190 11191 0 0 14 2 11192 11193 0 0 14 2 11194 11195 0 0 14 2 11196 11197 0 0 14 2 11198 11199 0 0 
14 2 11200 11201 0 0 14 2 11202 11203 0 0 14 2 11204 11205 0 0 14 2 11206 11207 0 0 14 2 11208 11209 0 0 14 2 11210 11211 0 0 14 2 11212 11213 0 0 14 2 11214 11215 0 0 14 2 11216 11217 0 0 14 2 11218 11219 0 0 14 2 11220 11221 0 0 14 2 11222 11223 0 0 14 2 11224 11225 0 0 14 2 11226 11227 0 0 14 2 11228 11229 0 0 14 2 11230 11231 0 0 14 2 11232 11233 0 0 14 2 11234 11235 0 0 14 2 11236 11237 0 0 14 2 11238 11239 0 0 14 2 11240 11241 0 0 14 2 11242 11243 0 0 14 2 11244 11245 0 0 14 2 11246 11247 0 0 14 2 11248 11249 0 0 14 2 11250 11251 0 0 14 2 11252 11253 0 0 14 2 11254 11255 0 0 14 2 11256 11257 0 0 14 2 11258 11259 0 0 14 2 11260 11261 0 0 14 2 11262 11263 0 0 14 2 11264 11265 0 0 14 2 11266 11267 0 0 14 2 11268 11269 0 0 14 2 11270 11271 0 0 14 2 11272 11273 0 0 14 2 11274 11275 0 0 14 2 11276 11277 0 0 14 2 11278 11279 0 0 14 2 11280 11281 0 0 14 2 11282 11283 0 0 14 2 11284 11285 0 0 14 2 11286 11287 0 0 14 2 11288 11289 0 0 14 2 11290 11291 0 0 14 2 11292 11293 0 0 14 2 11294 11295 0 0 14 2 11296 11297 0 0 14 2 11298 11299 0 0 14 2 11300 11301 0 0 14 2 11302 11303 0 0 14 2 11304 11305 0 0 14 2 11306 11307 0 0 14 2 11308 11309 0 0 14 2 11310 11311 0 0 14 2 11312 11313 0 0 14 2 11314 11315 0 0 14 2 11316 11317 0 0 14 2 11318 11319 0 0 14 2 11320 11321 0 0 14 2 11322 11323 0 0 14 2 11324 11325 0 0 14 2 11326 11327 0 0 14 2 11328 11329 0 0 14 2 11330 11331 0 0 14 2 11332 11333 0 0 14 2 11334 11335 0 0 14 2 11336 11337 0 0 14 2 11338 11339 0 0 14 2 11340 11341 0 0 14 2 11342 11343 0 0 14 2 11344 11345 0 0 14 2 11346 11347 0 0 14 2 11348 11349 0 0 14 2 11350 11351 0 0 14 2 11352 11353 0 0 14 2 11354 11355 0 0 14 2 11356 11357 0 0 14 2 11358 11359 0 0 14 2 11360 11361 0 0 14 2 11362 11363 0 0 14 2 11364 11365 0 0 14 2 11366 11367 0 0 14 2 11368 11369 0 0 14 2 11370 11371 0 0 14 2 11372 11373 0 0 14 2 11374 11375 0 0 14 2 11376 11377 0 0 14 2 11378 11379 0 0 14 2 11380 11381 0 0 14 2 11382 11383 0 0 14 2 11384 11385 0 0 14 2 11386 11387 0 0 14 2 11388 11389 0 0 14 2 11390 11391 0 0 14 2 11392 11393 0 0 14 2 11394 11395 0 0 14 2 11396 11397 0 0 14 2 11398 11399 0 0 
14 2 11400 11401 0 0 14 2 11402 11403 0 0 14 2 11404 11405 0 0 14 2 11406 11407 0 0 14 2 11408 11409 0 0 14 2 11410 11411 0 0 14 2 11412 11413 0 0 14 2 11414 11415 0 0 14 2 11416 11417 0 0 14 2 11418 11419 0 0 14 2 11420 11421 0 0 14 2 11422 11423 0 0 14 2 11424 11425 0 0 14 2 11426 11427 0 0 14 2 11428 11429 0 0 14 2 11430 11431 0 0 14 2 11432 11433 0 0 14 2 11434 11435 0 0 14 2 11436 11437 0 0 14 2 11438 11439 0 0 14 2 11440 11441 0 0 14 2 11442 11443 0 0 14 2 11444 11445 0 0 14 2 11446 11447 0 0 14 2 11448 11449 0 0 14 2 11450 11451 0 0 14 2 11452 11453 0 0 14 2 11454 11455 0 0 14 2 11456 11457 0 0 14 2 11458 11459 0 0 14 2 11460 11461 0 0 14 2 11462 11463 0 0 14 2 11464 11465 0 0 14 2 11466 11467 0 0 14 2 11468 11469 0 0 14 2 11470 11471 0 0 14 2 11472 11473 0 0 14 2 11474 11475 0 0 14 2 11476 11477 0 0 14 2 11478 11479 0 0 14 2 11480 11481 0 0 14 2 11482 11483 0 0 14 2 11484 11485 0 0 14 2 11486 11487 0 0 14 2 11488 11489 0 0 14 2 11490 11491 0 0 14 2 11492 11493 0 0 14 2 11494 11495 0 0 14 2 11496 11497 0 0 14 2 11498 11499 0 0 14 2 11500 11501 0 0 14 2 11502 11503 0 0 14 2 11504 11505 0 0 14 2 11506 11507 0 0 14 2 11508 11509 0 0 14 2 11510 11511 0 0 14 2 11512 11513 0 0 14 2 11514 11515 0 0 14 2 11516 11517 0 0 14 2 11518 11519 0 0 14 2 11520 11521 0 0 14 2 11522 11523 0 0 14 2 11524 11525 0 0 14 2 11526 11527 0 0 14 2 11528 11529 0 0 14 2 11530 11531 0 0 14 2 11532 11533 0 0 14 2 11534 11535 0 0 14 2 11536 11537 0 0 14 2 11538 11539 0 0 14 2 11540 11541 0 0 14 2 11542 11543 0 0 14 2 11544 11545 0 0 14 2 11546 11547 0 0 14 2 11548 11549 0 0 14 2 11550 11551 0 0 14 2 11552 11553 0 0 14 2 11554 11555 0 0 14 2 11556 11557 0 0 14 2 11558 11559 0 0 14 2 11560 11561 0 0 14 2 11562 11563 0 0 14 2 11564 11565 0 0 14 2 11566 11567 0 0 14 2 11568 11569 0 0 14 2 11570 11571 0 0 14 2 11572 11573 0 0 14 2 11574 11575 0 0 14 2 11576 11577 0 0 14 2 11578 11579 0 0 14 2 11580 11581 0 0 14 2 11582 11583 0 0 14 2 11584 11585 0 0 14 2 11586 11587 0 0 14 2 11588 11589 0 0 14 2 11590 11591 0 0 14 2 11592 11593 0 0 14 2 11594 11595 0 0 14 2 11596 11597 0 0 14 2 11598 11599 0 0 
0 0 0 0 0 0 0 0 0 0 0 0 0 0 0 0 0 0 0 0 0 0 0 0 0 0 0 0 0 0 0 0 0 0 0 0 0 0 0 0 0 0 0 0 0 0 0 0 0 0 0 0 0 0 0 0 0 0 0 0 0 0 0 0 0 0 0 0 0 0 0 0 0 0 0 0 0 0 0 0 0 0 0 0 0 0 0 0 0 0 0 0 0 0 0 0 0 0 0 0 
0 0 0 0 0 0 0 0 0 0 0 0 0 0 0 0 0 0 0 0 0 0 0 0 0 0 0 0 0 0 0 0 0 0 0 0 0 0 0 0 0 0 0 0 0 0 0 0 0 0 0 0 0 0 0 0 0 0 0 0 0 0 0 0 0 0 0 0 0 0 0 0 0 0 0 0 0 0 0 0 0 0 0 0 0 0 0 0 0 0 0 0 0 0 0 0 0 0 0 0 
0 0 0 0 0 0 0 0 0 0 0 0 0 0 0 0 0 0 0 0 0 0 0 0 0 0 0 0 0 0 0 0 0 0 0 0 0 0 0 0 0 0 0 0 0 0 0 0 0 0 0 0 0 0 0 0 0 0 0 0 0 0 0 0 0 0 0 0 0 0 0 0 0 0 0 0 0 0 0 0 0 0 0 0 0 0 0 0 0 0 0 0 0 0 0 0 0 0 0 0 
0 0 0 0 0 0 0 0 0 0 0 0 0 0 0 0 0 0 0 0 0 0 0 0 0 0 0 0 0 0 0 0 0 0 0 0 0 0 0 0 0 0 0 0 0 0 0 0 0 0 0 0 0 0 0 0 0 0 0 0 0 0 0 0 0 0 0 0 0 0 0 0 0 0 0 0 0 0 0 0 0 0 0 0 0 0 0 0 0 0 0 0 0 0 0 0 0 0 0 0 
0 0 0 0 0 0 0 0 0 0 0 0 0 0 0 0 0 0 0 0 0 0 0 0 0 0 0 0 0 0 0 0 0 0 0 0 0 0 0 0 0 0 0 0 0 0 0 0 0 0 0 0 0 0 0 0 0 0 0 0 0 0 0 0 0 0 0 0 0 0 0 0 0 0 0 0 0 0 0 0 0 0 0 0 0 0 0 0 0 0 0 0 0 0 0 0 0 0 0 0 
0 0 0 0 0 0 0 0 0 0 0 0 0 0 0 0 0 0 0 0 0 0 0 0 0 0 0 0 0 0 0 0 0 0 0 0 0 0 0 0 0 0 0 0 0 0 0 0 0 0 0 0 0 0 0 0 0 0 0 0 0 0 0 0 0 0 0 0 0 0 0 0 0 0 0 0 0 0 0 0 0 0 0 0 0 0 0 0 0 0 0 0 0 0 0 0 0 0 0 0 
0 0 0 0 0 0 0 0 0 0 0 0 0 0 0 0 0 0 0 0 0 0 0 0 0 0 0 0 0 0 0 0 0 0 0 0 0 0 0 0 0 0 0 0 0 0 0 0 0 0 0 0 0 0 0 0 0 0 0 0 0 0 0 0 0 0 0 0 0 0 0 0 0 0 0 0 0 0 0 0 0 0 0 0 0 0 0 0 0 0 0 0 0 0 0 0 0 0 0 0 
0 0 0 0 0 0 0 0 0 0 0 0 0 0 0 0 0 0 0 0 0 0 0 0 0 0 0 0 0 0 0 0 0 0 0 0 0 0 0 0 0 0 0 0 0 0 0 0 0 0 0 0 0 0 0 0 0 0 0 0 0 0 0 0 0 0 0 0 0 0 0 0 0 0 0 0 0 0 0 0 0 0 0 0 0 0 0 0 0 0 0 0 0 0 0 0 0 0 0 0 
0 0 0 0 0 0 0 0 0 0 0 0 0 0 0 0 0 0 0 0 0 0 0 0 0 0 0 0 0 0 0 0 0 0 0 0 0 0 0 0 0 0 0 0 0 0 0 0 0 0 0 0 0 0 0 0 0 0 0 0 0 0 0 0 0 0 0 0 0 0 0 0 0 0 0 0 0 0 0 0 0 0 0 0 0 0 0 0 0 0 0 0 0 0 0 0 0 0 0 0 
0 0 0 0 0 0 0 0 0 0 0 0 0 0 0 0 0 0 0 0 0 0 0 0 0 0 0 0 0 0 0 0 0 0 0 0 0 0 0 0 0 0 0 0 0 0 0 0 0 0 0 0 0 0 0 0 0 0 0 0 0 0 0 0 0 0 0 0 0 0 0 0 0 0 0 0 0 0 0 0 0 0 0 0 0 0 0 0 0 0 0 0 0 0 0 0 0 0 0 0 
0 0 0 0 0 0 0 0 0 0 0 0 0 0 0 0 0 0 0 0 0 0 0 0 0 0 0 0 0 0 0 0 0 0 0 0 0 0 0 0 0 0 0 0 0 0 0 0 0 0 0 0 0 0 0 0 0 0 0 0 0 0 0 0 0 0 0 0 0 0 0 0 0 0 0 0 0 0 0 0 0 0 0 0 0 0 0 0 0 0 0 0 0 0 0 0 0 0 0 0 
0 0 0 0 0 0 0 0 0 0 0 0 0 0 0 0 0 0 0 0 0 0 0 0 0 0 0 0 0 0 0 0 0 0 0 0 0 0 0 0 0 0 0 0 0 0 0 0 0 0 0 0 0 0 0 0 0 0 0 0 0 0 0 0 0 0 0 0 0 0 0 0 0 0 0 0 0 0 0 0 0 0 0 0 0 0 0 0 0 0 0 0 0 0 0 0 0 0 0 0 
0 0 0 0 0 0 0 0 0 0 0 0 0 0 0 0 0 0 0 0 0 0 0 0 0 0 0 0 0 0 0 0 0 0 0 0 0 0 0 0 0 0 0 0 0 0 0 0 0 0 0 0 0 0 0 0 0 0 0 0 0 0 0 0 0 0 0 0 0 0 0 0 0 0 0 0 0 0 0 0 0 0 0 0 0 0 0 0 0 0 0 0 0 0 0 0 0 0 0 0 
0 0 0 0 0 0 0 0 0 0 0 0 0 0 0 0 0 0 0 0 0 0 0 0 0 0 0 0 0 0 0 0 0 0 0 0 0 0 0 0 0 0 0 0 0 0 0 0 0 0 0 0 0 0 0 0 0 0 0 0 0 0 0 0 0 0 0 0 0 0 0 0 0 0 0 0 0 0 0 0 0 0 0 0 0 0 0 0 0 0 0 0 0 0 0 0 0 0 0 0 
0 0 0 0 0 0 0 0 0 0 0 0 0 0 0 0 0 0 0 0 0 0 0 0 0 0 0 0 0 0 0 0 0 0 0 0 0 0 0 0 0 0 0 0 0 0 0 0 0 0 0 0 0 0 0 0 0 0 0 0 0 0 0 0 0 0 0 0 0 0 0 0 0 0 0 0 0 0 0 0 0 0 0 0 0 0 0 0 0 0 0 0 0 0 0 0 0 0 0 0 
0 0 0 0 0 0 0 0 0 0 0 0 0 0 0 0 0 0 0 0 0 0 0 0 0 0 0 0 0 0 0 0 0 0 0 0 0 0 0 0 0 0 0 0 0 0 0 0 0 0 0 0 0 0 0 0 0 0 0 0 0 0 0 0 0 0 0 0 0 0 0 0 0 0 0 0 0 0 0 0 0 0 0 0 0 0 0 0 0 0 0 0 0 0 0 0 0 0 0 0 
0 0 0 0 0 0 0 0 0 0 0 0 0 0 0 0 0 0 0 0 0 0 0 0 0 0 0 0 0 0 0 0 0 0 0 0 0 0 0 0 0 0 0 0 0 0 0 0 0 0 0 0 0 0 0 0 0 0 0 0 0 0 0 0 0 0 0 0 0 0 0 0 0 0 0 0 0 0 0 0 0 0 0 0 0 0 0 0 0 0 0 0 0 0 0 0 0 0 0 0 
0 0 0 0 0 0 0 0 0 0 0 0 0 0 0 0 0 0 0 0 0 0 0 0 0 0 0 0 0 0 0 0 0 0 0 0 0 0 0 0 0 0 0 0 0 0 0 0 0 0 0 0 0 0 0 0 0 0 0 0 0 0 0 0 0 0 0 0 0 0 0 0 0 0 0 0 0 0 0 0 0 0 0 0 0 0 0 0 0 0 0 0 0 0 0 0 0 0 0 0 
0 0 0 0 0 0 0 0 0 0 0 0 0 0 0 0 0 0 0 0 0 0 0 0 0 0 0 0 0 0 0 0 0 0 0 0 0 0 0 0 0 0 0 0 0 0 0 0 0 0 0 0 0 0 0 0 0 0 0 0 0 0 0 0 0 0 0 0 0 0 0 0 0 0 0 0 0 0 0 0 0 0 0 0 0 0 0 0 0 0 0 0 0 0 0 0 0 0 0 0 
0 0 0 0 0 0 0 0 0 0 0 0 0 0 0 0 0 0 0 0 0 0 0 0 0 0 0 0 0 0 0 0 0 0 0 0 0 0 0 0 0 0 0 0 0 0 0 0 0 0 0 0 0 0 0 0 0 0 0 0 0 0 0 0 0 0 0 0 0 0 0 0 0 0 0 0 0 0 0 0 0 0 0 0 0 0 0 0 0 0 0 0 0 0 0 0 0 0 0 0 
0 0 0 0 0 0 0 0 0 0 0 0 0 0 0 0 0 0 0 0 0 0 0 0 0 0 0 0 0 0 0 0 0 0 0 0 0 0 0 0 0 0 0 0 0 0 0 0 0 0 0 0 0 0 0 0 0 0 0 0 0 0 0 0 0 0 0 0 0 0 0 0 0 0 0 0 0 0 0 0 0 0 0 0 0 0 0 0 0 0 0 0 0 0 0 0 0 0 0 0 
0 0 0 0 0 0 0 0 0 0 0 0 0 0 0 0 0 0 0 0 0 0 0 0 0 0 0 0 0 0 0 0 0 0 0 0 0 0 0 0 0 0 0 0 0 0 0 0 0 0 0 0 0 0 0 0 0 0 0 0 0 0 0 0 0 0 0 0 0 0 0 0 0 0 0 0 0 0 0 0 0 0 0 0 0 0 0 0 0 0 0 0 0 0 0 0 0 0 0 0 
0 0 0 0 0 0 0 0 0 0 0 0 0 0 0 0 0 0 0 0 0 0 0 0 0 0 0 0 0 0 0 0 0 0 0 0 0 0 0 0 0 0 0 0 0 0 0 0 0 0 0 0 0 0 0 0 0 0 0 0 0 0 0 0 0 0 0 0 0 0 0 0 0 0 0 0 0 0 0 0 0 0 0 0 0 0 0 0 0 0 0 0 0 0 0 0 0 0 0 0 
0 0 0 0 0 0 0 0 0 0 0 0 0 0 0 0 0 0 0 0 0 0 0 0 0 0 0 0 0 0 0 0 0 0 0 0 0 0 0 0 0 0 0 0 0 0 0 0 0 0 0 0 0 0 0 0 0 0 0 0 0 0 0 0 0 0 0 0 0 0 0 0 0 0 0 0 0 0 0 0 0 0 0 0 0 0 0 0 0 0 0 0 0 0 0 0 0 0 0 0 
0 0 0 0 0 0 0 0 0 0 0 0 0 0 0 0 0 0 0 0 0 0 0 0 0 0 0 0 0 0 0 0 0 0 0 0 0 0 0 0 0 0 0 0 0 0 0 0 0 0 0 0 0 0 0 0 0 0 0 0 0 0 0 0 0 0 0 0 0 0 0 0 0 0 0 0 0 0 0 0 0 0 0 0 0 0 0 0 0 0 0 0 0 0 0 0 0 0 0 0 
0 0 0 0 0 0 0 0 0 0 0 0 0 0 0 0 0 0 0 0 0 0 0 0 0 0 0 0 0 0 0 0 0 0 0 0 0 0 0 0 0 0 0 0 0 0 0 0 0 0 0 0 0 0 0 0 0 0 0 0 0 0 0 0 0 0 0 0 0 0 0 0 0 0 0 0 0 0 0 0 0 0 0 0 0 0 0 0 0 0 0 0 0 0 0 0 0 0 0 0 
0 0 0 0 0 0 0 0 0 0 0 0 0 0 0 0 0 0 0 0 0 0 0 0 0 0 0 0 0 0 0 0 0 0 0 0 0 0 0 0 0 0 0 0 0 0 0 0 0 0 0 0 0 0 0 0 0 0 0 0 0 0 0 0 0 0 0 0 0 0 0 0 0 0 0 0 0 0 0 0 0 0 0 0 0 0 0 0 0 0 0 0 0 0 0 0 0 0 0 0 
0 0 0 0 0 0 0 0 0 0 0 0 0 0 0 0 0 0 0 0 0 0 0 0 0 0 0 0 0 0 0 0 0 0 0 0 0 0 0 0 0 0 0 0 0 0 0 0 0 0 0 0 0 0 0 0 0 0 0 0 0 0 0 0 0 0 0 0 0 0 0 0 0 0 0 0 0 0 0 0 0 0 0 0 0 0 0 0 0 0 0 0 0 0 0 0 0 0 0 0 
0 0 0 0 0 0 0 0 0 0 0 0 0 0 0 0 0 0 0 0 0 0 0 0 0 0 0 0 0 0 0 0 0 0 0 0 0 0 0 0 0 0 0 0 0 0 0 0 0 0 0 0 0 0 0 0 0 0 0 0 0 0 0 0 0 0 0 0 0 0 0 0 0 0 0 0 0 0 0 0 0 0 0 0 0 0 0 0 0 0 0 0 0 0 0 0 0 0 0 0 
0 0 0 0 0 0 0 0 0 0 0 0 0 0 0 0 0 0 0 0 0 0 0 0 0 0 0 0 0 0 0 0 0 0 0 0 0 0 0 0 0 0 0 0 0 0 0 0 0 0 0 0 0 0 0 0 0 0 0 0 0 0 0 0 0 0 0 0 0 0 0 0 0 0 0 0 0 0 0 0 0 0 0 0 0 0 0 0 0 0 0 0 0 0 0 0 0 0 0 0 
0 0 0 0 0 0 0 0 0 0 0 0 0 0 0 0 0 0 0 0 0 0 0 0 0 0 0 0 0 0 0 0 0 0 0 0 0 0 0 0 0 0 0 0 0 0 0 0 0 0 0 0 0 0 0 0 0 0 0 0 0 0 0 0 0 0 0 0 0 0 0 0 0 0 0 0 0 0 0 0 0 0 0 0 0 0 0 0 0 0 0 0 0 0 0 0 0 0 0 0 
0 0 0 0 0 0 0 0 0 0 0 0 0 0 0 0 0 0 0 0 0 0 0 0 0 0 0 0 0 0 0 0 0 0 0 0 0 0 0 0 0 0 0 0 0 0 0 0 0 0 0 0 0 0 0 0 0 0 0 0 0 0 0 0 0 0 0 0 0 0 0 0 0 0 0 0 0 0 0 0 0 0 0 0 0 0 0 0 0 0 0 0 0 0 0 0 0 0 0 0 
14 2 18000 18001 0 0 14 2 18002 18003 0 0 14 2 18004 18005 0 0 14 2 18006 18007 0 0 14 2 18008 18009 0 0 14 2 18010 18011 0 0 14 2 18012 18013 0 0 14 2 18014 18015 0 0 14 2 18016 18017 0 0 14 2 18018 18019 0 0 14 2 18020 18021 0 0 14 2 18022 18023 0 0 14 2 18024 18025 0 0 14 2 18026 18027 0 0 14 2 18028 18029 0 0 14 2 18030 18031 0 0 14 2 18032 18033 0 0 14 2 18034 18035 0 0 14 2 18036 18037 0 0 14 2 18038 18039 0 0 14 2 18040 18041 0 0 14 2 18042 18043 0 0 14 2 18044 18045 0 0 14 2 18046 18047 0 0 14 2 18048 18049 0 0 14 2 18050 18051 0 0 14 2 18052 18053 0 0 14 2 18054 18055 0 0 14 2 18056 18057 0 0 14 2 18058 18059 0 0 14 2 18060 18061 0 0 14 2 18062 18063 0 0 14 2 18064 18065 0 0 14 2 18066 18067 0 0 14 2 18068 18069 0 0 14 2 18070 18071 0 0 14 2 18072 18073 0 0 14 2 18074 18075 0 0 14 2 18076 18077 0 0 14 2 18078 18079 0 0 14 2 18080 18081 0 0 14 2 18082 18083 0 0 14 2 18084 18085 0 0 14 2 18086 18087 0 0 14 2 18088 18089 0 0 14 2 18090 18091 0 0 14 2 18092 18093 0 0 14 2 18094 18095 0 0 14 2 18096 18097 0 0 14 2 18098 18099 0 0 14 2 18100 18101 0 0 14 2 18102 18103 0 0 14 2 18104 18105 0 0 14 2 18106 18107 0 0 14 2 18108 18109 0 0 14 2 18110 18111 0 0 14 2 18112 18113 0 0 14 2 18114 18115 0 0 14 2 18116 18117 0 0 14 2 18118 18119 0 0 14 2 18120 18121 0 0 14 2 18122 18123 0 0 14 2 18124 18125 0 0 14 2 18126 18127 0 0 14 2 18128 18129 0 0 14 2 18130 18131 0 0 14 2 18132 18133 0 0 14 2 18134 18135 0 0 14 2 18136 18137 0 0 14 2 18138 18139 0 0 14 2 18140 18141 0 0 14 2 18142 18143 0 0 14 2 18144 18145 0 0 14 2 18146 18147 0 0 14 2 18148 18149 0 0 14 2 18150 18151 0 0 14 2 18152 18153 0 0 14 2 18154 18155 0 0 14 2 18156 18157 0 0 14 2 18158 18159 0 0 14 2 18160 18161 0 0 14 2 18162 18163 0 0 14 2 18164 18165 0 0 14 2 18166 18167 0 0 14 2 18168 18169 0 0 14 2 18170 18171 0 0 14 2 18172 18173 0 0 14 2 18174 18175 0 0 14 2 18176 18177 0 0 14 2 18178 18179 0 0 14 2 18180 18181 0 0 14 2 18182 18183 0 0 14 2 18184 18185 0 0 14 2 18186 18187 0 0 14 2 18188 18189 0 0 14 2 18190 18191 0 0 14 2 18192 18193 0 0 14 2 18194 18195 0 0 14 2 18196 18197 0 0 14 2 18198 18199 0 0 
14 2 18200 18201 0 0 14 2 18202 18203 0 0 14 2 18204 18205 0 0 14 2 18206 18207 0 0 14 2 18208 18209 0 0 14 2 18210 18211 0 0 14 2 18212 18213 0 0 14 2 18214 18215 0 0 14 2 18216 18217 0 0 14 2 18218 18219 0 0 14 2 18220 18221 0 0 14 2 18222 18223 0 0 14 2 18224 18225 0 0 14 2 18226 18227 0 0 14 2 18228 18229 0 0 14 2 18230 18231 0 0 14 2 18232 18233 0 0 14 2 18234 18235 0 0 14 2 18236 18237 0 0 14 2 18238 18239 0 0 14 2 18240 18241 0 0 14 2 18242 18243 0 0 14 2 18244 18245 0 0 14 2 18246 18247 0 0 14 2 18248 18249 0 0 14 2 18250 18251 0 0 14 2 18252 18253 0 0 14 2 18254 18255 0 0 14 2 18256 18257 0 0 14 2 18258 18259 0 0 14 2 18260 18261 0 0 14 2 18262 18263 0 0 14 2 18264 18265 0 0 14 2 18266 18267 0 0 14 2 18268 18269 0 0 14 2 18270 18271 0 0 14 2 18272 18273 0 0 14 2 18274 18275 0 0 14 2 18276 18277 0 0 14 2 18278 18279 0 0 14 2 18280 18281 0 0 14 2 18282 18283 0 0 14 2 18284 18285 0 0 14 2 18286 18287 0 0 14 2 18288 18289 0 0 14 2 18290 18291 0 0 14 2 18292 18293 0 0 14 2 18294 18295 0 0 14 2 18296 18297 0 0 14 2 18298 18299 0 0 14 2 18300 18301 0 0 14 2 18302 18303 0 0 14 2 18304 18305 0 0 14 2 18306 18307 0 0 14 2 18308 18309 0 0 14 2 18310 18311 0 0 14 2 18312 18313 0 0 14 2 18314 18315 0 0 14 2 18316 18317 0 0 14 2 18318 18319 0 0 14 2 18320 18321 0 0 14 2 18322 18323 0 0 14 2 18324 18325 0 0 14 2 18326 18327 0 0 14 2 18328 18329 0 0 14 2 18330 18331 0 0 14 2 18332 18333 0 0 14 2 18334 18335 0 0 14 2 18336 18337 0 0 14 2 18338 18339 0 0 14 2 18340 18341 0 0 14 2 18342 18343 0 0 14 2 18344 18345 0 0 14 2 18346 18347 0 0 14 2 18348 18349 0 0 14 2 18350 18351 0 0 14 2 18352 18353 0 0 14 2 18354 18355 0 0 14 2 18356 18357 0 0 14 2 18358 18359 0 0 14 2 18360 18361 0 0 14 2 18362 18363 0 0 14 2 18364 18365 0 0 14 2 18366 18367 0 0 14 2 18368 18369 0 0 14 2 18370 18371 0 0 14 2 18372 18373 0 0 14 2 18374 18375 0 0 14 2 18376 18377 0 0 14 2 18378 18379 0 0 14 2 18380 18381 0 0 14 2 18382 18383 0 0 14 2 18384 18385 0 0 14 2 18386 18387 0 0 14 2 18388 18389 0 0 14 2 18390 18391 0 0 14 2 18392 18393 0 0 14 2 18394 18395 0 0 14 2 18396 18397 0 0 14 2 18398 18399 0 0 
14 2 18400 18401 0 0 14 2 18402 18403 0 0 14 2 18404 18405 0 0 14 2 18406 18407 0 0 14 2 18408 18409 0 0 14 2 18410 18411 0 0 14 2 18412 18413 0 0 14 2 18414 18415 0 0 14 2 18416 18417 0 0 14 2 18418 18419 0 0 14 2 18420 18421 0 0 14 2 18422 18423 0 0 14 2 18424 18425 0 0 14 2 18426 18427 0 0 14 2 18428 18429 0 0 14 2 18430 18431 0 0 14 2 18432 18433 0 0 14 2 18434 18435 0 0 14 2 18436 18437 0 0 14 2 18438 18439 0 0 14 2 18440 18441 0 0 14 2 18442 18443 0 0 14 2 18444 18445 0 0 14 2 18446 18447 0 0 14 2 18448 18449 0 0 14 2 18450 18451 0 0 14 2 18452 18453 0 0 14 2 18454 18455 0 0 14 2 18456 18457 0 0 14 2 18458 18459 0 0 14 2 18460 18461 0 0 14 2 18462 18463 0 0 14 2 18464 18465 0 0 14 2 18466 18467 0 0 14 2 18468 18469 0 0 14 2 18470 18471 0 0 14 2 18472 18473 0 0 14 2 18474 18475 0 0 14 2 18476 18477 0 0 14 2 18478 18479 0 0 14 2 18480 18481 0 0 14 2 18482 18483 0 0 14 2 18484 18485 0 0 14 2 18486 18487 0 0 14 2 18488 18489 0 0 14 2 18490 18491 0 0 14 2 18492 18493 0 0 14 2 18494 18495 0 0 14 2 18496 18497 0 0 14 2 18498 18499 0 0 14 2 18500 18501 0 0 14 2 18502 18503 0 0 14 2 18504 18505 0 0 14 2 18506 18507 0 0 14 2 18508 18509 0 0 14 2 18510 18511 0 0 14 2 18512 18513 0 0 14 2 18514 18515 0 0 14 2 18516 18517 0 0 14 2 18518 18519 0 0 14 2 18520 18521 0 0 14 2 18522 18523 0 0 14 2 18524 18525 0 0 14 2 18526 18527 0 0 14 2 18528 18529 0 0 14 2 18530 18531 0 0 14 2 18532 18533 0 0 14 2 18534 18535 0 0 14 2 18536 18537 0 0 14 2 18538 18539 0 0 14 2 18540 18541 0 0 14 2 18542 18543 0 0 14 2 18544 18545 0 0 14 2 18546 18547 0 0 14 2 18548 18549 0 0 14 2 18550 18551 0 0 14 2 18552 18553 0 0 14 2 18554 18555 0 0 14 2 18556 18557 0 0 14 2 18558 18559 0 0 14 2 18560 18561 0 0 14 2 18562 18563 0 0 14 2 18564 18565 0 0 14 2 18566 18567 0 0 14 2 18568 18569 0 0 14 2 18570 18571 0 0 14 2 18572 18573 0 0 14 2 18574 18575 0 0 14 2 18576 18577 0 0 14 2 18578 18579 0 0 14 2 18580 18581 0 0 14 2 18582 18583 0 0 14 2 18584 18585 0 0 14 2 18586 18587 0 0 14 2 18588 18589 0 0 14 2 18590 18591 0 0 14 2 18592 18593 0 0 14 2 18594 18595 0 0 14 2 18596 18597 0 0 14 2 18598 18599 0 0 
0 0 0 0 0 0 0 0 0 0 0 0 0 0 0 0 0 0 0 0 0 0 0 0 0 0 0 0 0 0 0 0 0 0 0 0 0 0 0 0 0 0 0 0 0 0 0 0 0 0 0 0 0 0 0 0 0 0 0 0 0 0 0 0 0 0 0 0 0 0 0 0 0 0 0 0 0 0 0 0 0 0 0 0 0 0 0 0 0 0 0 0 0 0 0 0 0 0 0 0 
0 0 0 0 0 0 0 0 0 0 0 0 0 0 0 0 0 0 0 0 0 0 0 0 0 0 0 0 0 0 0 0 0 0 0 0 0 0 0 0 0 0 0 0 0 0 0 0 0 0 0 0 0 0 0 0 0 0 0 0 0 0 0 0 0 0 0 0 0 0 0 0 0 0 0 0 0 0 0 0 0 0 0 0 0 0 0 0 0 0 0 0 0 0 0 0 0 0 0 0 
0 0 0 0 0 0 0 0 0 0 0 0 0 0 0 0 0 0 0 0 0 0 0 0 0 0 0 0 0 0 0 0 0 0 0 0 0 0 0 0 0 0 0 0 0 0 0 0 0 0 0 0 0 0 0 0 0 0 0 0 0 0 0 0 0 0 0 0 0 0 0 0 0 0 0 0 0 0 0 0 0 0 0 0 0 0 0 0 0 0 0 0 0 0 0 0 0 0 0 0 
0 0 0 0 0 0 0 0 0 0 0 0 0 0 0 0 0 0 0 0 0 0 0 0 0 0 0 0 0 0 0 0 0 0 0 0 0 0 0 0 0 0 0 0 0 0 0 0 0 0 0 0 0 0 0 0 0 0 0 0 0 0 0 0 0 0 0 0 0 0 0 0 0 0 0 0 0 0 0 0 0 0 0 0 0 0 0 0 0 0 0 0 0 0 0 0 0 0 0 0 
0 0 0 0 0 0 0 0 0 0 0 0 0 0 0 0 0 0 0 0 0 0 0 0 0 0 0 0 0 0 0 0 0 0 0 0 0 0 0 0 0 0 0 0 0 0 0 0 0 0 0 0 0 0 0 0 0 0 0 0 0 0 0 0 0 0 0 0 0 0 0 0 0 0 0 0 0 0 0 0 0 0 0 0 0 0 0 0 0 0 0 0 0 0 0 0 0 0 0 0 
0 0 0 0 0 0 0 0 0 0 0 0 0 0 0 0 0 0 0 0 0 0 0 0 0 0 0 0 0 0 0 0 0 0 0 0 0 0 0 0 0 0 0 0 0 0 0 0 0 0 0 0 0 0 0 0 0 0 0 0 0 0 0 0 0 0 0 0 0 0 0 0 0 0 0 0 0 0 0 0 0 0 0 0 0 0 0 0 0 0 0 0 0 0 0 0 0 0 0 0 
0 0 0 0 0 0 0 0 0 0 0 0 0 0 0 0 0 0 0 0 0 0 0 0 0 0 0 0 0 0 0 0 0 0 0 0 0 0 0 0 0 0 0 0 0 0 0 0 0 0 0 0 0 0 0 0 0 0 0 0 0 0 0 0 0 0 0 0 0 0 0 0 0 0 0 0 0 0 0 0 0 0 0 0 0 0 0 0 0 0 0 0 0 0 0 0 0 0 0 0 

0 0 0 0 0 0 0 0 0 0 0 0 0 0 0 0 0 0 0 0 0 0 0 0 0 0 0 0 0 0 0 0 0 0 0 0 0 0 0 0 0 0 0 0 0 0 0 0 0 0 0 0 0 0 0 0 0 0 0 0 0 0 0 0 0 0 0 0 0 0 0 0 0 0 0 0 0 0 0 0 0 0 0 0 0 0 0 0 0 0 0 0 0 0 0 0 0 0 0 0 
0 0 0 0 0 0 0 0 0 0 0 0 0 0 0 0 0 0 0 0 0 0 0 0 0 0 0 0 0 0 0 0 0 0 0 0 0 0 0 0 0 0 0 0 0 0 0 0 0 0 0 0 0 0 0 0 0 0 0 0 0 0 0 0 0 0 0 0 0 0 0 0 0 0 0 0 0 0 0 0 0 0 0 0 0 0 0 0 0 0 0 0 0 0 0 0 0 0 0 0 
0 0 0 0 0 0 0 0 0 0 0 0 0 0 0 0 0 0 0 0 0 0 0 0 0 0 0 0 0 0 0 0 0 0 0 0 0 0 0 0 0 0 0 0 0 0 0 0 0 0 0 0 0 0 0 0 0 0 0 0 0 0 0 0 0 0 0 0 0 0 0 0 0 0 0 0 0 0 0 0 0 0 0 0 0 0 0 0 0 0 0 0 0 0 0 0 0 0 0 0 
0 0 0 0 0 0 0 0 0 0 0 0 0 0 0 0 0 0 0 0 0 0 0 0 0 0 0 0 0 0 0 0 0 0 0 0 0 0 0 0 0 0 0 0 0 0 0 0 0 0 0 0 0 0 0 0 0 0 0 0 0 0 0 0 0 0 0 0 0 0 0 0 0 0 0 0 0 0 0 0 0 0 0 0 0 0 0 0 0 0 0 0 0 0 0 0 0 0 0 0 
0 0 0 0 0 0 0 0 0 0 0 0 0 0 0 0 0 0 0 0 0 0 0 0 0 0 0 0 0 0 0 0 0 0 0 0 0 0 0 0 0 0 0 0 0 0 0 0 0 0 0 0 0 0 0 0 0 0 0 0 0 0 0 0 0 0 0 0 0 0 0 0 0 0 0 0 0 0 0 0 0 0 0 0 0 0 0 0 0 0 0 0 0 0 0 0 0 0 0 0 
0 0 0 0 0 0 0 0 0 0 0 0 0 0 0 0 0 0 0 0 0 0 0 0 0 0 0 0 0 0 0 0 0 0 0 0 0 0 0 0 0 0 0 0 0 0 0 0 0 0 0 0 0 0 0 0 0 0 0 0 0 0 0 0 0 0 0 0 0 0 0 0 0 0 0 0 0 0 0 0 0 0 0 0 0 0 0 0 0 0 0 0 0 0 0 0 0 0 0 0 
0 0 0 0 0 0 0 0 0 0 0 0 0 0 0 0 0 0 0 0 0 0 0 0 0 0 0 0 0 0 0 0 0 0 0 0 0 0 0 0 0 0 0 0 0 0 0 0 0 0 0 0 0 0 0 0 0 0 0 0 0 0 0 0 0 0 0 0 0 0 0 0 0 0 0 0 0 0 0 0 0 0 0 0 0 0 0 0 0 0 0 0 0 0 0 0 0 0 0 0 
0 0 0 0 0 0 0 0 0 0 0 0 0 0 0 0 0 0 0 0 0 0 0 0 0 0 0 0 0 0 0 0 0 0 0 0 0 0 0 0 0 0 0 0 0 0 0 0 0 0 0 0 0 0 0 0 0 0 0 0 0 0 0 0 0 0 0 0 0 0 0 0 0 0 0 0 0 0 0 0 0 0 0 0 0 0 0 0 0 0 0 0 0 0 0 0 0 0 0 0 
0 0 0 0 0 0 0 0 0 0 0 0 0 0 0 0 0 0 0 0 0 0 0 0 0 0 0 0 0 0 0 0 0 0 0 0 0 0 0 0 0 0 0 0 0 0 0 0 0 0 0 0 0 0 0 0 0 0 0 0 0 0 0 0 0 0 0 0 0 0 0 0 0 0 0 0 0 0 0 0 0 0 0 0 0 0 0 0 0 0 0 0 0 0 0 0 0 0 0 0 
0 0 0 0 0 0 0 0 0 0 0 0 0 0 0 0 0 0 0 0 0 0 0 0 0 0 0 0 0 0 0 0 0 0 0 0 0 0 0 0 0 0 0 0 0 0 0 0 0 0 0 0 0 0 0 0 0 0 0 0 0 0 0 0 0 0 0 0 0 0 0 0 0 0 0 0 0 0 0 0 0 0 0 0 0 0 0 0 0 0 0 0 0 0 0 0 0 0 0 0 
0 0 0 0 0 0 0 0 0 0 0 0 0 0 0 0 0 0 0 0 0 0 0 0 0 0 0 0 0 0 0 0 0 0 0 0 0 0 0 0 0 0 0 0 0 0 0 0 0 0 0 0 0 0 0 0 0 0 0 0 0 0 0 0 0 0 0 0 0 0 0 0 0 0 0 0 0 0 0 0 0 0 0 0 0 0 0 0 0 0 0 0 0 0 0 0 0 0 0 0 
0 0 0 0 0 0 0 0 0 0 0 0 0 0 0 0 0 0 0 0 0 0 0 0 0 0 0 0 0 0 0 0 0 0 0 0 0 0 0 0 0 0 0 0 0 0 0 0 0 0 0 0 0 0 0 0 0 0 0 0 0 0 0 0 0 0 0 0 0 0 0 0 0 0 0 0 0 0 0 0 0 0 0 0 0 0 0 0 0 0 0 0 0 0 0 0 0 0 0 0 
0 0 0 0 0 0 0 0 0 0 0 0 0 0 0 0 0 0 0 0 0 0 0 0 0 0 0 0 0 0 0 0 0 0 0 0 0 0 0 0 0 0 0 0 0 0 0 0 0 0 0 0 0 0 0 0 0 0 0 0 0 0 0 0 0 0 0 0 0 0 0 0 0 0 0 0 0 0 0 0 0 0 0 0 0 0 0 0 0 0 0 0 0 0 0 0 0 0 0 0 
0 0 0 0 0 0 0 0 0 0 0 0 0 0 0 0 0 0 0 0 0 0 0 0 0 0 0 0 0 0 0 0 0 0 0 0 0 0 0 0 0 0 0 0 0 0 0 0 0 0 0 0 0 0 0 0 0 0 0 0 0 0 0 0 0 0 0 0 0 0 0 0 0 0 0 0 0 0 0 0 0 0 0 0 0 0 0 0 0 0 0 0 0 0 0 0 0 0 0 0 
0 0 0 0 0 0 0 0 0 0 0 0 0 0 0 0 0 0 0 0 0 0 0 0 0 0 0 0 0 0 0 0 0 0 0 0 0 0 0 0 0 0 0 0 0 0 0 0 0 0 0 0 0 0 0 0 0 0 0 0 0 0 0 0 0 0 0 0 0 0 0 0 0 0 0 0 0 0 0 0 0 0 0 0 0 0 0 0 0 0 0 0 0 0 0 0 0 0 0 0 
0 0 0 0 0 0 0 0 0 0 0 0 0 0 0 0 0 0 0 0 0 0 0 0 0 0 0 0 0 0 0 0 0 0 0 0 0 0 0 0 0 0 0 0 0 0 0 0 0 0 0 0 0 0 0 0 0 0 0 0 0 0 0 0 0 0 0 0 0 0 0 0 0 0 0 0 0 0 0 0 0 0 0 0 0 0 0 0 0 0 0 0 0 0 0 0 0 0 0 0 
0 0 0 0 0 0 0 0 0 0 0 0 0 0 0 0 0 0 0 0 0 0 0 0 0 0 0 0 0 0 0 0 0 0 0 0 0 0 0 0 0 0 0 0 0 0 0 0 0 0 0 0 0 0 0 0 0 0 0 0 0 0 0 0 0 0 0 0 0 0 0 0 0 0 0 0 0 0 0 0 0 0 0 0 0 0 0 0 0 0 0 0 0 0 0 0 0 0 0 0 
0 0 0 0 0 0 0 0 0 0 0 0 0 0 0 0 0 0 0 0 0 0 0 0 0 0 0 0 0 0 0 0 0 0 0 0 0 0 0 0 0 0 0 0 0 0 0 0 0 0 0 0 0 0 0 0 0 0 0 0 0 0 0 0 0 0 0 0 0 0 0 0 0 0 0 0 0 0 0 0 0 0 0 0 0 0 0 0 0 0 0 0 0 0 0 0 0 0 0 0 
0 0 0 0 0 0 0 0 0 0 0 0 0 0 0 0 0 0 0 0 0 0 0 0 0 0 0 0 0 0 0 0 0 0 0 0 0 0 0 0 0 0 0 0 0 0 0 0 0 0 0 0 0 0 0 0 0 0 0 0 0 0 0 0 0 0 0 0 0 0 0 0 0 0 0 0 0 0 0 0 0 0 0 0 0 0 0 0 0 0 0 0 0 0 0 0 0 0 0 0 
0 0 0 0 0 0 0 0 0 0 0 0 0 0 0 0 0 0 0 0 0 0 0 0 0 0 0 0 0 0 0 0 0 0 0 0 0 0 0 0 0 0 0 0 0 0 0 0 0 0 0 0 0 0 0 0 0 0 0 0 0 0 0 0 0 0 0 0 0 0 0 0 0 0 0 0 0 0 0 0 0 0 0 0 0 0 0 0 0 0 0 0 0 0 0 0 0 0 0 0 
0 0 0 0 0 0 0 0 0 0 0 0 0 0 0 0 0 0 0 0 0 0 0 0 0 0 0 0 0 0 0 0 0 0 0 0 0 0 0 0 0 0 0 0 0 0 0 0 0 0 0 0 0 0 0 0 0 0 0 0 0 0 0 0 0 0 0 0 0 0 0 0 0 0 0 0 0 0 0 0 0 0 0 0 0 0 0 0 0 0 0 0 0 0 0 0 0 0 0 0 
0 0 0 0 0 0 0 0 0 0 0 0 0 0 0 0 0 0 0 0 0 0 0 0 0 0 0 0 0 0 0 0 0 0 0 0 0 0 0 0 0 0 0 0 0 0 0 0 0 0 0 0 0 0 0 0 0 0 0 0 0 0 0 0 0 0 0 0 0 0 0 0 0 0 0 0 0 0 0 0 0 0 0 0 0 0 0 0 0 0 0 0 0 0 0 0 0 0 0 0 
0 0 0 0 0 0 0 0 0 0 0 0 0 0 0 0 0 0 0 0 0 0 0 0 0 0 0 0 0 0 0 0 0 0 0 0 0 0 0 0 0 0 0 0 0 0 0 0 0 0 0 0 0 0 0 0 0 0 0 0 0 0 0 0 0 0 0 0 0 0 0 0 0 0 0 0 0 0 0 0 0 0 0 0 0 0 0 0 0 0 0 0 0 0 0 0 0 0 0 0 
0 0 0 0 0 0 0 0 0 0 0 0 0 0 0 0 0 0 0 0 0 0 0 0 0 0 0 0 0 0 0 0 0 0 0 0 0 0 0 0 0 0 0 0 0 0 0 0 0 0 0 0 0 0 0 0 0 0 0 0 0 0 0 0 0 0 0 0 0 0 0 0 0 0 0 0 0 0 0 0 0 0 0 0 0 0 0 0 0 0 0 0 0 0 0 0 0 0 0 0 
0 0 0 0 0 0 0 0 0 0 0 0 0 0 0 0 0 0 0 0 0 0 0 0 0 0 0 0 0 0 0 0 0 0 0 0 0 0 0 0 0 0 0 0 0 0 0 0 0 0 0 0 0 0 0 0 0 0 0 0 0 0 0 0 0 0 0 0 0 0 0 0 0 0 0 0 0 0 0 0 0 0 0 0 0 0 0 0 0 0 0 0 0 0 0 0 0 0 0 0 
0 0 0 0 0 0 0 0 0 0 0 0 0 0 0 0 0 0 0 0 0 0 0 0 0 0 0 0 0 0 0 0 0 0 0 0 0 0 0 0 0 0 0 0 0 0 0 0 0 0 0 0 0 0 0 0 0 0 0 0 0 0 0 0 0 0 0 0 0 0 0 0 0 0 0 0 0 0 0 0 0 0 0 0 0 0 0 0 0 0 0 0 0 0 0 0 0 0 0 0 
0 0 0 0 0 0 0 0 0 0 0 0 0 0 0 0 0 0 0 0 0 0 0 0 0 0 0 0 0 0 0 0 0 0 0 0 0 0 0 0 0 0 0 0 0 0 0 0 0 0 0 0 0 0 0 0 0 0 0 0 0 0 0 0 0 0 0 0 0 0 0 0 0 0 0 0 0 0 0 0 0 0 0 0 0 0 0 0 0 0 0 0 0 0 0 0 0 0 0 0 
0 0 0 0 0 0 0 0 0 0 0 0 0 0 0 0 0 0 0 0 0 0 0 0 0 0 0 0 0 0 0 0 0 0 0 0 0 0 0 0 0 0 0 0 0 0 0 0 0 0 0 0 0 0 0 0 0 0 0 0 0 0 0 0 0 0 0 0 0 0 0 0 0 0 0 0 0 0 0 0 0 0 0 0 0 0 0 0 0 0 0 0 0 0 0 0 0 0 0 0 
0 0 0 0 0 0 0 0 0 0 0 0 0 0 0 0 0 0 0 0 0 0 0 0 0 0 0 0 0 0 0 0 0 0 0 0 0 0 0 0 0 0 0 0 0 0 0 0 0 0 0 0 0 0 0 0 0 0 0 0 0 0 0 0 0 0 0 0 0 0 0 0 0 0 0 0 0 0 0 0 0 0 0 0 0 0 0 0 0 0 0 0 0 0 0 0 0 0 0 0 
0 0 0 0 0 0 0 0 0 0 0 0 0 0 0 0 0 0 0 0 0 0 0 0 0 0 0 0 0 0 0 0 0 0 0 0 0 0 0 0 0 0 0 0 0 0 0 0 0 0 0 0 0 0 0 0 0 0 0 0 0 0 0 0 0 0 0 0 0 0 0 0 0 0 0 0 0 0 0 0 0 0 0 0 0 0 0 0 0 0 0 0 0 0 0 0 0 0 0 0 
0 0 0 0 0 0 0 0 0 0 0 0 0 0 0 0 0 0 0 0 0 0 0 0 0 0 0 0 0 0 0 0 0 0 0 0 0 0 0 0 0 0 0 0 0 0 0 0 0 0 0 0 0 0 0 0 0 0 0 0 0 0 0 0 0 0 0 0 0 0 0 0 0 0 0 0 0 0 0 0 0 0 0 0 0 0 0 0 0 0 0 0 0 0 0 0 0 0 0 0 
0 0 0 0 0 0 0 0 0 0 0 0 0 0 0 0 0 0 0 0 0 0 0 0 0 0 0 0 0 0 0 0 0 0 0 0 0 0 0 0 0 0 0 0 0 0 0 0 0 0 0 0 0 0 0 0 0 0 0 0 0 0 0 0 0 0 0 0 0 0 0 0 0 0 0 0 0 0 0 0 0 0 0 0 0 0 0 0 0 0 0 0 0 0 0 0 0 0 0 0 
0 0 0 0 0 0 0 0 0 0 0 0 0 0 0 0 0 0 0 0 0 0 0 0 0 0 0 0 0 0 0 0 0 0 0 0 0 0 0 0 0 0 0 0 0 0 0 0 0 0 0 0 0 0 0 0 0 0 0 0 0 0 0 0 0 0 0 0 0 0 0 0 0 0 0 0 0 0 0 0 0 0 0 0 0 0 0 0 0 0 0 0 0 0 0 0 0 0 0 0 
0 0 0 0 0 0 0 0 0 0 0 0 0 0 0 0 0 0 0 0 0 0 0 0 0 0 0 0 0 0 0 0 0 0 0 0 0 0 0 0 0 0 0 0 0 0 0 0 0 0 0 0 0 0 0 0 0 0 0 0 0 0 0 0 0 0 0 0 0 0 0 0 0 0 0 0 0 0 0 0 0 0 0 0 0 0 0 0 0 0 0 0 0 0 0 0 0 0 0 0 
0 0 0 0 0 0 0 0 0 0 0 0 0 0 0 0 0 0 0 0 0 0 0 0 0 0 0 0 0 0 0 0 0 0 0 0 0 0 0 0 0 0 0 0 0 0 0 0 0 0 0 0 0 0 0 0 0 0 0 0 0 0 0 0 0 0 0 0 0 0 0 0 0 0 0 0 0 0 0 0 0 0 0 0 0 0 0 0 0 0 0 0 0 0 0 0 0 0 0 0 
0 0 0 0 0 0 0 0 0 0 0 0 0 0 0 0 0 0 0 0 0 0 0 0 0 0 0 0 0 0 0 0 0 0 0 0 0 0 0 0 0 0 0 0 0 0 0 0 0 0 0 0 0 0 0 0 0 0 0 0 0 0 0 0 0 0 0 0 0 0 0 0 0 0 0 0 0 0 0 0 0 0 0 0 0 0 0 0 0 0 0 0 0 0 0 0 0 0 0 0 
0 0 0 0 0 0 0 0 0 0 0 0 0 0 0 0 0 0 0 0 0 0 0 0 0 0 0 0 0 0 0 0 0 0 0 0 0 0 0 0 0 0 0 0 0 0 0 0 0 0 0 0 0 0 0 0 0 0 0 0 0 0 0 0 0 0 0 0 0 0 0 0 0 0 0 0 0 0 0 0 0 0 0 0 0 0 0 0 0 0 0 0 0 0 0 0 0 0 0 0 
0 0 0 0 0 0 0 0 0 0 0 0 0 0 0 0 0 0 0 0 0 0 0 0 0 0 0 0 0 0 0 0 0 0 0 0 0 0 0 0 0 0 0 0 0 0 0 0 0 0 0 0 0 0 0 0 0 0 0 0 0 0 0 0 0 0 0 0 0 0 0 0 0 0 0 0 0 0 0 0 0 0 0 0 0 0 0 0 0 0 0 0 0 0 0 0 0 0 0 0 
0 0 0 0 0 0 0 0 0 0 0 0 0 0 0 0 0 0 0 0 0 0 0 0 0 0 0 0 0 0 0 0 0 0 0 0 0 0 0 0 0 0 0 0 0 0 0 0 0 0 0 0 0 0 0 0 0 0 0 0 0 0 0 0 0 0 0 0 0 0 0 0 0 0 0 0 0 0 0 0 0 0 0 0 0 0 0 0 0 0 0 0 0 0 0 0 0 0 0 0 
0 0 0 0 0 0 0 0 0 0 0 0 0 0 0 0 0 0 0 0 0 0 0 0 0 0 0 0 0 0 0 0 0 0 0 0 0 0 0 0 0 0 0 0 0 0 0 0 0 0 0 0 0 0 0 0 0 0 0 0 0 0 0 0 0 0 0 0 0 0 0 0 0 0 0 0 0 0 0 0 0 0 0 0 0 0 0 0 0 0 0 0 0 0 0 0 0 0 0 0 
0 0 0 0 0 0 0 0 0 0 0 0 0 0 0 0 0 0 0 0 0 0 0 0 0 0 0 0 0 0 0 0 0 0 0 0 0 0 0 0 0 0 0 0 0 0 0 0 0 0 0 0 0 0 0 0 0 0 0 0 0 0 0 0 0 0 0 0 0 0 0 0 0 0 0 0 0 0 0 0 0 0 0 0 0 0 0 0 0 0 0 0 0 0 0 0 0 0 0 0 
0 0 0 0 0 0 0 0 0 0 0 0 0 0 0 0 0 0 0 0 0 0 0 0 0 0 0 0 0 0 0 0 0 0 0 0 0 0 0 0 0 0 0 0 0 0 0 0 0 0 0 0 0 0 0 0 0 0 0 0 0 0 0 0 0 0 0 0 0 0 0 0 0 0 0 0 0 0 0 0 0 0 0 0 0 0 0 0 0 0 0 0 0 0 0 0 0 0 0 0 
0 0 0 0 0 0 0 0 0 0 0 0 0 0 0 0 0 0 0 0 0 0 0 0 0 0 0 0 0 0 0 0 0 0 0 0 0 0 0 0 0 0 0 0 0 0 0 0 0 0 0 0 0 0 0 0 0 0 0 0 0 0 0 0 0 0 0 0 0 0 0 0 0 0 0 0 0 0 0 0 0 0 0 0 0 0 0 0 0 0 0 0 0 0 0 0 0 0 0 0 
0 0 0 0 0 0 0 0 0 0 0 0 0 0 0 0 0 0 0 0 0 0 0 0 0 0 0 0 0 0 0 0 0 0 0 0 0 0 0 0 0 0 0 0 0 0 0 0 0 0 0 0 0 0 0 0 0 0 0 0 0 0 0 0 0 0 0 0 0 0 0 0 0 0 0 0 0 0 0 0 0 0 0 0 0 0 0 0 0 0 0 0 0 0 0 0 0 0 0 0 
0 0 0 0 0 0 0 0 0 0 0 0 0 0 0 0 0 0 0 0 0 0 0 0 0 0 0 0 0 0 0 0 0 0 0 0 0 0 0 0 0 0 0 0 0 0 0 0 0 0 0 0 0 0 0 0 0 0 0 0 0 0 0 0 0 0 0 0 0 0 0 0 0 0 0 0 0 0 0 0 0 0 0 0 0 0 0 0 0 0 0 0 0 0 0 0 0 0 0 0 
0 0 0 0 0 0 0 0 0 0 0 0 0 0 0 0 0 0 0 0 0 0 0 0 0 0 0 0 0 0 0 0 0 0 0 0 0 0 0 0 0 0 0 0 0 0 0 0 0 0 0 0 0 0 0 0 0 0 0 0 0 0 0 0 0 0 0 0 0 0 0 0 0 0 0 0 0 0 0 0 0 0 0 0 0 0 0 0 0 0 0 0 0 0 0 0 0 0 0 0 
0 0 0 0 0 0 0 0 0 0 0 0 0 0 0 0 0 0 0 0 0 0 0 0 0 0 0 0 0 0 0 0 0 0 0 0 0 0 0 0 0 0 0 0 0 0 0 0 0 0 0 0 0 0 0 0 0 0 0 0 0 0 0 0 0 0 0 0 0 0 0 0 0 0 0 0 0 0 0 0 0 0 0 0 0 0 0 0 0 0 0 0 0 0 0 0 0 0 0 0 
0 0 0 0 0 0 0 0 0 0 0 0 0 0 0 0 0 0 0 0 0 0 0 0 0 0 0 0 0 0 0 0 0 0 0 0 0 0 0 0 0 0 0 0 0 0 0 0 0 0 0 0 0 0 0 0 0 0 0 0 0 0 0 0 0 0 0 0 0 0 0 0 0 0 0 0 0 0 0 0 0 0 0 0 0 0 0 0 0 0 0 0 0 0 0 0 0 0 0 0 
0 0 0 0 0 0 0 0 0 0 0 0 0 0 0 0 0 0 0 0 0 0 0 0 0 0 0 0 0 0 0 0 0 0 0 0 0 0 0 0 0 0 0 0 0 0 0 0 0 0 0 0 0 0 0 0 0 0 0 0 0 0 0 0 0 0 0 0 0 0 0 0 0 0 0 0 0 0 0 0 0 0 0 0 0 0 0 0 0 0 0 0 0 0 0 0 0 0 0 0 
0 0 0 0 0 0 0 0 0 0 0 0 0 0 0 0 0 0 0 0 0 0 0 0 0 0 0 0 0 0 0 0 0 0 0 0 0 0 0 0 0 0 0 0 0 0 0 0 0 0 0 0 0 0 0 0 0 0 0 0 0 0 0 0 0 0 0 0 0 0 0 0 0 0 0 0 0 0 0 0 0 0 0 0 0 0 0 0 0 0 0 0 0 0 0 0 0 0 0 0 
0 0 0 0 0 0 0 0 0 0 0 0 0 0 0 0 0 0 0 0 0 0 0 0 0 0 0 0 0 0 0 0 0 0 0 0 0 0 0 0 0 0 0 0 0 0 0 0 0 0 0 0 0 0 0 0 0 0 0 0 0 0 0 0 0 0 0 0 0 0 0 0 0 0 0 0 0 0 0 0 0 0 0 0 0 0 0 0 0 0 0 0 0 0 0 0 0 0 0 0 
0 0 0 0 0 0 0 0 0 0 0 0 0 0 0 0 0 0 0 0 0 0 0 0 0 0 0 0 0 0 0 0 0 0 0 0 0 0 0 0 0 0 0 0 0 0 0 0 0 0 0 0 0 0 0 0 0 0 0 0 0 0 0 0 0 0 0 0 0 0 0 0 0 0 0 0 0 0 0 0 0 0 0 0 0 0 0 0 0 0 0 0 0 0 0 0 0 0 0 0 
0 0 0 0 0 0 0 0 0 0 0 0 0 0 0 0 0 0 0 0 0 0 0 0 0 0 0 0 0 0 0 0 0 0 0 0 0 0 0 0 0 0 0 0 0 0 0 0 0 0 0 0 0 0 0 0 0 0 0 0 0 0 0 0 0 0 0 0 0 0 0 0 0 0 0 0 0 0 0 0 0 0 0 0 0 0 0 0 0 0 0 0 0 0 0 0 0 0 0 0 
0 0 0 0 0 0 0 0 0 0 0 0 0 0 0 0 0 0 0 0 0 0 0 0 0 0 0 0 0 0 0 0 0 0 0 0 0 0 0 0 0 0 0 0 0 0 0 0 0 0 0 0 0 0 0 0 0 0 0 0 0 0 0 0 0 0 0 0 0 0 0 0 0 0 0 0 0 0 0 0 0 0 0 0 0 0 0 0 0 0 0 0 0 0 0 0 0 0 0 0 
14 2 10800 10801 0 0 14 2 10802 10803 0 0 14 2 10804 10805 0 0 14 2 10806 10807 0 0 14 2 10808 10809 0 0 14 2 10810 10811 0 0 14 2 10812 10813 0 0 14 2 10814 10815 0 0 14 2 10816 10817 0 0 14 2 10818 10819 0 0 14 2 10820 10821 0 0 14 2 10822 10823 0 0 14 2 10824 10825 0 0 14 2 10826 10827 0 0 14 2 10828 10829 0 0 14 2 10830 10831 0 0 14 2 10832 10833 0 0 14 2 10834 10835 0 0 14 2 10836 10837 0 0 14 2 10838 10839 0 0 14 2 10840 10841 0 0 14 2 10842 10843 0 0 14 2 10844 10845 0 0 14 2 10846 10847 0 0 14 2 10848 10849 0 0 14 2 10850 10851 0 0 14 2 10852 10853 0 0 14 2 10854 10855 0 0 14 2 10856 10857 0 0 14 2 10858 10859 0 0 14 2 10860 10861 0 0 14 2 10862 10863 0 0 14 2 10864 10865 0 0 14 2 10866 10867 0 0 14 2 10868 10869 0 0 14 2 10870 10871 0 0 14 2 10872 10873 0 0 14 2 10874 10875 0 0 14 2 10876 10877 0 0 14 2 10878 10879 0 0 14 2 10880 10881 0 0 14 2 10882 10883 0 0 14 2 10884 10885 0 0 14 2 10886 10887 0 0 14 2 10888 10889 0 0 14 2 10890 10891 0 0 14 2 10892 10893 0 0 14 2 10894 10895 0 0 14 2 10896 10897 0 0 14 2 10898 10899 0 0 14 2 10900 10901 0 0 14 2 10902 10903 0 0 14 2 10904 10905 0 0 14 2 10906 10907 0 0 14 2 10908 10909 0 0 14 2 10910 10911 0 0 14 2 10912 10913 0 0 14 2 10914 10915 0 0 14 2 10916 10917 0 0 14 2 10918 10919 0 0 14 2 10920 10921 0 0 14 2 10922 10923 0 0 14 2 10924 10925 0 0 14 2 10926 10927 0 0 14 2 10928 10929 0 0 14 2 10930 10931 0 0 14 2 10932 10933 0 0 14 2 10934 10935 0 0 14 2 10936 10937 0 0 14 2 10938 10939 0 0 14 2 10940 10941 0 0 14 2 10942 10943 0 0 14 2 10944 10945 0 0 14 2 10946 10947 0 0 14 2 10948 10949 0 0 14 2 10950 10951 0 0 14 2 10952 10953 0 0 14 2 10954 10955 0 0 14 2 10956 10957 0 0 14 2 10958 10959 0 0 14 2 10960 10961 0 0 14 2 10962 10963 0 0 14 2 10964 10965 0 0 14 2 10966 10967 0 0 14 2 10968 10969 0 0 14 2 10970 10971 0 0 14 2 10972 10973 0 0 14 2 10974 10975 0 0 14 2 10976 10977 0 0 14 2 10978 10979 0 0 14 2 10980 10981 0 0 14 2 10982 10983 0 0 14 2 10984 10985 0 0 14 2 10986 10987 0 0 14 2 10988 10989 0 0 14 2 10990 10991 0 0 14 2 10992 10993 0 0 14 2 10994 10995 0 0 14 2 10996 10997 0 0 14 2 10998 10999 0 0 
14 2 11000 11001 0 0 14 2 11002 11003 0 0 14 2 11004 11005 0 0 14 2 11006 11007 0 0 14 2 11008 11009 0 0 14 2 11010 11011 0 0 14 2 11012 11013 0 0 14 2 11014 11015 0 0 14 2 11016 11017 0 0 14 2 11018 11019 0 0 14 2 11020 11021 0 0 14 2 11022 11023 0 0 14 2 11024 11025 0 0 14 2 11026 11027 0 0 14 2 11028 11029 0 0 14 2 11030 11031 0 0 14 2 11032 11033 0 0 14 2 11034 11035 0 0 14 2 11036 11037 0 0 14 2 11038 11039 0 0 14 2 11040 11041 0 0 14 2 11042 11043 0 0 14 2 11044 11045 0 0 14 2 11046 11047 0 0 14 2 11048 11049 0 0 14 2 11050 11051 0 0 14 2 11052 11053 0 0 14 2 11054 11055 0 0 14 2 11056 11057 0 0 14 2 11058 11059 0 0 14 2 11060 11061 0 0 14 2 11062 11063 0 0 14 2 11064 11065 0 0 14 2 11066 11067 0 0 14 2 11068 11069 0 0 14 2 11070 11071 0 0 14 2 11072 11073 0 0 14 2 11074 11075 0 0 14 2 11076 11077 0 0 14 2 11078 11079 0 0 14 2 11080 11081 0 0 14 2 11082 11083 0 0 14 2 11084 11085 0 0 14 2 11086 11087 0 0 14 2 11088 11089 0 0 14 2 11090 11091 0 0 14 2 11092 11093 0 0 14 2 11094 11095 0 0 14 2 11096 11097 0 0 14 2 11098 11099 0 0 14 2 11100 11101 0 0 14 2 11102 11103 0 0 14 2 11104 11105 0 0 14 2 11106 11107 0 0 14 2 11108 11109 0 0 14 2 11110 11111 0 0 14 2 11112 11113 0 0 14 2 11114 11115 0 0 14 2 11116 11117 0 0 14 2 11118 11119 0 0 14 2 11120 11121 0 0 14 2 11122 11123 0 0 14 2 11124 11125 0 0 14 2 11126 11127 0 0 14 2 11128 11129 0 0 14 2 11130 11131 0 0 14 2 11132 11133 0 0 14 2 11134 11135 0 0 14 2 11136 11137 0 0 14 2 11138 11139 0 0 14 2 11140 11141 0 0 14 2 11142 11143 0 0 14 2 11144 11145 0 0 14 2 11146 11147 0 0 14 2 11148 11149 0 0 14 2 11150 11151 0 0 14 2 11152 11153 0 0 14 2 11154 11155 0 0 14 2 11156 11157 0 0 14 2 11158 11159 0 0 14 2 11160 11161 0 0 14 2 11162 11163 0 0 14 2 11164 11165 0 0 14 2 11166 11167 0 0 14 2 11168 11169 0 0 14 2 11170 11171 0 0 14 2 11172 11173 0 0 14 2 11174 11175 0 0 14 2 11176 11177 0 0 14 2 11178 11179 0 0 14 2 11180 11181 0 0 14 2 11182 11183 0 0 14 2 11184 11185 0 0 14 2 11186 11187 0 0 14 2 11188 11189 0 0 14 2 11190 11191 0 0 14 2 11192 11193 0 0 14 2 11194 11195 0 0 14 2 11196 11197 0 0 14 2 11198 11199 0 0 
0 0 0 0 0 0 0 0 0 0 0 0 0 0 0 0 0 0 0 0 0 0 0 0 0 0 0 0 0 0 0 0 0 0 0 0 0 0 0 0 0 0 0 0 0 0 0 0 0 0 0 0 0 0 0 0 0 0 0 0 0 0 0 0 0 0 0 0 0 0 0 0 0 0 0 0 0 0 0 0 0 0 0 0 0 0 0 0 0 0 0 0 0 0 0 0 0 0 0 0 
0 0 0 0 0 0 0 0 0 0 0 0 0 0 0 0 0 0 0 0 0 0 0 0 0 0 0 0 0 0 0 0 0 0 0 0 0 0 0 0 0 0 0 0 0 0 0 0 0 0 0 0 0 0 0 0 0 0 0 0 0 0 0 0 0 0 0 0 0 0 0 0 0 0 0 0 0 0 0 0 0 0 0 0 0 0 0 0 0 0 0 0 0 0 0 0 0 0 0 0 
0 0 0 0 0 0 0 0 0 0 0 0 0 0 0 0 0 0 0 0 0 0 0 0 0 0 0 0 0 0 0 0 0 0 0 0 0 0 0 0 0 0 0 0 0 0 0 0 0 0 0 0 0 0 0 0 0 0 0 0 0 0 0 0 0 0 0 0 0 0 0 0 0 0 0 0 0 0 0 0 0 0 0 0 0 0 0 0 0 0 0 0 0 0 0 0 0 0 0 0 
0 0 0 0 0 0 0 0 0 0 0 0 0 0 0 0 0 0 0 0 0 0 0 0 0 0 0 0 0 0 0 0 0 0 0 0 0 0 0 0 0 0 0 0 0 0 0 0 0 0 0 0 0 0 0 0 0 0 0 0 0 0 0 0 0 0 0 0 0 0 0 0 0 0 0 0 0 0 0 0 0 0 0 0 0 0 0 0 0 0 0 0 0 0 0 0 0 0 0 0 
0 0 0 0 0 0 0 0 0 0 0 0 0 0 0 0 0 0 0 0 0 0 0 0 0 0 0 0 0 0 0 0 0 0 0 0 0 0 0 0 0 0 0 0 0 0 0 0 0 0 0 0 0 0 0 0 0 0 0 0 0 0 0 0 0 0 0 0 0 0 0 0 0 0 0 0 0 0 0 0 0 0 0 0 0 0 0 0 0 0 0 0 0 0 0 0 0 0 0 0 
0 0 0 0 0 0 0 0 0 0 0 0 0 0 0 0 0 0 0 0 0 0 0 0 0 0 0 0 0 0 0 0 0 0 0 0 0 0 0 0 0 0 0 0 0 0 0 0 0 0 0 0 0 0 0 0 0 0 0 0 0 0 0 0 0 0 0 0 0 0 0 0 0 0 0 0 0 0 0 0 0 0 0 0 0 0 0 0 0 0 0 0 0 0 0 0 0 0 0 0 
0 0 0 0 0 0 0 0 0 0 0 0 0 0 0 0 0 0 0 0 0 0 0 0 0 0 0 0 0 0 0 0 0 0 0 0 0 0 0 0 0 0 0 0 0 0 0 0 0 0 0 0 0 0 0 0 0 0 0 0 0 0 0 0 0 0 0 0 0 0 0 0 0 0 0 0 0 0 0 0 0 0 0 0 0 0 0 0 0 0 0 0 0 0 0 0 0 0 0 0 
0 0 0 0 0 0 0 0 0 0 0 0 0 0 0 0 0 0 0 0 0 0 0 0 0 0 0 0 0 0 0 0 0 0 0 0 0 0 0 0 0 0 0 0 0 0 0 0 0 0 0 0 0 0 0 0 0 0 0 0 0 0 0 0 0 0 0 0 0 0 0 0 0 0 0 0 0 0 0 0 0 0 0 0 0 0 0 0 0 0 0 0 0 0 0 0 0 0 0 0 
0 0 0 0 0 0 0 0 0 0 0 0 0 0 0 0 0 0 0 0 0 0 0 0 0 0 0 0 0 0 0 0 0 0 0 0 0 0 0 0 0 0 0 0 0 0 0 0 0 0 0 0 0 0 0 0 0 0 0 0 0 0 0 0 0 0 0 0 0 0 0 0 0 0 0 0 0 0 0 0 0 0 0 0 0 0 0 0 0 0 0 0 0 0 0 0 0 0 0 0 
0 0 0 0 0 0 0 0 0 0 0 0 0 0 0 0 0 0 0 0 0 0 0 0 0 0 0 0 0 0 0 0 0 0 0 0 0 0 0 0 0 0 0 0 0 0 0 0 0 0 0 0 0 0 0 0 0 0 0 0 0 0 0 0 0 0 0 0 0 0 0 0 0 0 0 0 0 0 0 0 0 0 0 0 0 0 0 0 0 0 0 0 0 0 0 0 0 0 0 0 
0 0 0 0 0 0 0 0 0 0 0 0 0 0 0 0 0 0 0 0 0 0 0 0 0 0 0 0 0 0 0 0 0 0 0 0 0 0 0 0 0 0 0 0 0 0 0 0 0 0 0 0 0 0 0 0 0 0 0 0 0 0 0 0 0 0 0 0 0 0 0 0 0 0 0 0 0 0 0 0 0 0 0 0 0 0 0 0 0 0 0 0 0 0 0 0 0 0 0 0 
0 0 0 0 0 0 0 0 0 0 0 0 0 0 0 0 0 0 0 0 0 0 0 0 0 0 0 0 0 0 0 0 0 0 0 0 0 0 0 0 0 0 0 0 0 0 0 0 0 0 0 0 0 0 0 0 0 0 0 0 0 0 0 0 0 0 0 0 0 0 0 0 0 0 0 0 0 0 0 0 0 0 0 0 0 0 0 0 0 0 0 0 0 0 0 0 0 0 0 0 
0 0 0 0 0 0 0 0 0 0 0 0 0 0 0 0 0 0 0 0 0 0 0 0 0 0 0 0 0 0 0 0 0 0 0 0 0 0 0 0 0 0 0 0 0 0 0 0 0 0 0 0 0 0 0 0 0 0 0 0 0 0 0 0 0 0 0 0 0 0 0 0 0 0 0 0 0 0 0 0 0 0 0 0 0 0 0 0 0 0 0 0 0 0 0 0 0 0 0 0 
0 0 0 0 0 0 0 0 0 0 0 0 0 0 0 0 0 0 0 0 0 0 0 0 0 0 0 0 0 0 0 0 0 0 0 0 0 0 0 0 0 0 0 0 0 0 0 0 0 0 0 0 0 0 0 0 0 0 0 0 0 0 0 0 0 0 0 0 0 0 0 0 0 0 0 0 0 0 0 0 0 0 0 0 0 0 0 0 0 0 0 0 0 0 0 0 0 0 0 0 
0 0 0 0 0 0 0 0 0 0 0 0 0 0 0 0 0 0 0 0 0 0 0 0 0 0 0 0 0 0 0 0 0 0 0 0 0 0 0 0 0 0 0 0 0 0 0 0 0 0 0 0 0 0 0 0 0 0 0 0 0 0 0 0 0 0 0 0 0 0 0 0 0 0 0 0 0 0 0 0 0 0 0 0 0 0 0 0 0 0 0 0 0 0 0 0 0 0 0 0 
0 0 0 0 0 0 0 0 0 0 0 0 0 0 0 0 0 0 0 0 0 0 0 0 0 0 0 0 0 0 0 0 0 0 0 0 0 0 0 0 0 0 0 0 0 0 0 0 0 0 0 0 0 0 0 0 0 0 0 0 0 0 0 0 0 0 0 0 0 0 0 0 0 0 0 0 0 0 0 0 0 0 0 0 0 0 0 0 0 0 0 0 0 0 0 0 0 0 0 0 
0 0 0 0 0 0 0 0 0 0 0 0 0 0 0 0 0 0 0 0 0 0 0 0 0 0 0 0 0 0 0 0 0 0 0 0 0 0 0 0 0 0 0 0 0 0 0 0 0 0 0 0 0 0 0 0 0 0 0 0 0 0 0 0 0 0 0 0 0 0 0 0 0 0 0 0 0 0 0 0 0 0 0 0 0 0 0 0 0 0 0 0 0 0 0 0 0 0 0 0 
0 0 0 0 0 0 0 0 0 0 0 0 0 0 0 0 0 0 0 0 0 0 0 0 0 0 0 0 0 0 0 0 0 0 0 0 0 0 0 0 0 0 0 0 0 0 0 0 0 0 0 0 0 0 0 0 0 0 0 0 0 0 0 0 0 0 0 0 0 0 0 0 0 0 0 0 0 0 0 0 0 0 0 0 0 0 0 0 0 0 0 0 0 0 0 0 0 0 0 0 
0 0 0 0 0 0 0 0 0 0 0 0 0 0 0 0 0 0 0 0 0 0 0 0 0 0 0 0 0 0 0 0 0 0 0 0 0 0 0 0 0 0 0 0 0 0 0 0 0 0 0 0 0 0 0 0 0 0 0 0 0 0 0 0 0 0 0 0 0 0 0 0 0 0 0 0 0 0 0 0 0 0 0 0 0 0 0 0 0 0 0 0 0 0 0 0 0 0 0 0 
0 0 0 0 0 0 0 0 0 0 0 0 0 0 0 0 0 0 0 0 0 0 0 0 0 0 0 0 0 0 0 0 0 0 0 0 0 0 0 0 0 0 0 0 0 0 0 0 0 0 0 0 0 0 0 0 0 0 0 0 0 0 0 0 0 0 0 0 0 0 0 0 0 0 0 0 0 0 0 0 0 0 0 0 0 0 0 0 0 0 0 0 0 0 0 0 0 0 0 0 
0 0 0 0 0 0 0 0 0 0 0 0 0 0 0 0 0 0 0 0 0 0 0 0 0 0 0 0 0 0 0 0 0 0 0 0 0 0 0 0 0 0 0 0 0 0 0 0 0 0 0 0 0 0 0 0 0 0 0 0 0 0 0 0 0 0 0 0 0 0 0 0 0 0 0 0 0 0 0 0 0 0 0 0 0 0 0 0 0 0 0 0 0 0 0 0 0 0 0 0 
0 0 0 0 0 0 0 0 0 0 0 0 0 0 0 0 0 0 0 0 0 0 0 0 0 0 0 0 0 0 0 0 0 0 0 0 0 0 0 0 0 0 0 0 0 0 0 0 0 0 0 0 0 0 0 0 0 0 0 0 0 0 0 0 0 0 0 0 0 0 0 0 0 0 0 0 0 0 0 0 0 0 0 0 0 0 0 0 0 0 0 0 0 0 0 0 0 0 0 0 
0 0 0 0 0 0 0 0 0 0 0 0 0 0 0 0 0 0 0 0 0 0 0 0 0 0 0 0 0 0 0 0 0 0 0 0 0 0 0 0 0 0 0 0 0 0 0 0 0 0 0 0 0 0 0 0 0 0 0 0 0 0 0 0 0 0 0 0 0 0 0 0 0 0 0 0 0 0 0 0 0 0 0 0 0 0 0 0 0 0 0 0 0 0 0 0 0 0 0 0 
0 0 0 0 0 0 0 0 0 0 0 0 0 0 0 0 0 0 0 0 0 0 0 0 0 0 0 0 0 0 0 0 0 0 0 0 0 0 0 0 0 0 0 0 0 0 0 0 0 0 0 0 0 0 0 0 0 0 0 0 0 0 0 0 0 0 0 0 0 0 0 0 0 0 0 0 0 0 0 0 0 0 0 0 0 0 0 0 0 0 0 0 0 0 0 0 0 0 0 0 
0 0 0 0 0 0 0 0 0 0 0 0 0 0 0 0 0 0 0 0 0 0 0 0 0 0 0 0 0 0 0 0 0 0 0 0 0 0 0 0 0 0 0 0 0 0 0 0 0 0 0 0 0 0 0 0 0 0 0 0 0 0 0 0 0 0 0 0 0 0 0 0 0 0 0 0 0 0 0 0 0 0 0 0 0 0 0 0 0 0 0 0 0 0 0 0 0 0 0 0 
0 0 0 0 0 0 0 0 0 0 0 0 0 0 0 0 0 0 0 0 0 0 0 0 0 0 0 0 0 0 0 0 0 0 0 0 0 0 0 0 0 0 0 0 0 0 0 0 0 0 0 0 0 0 0 0 0 0 0 0 0 0 0 0 0 0 0 0 0 0 0 0 0 0 0 0 0 0 0 0 0 0 0 0 0 0 0 0 0 0 0 0 0 0 0 0 0 0 0 0 
0 0 0 0 0 0 0 0 0 0 0 0 0 0 0 0 0 0 0 0 0 0 0 0 0 0 0 0 0 0 0 0 0 0 0 0 0 0 0 0 0 0 0 0 0 0 0 0 0 0 0 0 0 0 0 0 0 0 0 0 0 0 0 0 0 0 0 0 0 0 0 0 0 0 0 0 0 0 0 0 0 0 0 0 0 0 0 0 0 0 0 0 0 0 0 0 0 0 0 0 
0 0 0 0 0 0 0 0 0 0 0 0 0 0 0 0 0 0 0 0 0 0 0 0 0 0 0 0 0 0 0 0 0 0 0 0 0 0 0 0 0 0 0 0 0 0 0 0 0 0 0 0 0 0 0 0 0 0 0 0 0 0 0 0 0 0 0 0 0 0 0 0 0 0 0 0 0 0 0 0 0 0 0 0 0 0 0 0 0 0 0 0 0 0 0 0 0 0 0 0 
0 0 0 0 0 0 0 0 0 0 0 0 0 0 0 0 0 0 0 0 0 0 0 0 0 0 0 0 0 0 0 0 0 0 0 0 0 0 0 0 0 0 0 0 0 0 0 0 0 0 0 0 0 0 0 0 0 0 0 0 0 0 0 0 0 0 0 0 0 0 0 0 0 0 0 0 0 0 0 0 0 0 0 0 0 0 0 0 0 0 0 0 0 0 0 0 0 0 0 0 
0 0 0 0 0 0 0 0 0 0 0 0 0 0 0 0 0 0 0 0 0 0 0 0 0 0 0 0 0 0 0 0 0 0 0 0 0 0 0 0 0 0 0 0 0 0 0 0 0 0 0 0 0 0 0 0 0 0 0 0 0 0 0 0 0 0 0 0 0 0 0 0 0 0 0 0 0 0 0 0 0 0 0 0 0 0 0 0 0 0 0 0 0 0 0 0 0 0 0 0 
0 0 0 0 0 0 0 0 0 0 0 0 0 0 0 0 0 0 0 0 0 0 0 0 0 0 0 0 0 0 0 0 0 0 0 0 0 0 0 0 0 0 0 0 0 0 0 0 0 0 0 0 0 0 0 0 0 0 0 0 0 0 0 0 0 0 0 0 0 0 0 0 0 0 0 0 0 0 0 0 0 0 0 0 0 0 0 0 0 0 0 0 0 0 0 0 0 0 0 0 
0 0 0 0 0 0 0 0 0 0 0 0 0 0 0 0 0 0 0 0 0 0 0 0 0 0 0 0 0 0 0 0 0 0 0 0 0 0 0 0 0 0 0 0 0 0 0 0 0 0 0 0 0 0 0 0 0 0 0 0 0 0 0 0 0 0 0 0 0 0 0 0 0 0 0 0 0 0 0 0 0 0 0 0 0 0 0 0 0 0 0 0 0 0 0 0 0 0 0 0 
0 0 0 0 0 0 0 0 0 0 0 0 0 0 0 0 0 0 0 0 0 0 0 0 0 0 0 0 0 0 0 0 0 0 0 0 0 0 0 0 0 0 0 0 0 0 0 0 0 0 0 0 0 0 0 0 0 0 0 0 0 0 0 0 0 0 0 0 0 0 0 0 0 0 0 0 0 0 0 0 0 0 0 0 0 0 0 0 0 0 0 0 0 0 0 0 0 0 0 0 
0 0 0 0 0 0 0 0 0 0 0 0 0 0 0 0 0 0 0 0 0 0 0 0 0 0 0 0 0 0 0 0 0 0 0 0 0 0 0 0 0 0 0 0 0 0 0 0 0 0 0 0 0 0 0 0 0 0 0 0 0 0 0 0 0 0 0 0 0 0 0 0 0 0 0 0 0 0 0 0 0 0 0 0 0 0 0 0 0 0 0 0 0 0 0 0 0 0 0 0 
0 0 0 0 0 0 0 0 0 0 0 0 0 0 0 0 0 0 0 0 0 0 0 0 0 0 0 0 0 0 0 0 0 0 0 0 0 0 0 0 0 0 0 0 0 0 0 0 0 0 0 0 0 0 0 0 0 0 0 0 0 0 0 0 0 0 0 0 0 0 0 0 0 0 0 0 0 0 0 0 0 0 0 0 0 0 0 0 0 0 0 0 0 0 0 0 0 0 0 0 
0 0 0 0 0 0 0 0 0 0 0 0 0 0 0 0 0 0 0 0 0 0 0 0 0 0 0 0 0 0 0 0 0 0 0 0 0 0 0 0 0 0 0 0 0 0 0 0 0 0 0 0 0 0 0 0 0 0 0 0 0 0 0 0 0 0 0 0 0 0 0 0 0 0 0 0 0 0 0 0 0 0 0 0 0 0 0 0 0 0 0 0 0 0 0 0 0 0 0 0 
14 2 18400 18401 0 0 14 2 18402 18403 0 0 14 2 18404 18405 0 0 14 2 18406 18407 0 0 14 2 18408 18409 0 0 14 2 18410 18411 0 0 14 2 18412 18413 0 0 14 2 18414 18415 0 0 14 2 18416 18417 0 0 14 2 18418 18419 0 0 14 2 18420 18421 0 0 14 2 18422 18423 0 0 14 2 18424 18425 0 0 14 2 18426 18427 0 0 14 2 18428 18429 0 0 14 2 18430 18431 0 0 14 2 18432 18433 0 0 14 2 18434 18435 0 0 14 2 18436 18437 0 0 14 2 18438 18439 0 0 14 2 18440 18441 0 0 14 2 18442 18443 0 0 14 2 18444 18445 0 0 14 2 18446 18447 0 0 14 2 18448 18449 0 0 14 2 18450 18451 0 0 14 2 18452 18453 0 0 14 2 18454 18455 0 0 14 2 18456 18457 0 0 14 2 18458 18459 0 0 14 2 18460 18461 0 0 14 2 18462 18463 0 0 14 2 18464 18465 0 0 14 2 18466 18467 0 0 14 2 18468 18469 0 0 14 2 18470 18471 0 0 14 2 18472 18473 0 0 14 2 18474 18475 0 0 14 2 18476 18477 0 0 14 2 18478 18479 0 0 14 2 18480 18481 0 0 14 2 18482 18483 0 0 14 2 18484 18485 0 0 14 2 18486 18487 0 0 14 2 18488 18489 0 0 14 2 18490 18491 0 0 14 2 18492 18493 0 0 14 2 18494 18495 0 0 14 2 18496 18497 0 0 14 2 18498 18499 0 0 14 2 18500 18501 0 0 14 2 18502 18503 0 0 14 2 18504 18505 0 0 14 2 18506 18507 0 0 14 2 18508 18509 0 0 14 2 18510 18511 0 0 14 2 18512 18513 0 0 14 2 18514 18515 0 0 14 2 18516 18517 0 0 14 2 18518 18519 0 0 14 2 18520 18521 0 0 14 2 18522 18523 0 0 14 2 18524 18525 0 0 14 2 18526 18527 0 0 14 2 18528 18529 0 0 14 2 18530 18531 0 0 14 2 18532 18533 0 0 14 2 18534 18535 0 0 14 2 18536 18537 0 0 14 2 18538 18539 0 0 14 2 18540 18541 0 0 14 2 18542 18543 0 0 14 2 18544 18545 0 0 14 2 18546 18547 0 0 14 2 18548 18549 0 0 14 2 18550 18551 0 0 14 2 18552 18553 0 0 14 2 18554 18555 0 0 14 2 18556 18557 0 0 14 2 18558 18559 0 0 14 2 18560 18561 0 0 14 2 18562 18563 0 0 14 2 18564 18565 0 0 14 2 18566 18567 0 0 14 2 18568 18569 0 0 14 2 18570 18571 0 0 14 2 18572 18573 0 0 14 2 18574 18575 0 0 14 2 18576 18577 0 0 14 2 18578 18579 0 0 14 2 18580 18581 0 0 14 2 18582 18583 0 0 14 2 18584 18585 0 0 14 2 18586 18587 0 0 14 2 18588 18589 0 0 14 2 18590 18591 0 0 14 2 18592 18593 0 0 14 2 18594 18595 0 0 14 2 18596 18597 0 0 14 2 18598 18599 0 0 
14 2 18600 18601 0 0 14 2 18602 18603 0 0 14 2 18604 18605 0 0 14 2 18606 18607 0 0 14 2 18608 18609 0 0 14 2 18610 18611 0 0 14 2 18612 18613 0 0 14 2 18614 18615 0 0 14 2 18616 18617 0 0 14 2 18618 18619 0 0 14 2 18620 18621 0 0 14 2 18622 18623 0 0 14 2 18624 18625 0 0 14 2 18626 18627 0 0 14 2 18628 18629 0 0 14 2 18630 18631 0 0 14 2 18632 18633 0 0 14 2 18634 18635 0 0 14 2 18636 18637 0 0 14 2 18638 18639 0 0 14 2 18640 18641 0 0 14 2 18642 18643 0 0 14 2 18644 18645 0 0 14 2 18646 18647 0 0 14 2 18648 18649 0 0 14 2 18650 18651 0 0 14 2 18652 18653 0 0 14 2 18654 18655 0 0 14 2 18656 18657 0 0 14 2 18658 18659 0 0 14 2 18660 18661 0 0 14 2 18662 18663 0 0 14 2 18664 18665 0 0 14 2 18666 18667 0 0 14 2 18668 18669 0 0 14 2 18670 18671 0 0 14 2 18672 18673 0 0 14 2 18674 18675 0 0 14 2 18676 18677 0 0 14 2 18678 18679 0 0 14 2 18680 18681 0 0 14 2 18682 18683 0 0 14 2 18684 18685 0 0 14 2 18686 18687 0 0 14 2 18688 18689 0 0 14 2 18690 18691 0 0 14 2 18692 18693 0 0 14 2 18694 18695 0 0 14 2 18696 18697 0 0 14 2 18698 18699 0 0 14 2 18700 18701 0 0 14 2 18702 18703 0 0 14 2 18704 18705 0 0 14 2 18706 18707 0 0 14 2 18708 18709 0 0 14 2 18710 18711 0 0 14 2 18712 18713 0 0 14 2 18714 18715 0 0 14 2 18716 18717 0 0 14 2 18718 18719 0 0 14 2 18720 18721 0 0 14 2 18722 18723 0 0 14 2 18724 18725 0 0 14 2 18726 18727 0 0 14 2 18728 18729 0 0 14 2 18730 18731 0 0 14 2 18732 18733 0 0 14 2 18734 18735 0 0 14 2 18736 18737 0 0 14 2 18738 18739 0 0 14 2 18740 18741 0 0 14 2 18742 18743 0 0 14 2 18744 18745 0 0 14 2 18746 18747 0 0 14 2 18748 18749 0 0 14 2 18750 18751 0 0 14 2 18752 18753 0 0 14 2 18754 18755 0 0 14 2 18756 18757 0 0 14 2 18758 18759 0 0 14 2 18760 18761 0 0 14 2 18762 18763 0 0 14 2 18764 18765 0 0 14 2 18766 18767 0 0 14 2 18768 18769 0 0 14 2 18770 18771 0 0 14 2 18772 18773 0 0 14 2 18774 18775 0 0 14 2 18776 18777 0 0 14 2 18778 18779 0 0 14 2 18780 18781 0 0 14 2 18782 18783 0 0 14 2 18784 18785 0 0 14 2 18786 18787 0 0 14 2 18788 18789 0 0 14 2 18790 18791 0 0 14 2 18792 18793 0 0 14 2 18794 18795 0 0 14 2 18796 18797 0 0 14 2 18798 18799 0 0 
14 2 18800 18801 0 0 14 2 18802 18803 0 0 14 2 18804 18805 0 0 14 2 18806 18807 0 0 14 2 18808 18809 0 0 14 2 18810 18811 0 0 14 2 18812 18813 0 0 14 2 18814 18815 0 0 14 2 18816 18817 0 0 14 2 18818 18819 0 0 14 2 18820 18821 0 0 14 2 18822 18823 0 0 14 2 18824 18825 0 0 14 2 18826 18827 0 0 14 2 18828 18829 0 0 14 2 18830 18831 0 0 14 2 18832 18833 0 0 14 2 18834 18835 0 0 14 2 18836 18837 0 0 14 2 18838 18839 0 0 14 2 18840 18841 0 0 14 2 18842 18843 0 0 14 2 18844 18845 0 0 14 2 18846 18847 0 0 14 2 18848 18849 0 0 14 2 18850 18851 0 0 14 2 18852 18853 0 0 14 2 18854 18855 0 0 14 2 18856 18857 0 0 14 2 18858 18859 0 0 14 2 18860 18861 0 0 14 2 18862 18863 0 0 14 2 18864 18865 0 0 14 2 18866 18867 0 0 14 2 18868 18869 0 0 14 2 18870 18871 0 0 14 2 18872 18873 0 0 14 2 18874 18875 0 0 14 2 18876 18877 0 0 14 2 18878 18879 0 0 14 2 18880 18881 0 0 14 2 18882 18883 0 0 14 2 18884 18885 0 0 14 2 18886 18887 0 0 14 2 18888 18889 0 0 14 2 18890 18891 0 0 14 2 18892 18893 0 0 14 2 18894 18895 0 0 14 2 18896 18897 0 0 14 2 18898 18899 0 0 14 2 18900 18901 0 0 14 2 18902 18903 0 0 14 2 18904 18905 0 0 14 2 18906 18907 0 0 14 2 18908 18909 0 0 14 2 18910 18911 0 0 14 2 18912 18913 0 0 14 2 18914 18915 0 0 14 2 18916 18917 0 0 14 2 18918 18919 0 0 14 2 18920 18921 0 0 14 2 18922 18923 0 0 14 2 18924 18925 0 0 14 2 18926 18927 0 0 14 2 18928 18929 0 0 14 2 18930 18931 0 0 14 2 18932 18933 0 0 14 2 18934 18935 0 0 14 2 18936 18937 0 0 14 2 18938 18939 0 0 14 2 18940 18941 0 0 14 2 18942 18943 0 0 14 2 18944 18945 0 0 14 2 18946 18947 0 0 14 2 18948 18949 0 0 14 2 18950 18951 0 0 14 2 18952 18953 0 0 14 2 18954 18955 0 0 14 2 18956 18957 0 0 14 2 18958 18959 0 0 14 2 18960 18961 0 0 14 2 18962 18963 0 0 14 2 18964 18965 0 0 14 2 18966 18967 0 0 14 2 18968 18969 0 0 14 2 18970 18971 0 0 14 2 18972 18973 0 0 14 2 18974 18975 0 0 14 2 18976 18977 0 0 14 2 18978 18979 0 0 14 2 18980 18981 0 0 14 2 18982 18983 0 0 14 2 18984 18985 0 0 14 2 18986 18987 0 0 14 2 18988 18989 0 0 14 2 18990 18991 0 0 14 2 18992 18993 0 0 14 2 18994 18995 0 0 14 2 18996 18997 0 0 14 2 18998 18999 0 0 
0 0 0 0 0 0 0 0 0 0 0 0 0 0 0 0 0 0 0 0 0 0 0 0 0 0 0 0 0 0 0 0 0 0 0 0 0 0 0 0 0 0 0 0 0 0 0 0 0 0 0 0 0 0 0 0 0 0 0 0 0 0 0 0 0 0 0 0 0 0 0 0 0 0 0 0 0 0 0 0 0 0 0 0 0 0 0 0 0 0 0 0 0 0 0 0 0 0 0 0 
0 0 0 0 0 0 0 0 0 0 0 0 0 0 0 0 0 0 0 0 0 0 0 0 0 0 0 0 0 0 0 0 0 0 0 0 0 0 0 0 0 0 0 0 0 0 0 0 0 0 0 0 0 0 0 0 0 0 0 0 0 0 0 0 0 0 0 0 0 0 0 0 0 0 0 0 0 0 0 0 0 0 0 0 0 0 0 0 0 0 0 0 0 0 0 0 0 0 0 0 
0 0 0 0 0 0 0 0 0 0 0 0 0 0 0 0 0 0 0 0 0 0 0 0 0 0 0 0 0 0 0 0 0 0 0 0 0 0 0 0 0 0 0 0 0 0 0 0 0 0 0 0 0 0 0 0 0 0 0 0 0 0 0 0 0 0 0 0 0 0 0 0 0 0 0 0 0 0 0 0 0 0 0 0 0 0 0 0 0 0 0 0 0 0 0 0 0 0 0 0 
0 0 0 0 0 0 0 0 0 0 0 0 0 0 0 0 0 0 0 0 0 0 0 0 0 0 0 0 0 0 0 0 0 0 0 0 0 0 0 0 0 0 0 0 0 0 0 0 0 0 0 0 0 0 0 0 0 0 0 0 0 0 0 0 0 0 0 0 0 0 0 0 0 0 0 0 0 0 0 0 0 0 0 0 0 0 0 0 0 0 0 0 0 0 0 0 0 0 0 0 
0 0 0 0 0 0 0 0 0 0 0 0 0 0 0 0 0 0 0 0 0 0 0 0 0 0 0 0 0 0 0 0 0 0 0 0 0 0 0 0 0 0 0 0 0 0 0 0 0 0 0 0 0 0 0 0 0 0 0 0 0 0 0 0 0 0 0 0 0 0 0 0 0 0 0 0 0 0 0 0 0 0 0 0 0 0 0 0 0 0 0 0 0 0 0 0 0 0 0 0 

0 0 0 0 0 0 0 0 0 0 0 0 0 0 0 0 0 0 0 0 0 0 0 0 0 0 0 0 0 0 0 0 0 0 0 0 0 0 0 0 0 0 0 0 0 0 0 0 0 0 0 0 0 0 0 0 0 0 0 0 0 0 0 0 0 0 0 0 0 0 0 0 0 0 0 0 0 0 0 0 0 0 0 0 0 0 0 0 0 0 0 0 0 0 0 0 0 0 0 0 
0 0 0 0 0 0 0 0 0 0 0 0 0 0 0 0 0 0 0 0 0 0 0 0 0 0 0 0 0 0 0 0 0 0 0 0 0 0 0 0 0 0 0 0 0 0 0 0 0 0 0 0 0 0 0 0 0 0 0 0 0 0 0 0 0 0 0 0 0 0 0 0 0 0 0 0 0 0 0 0 0 0 0 0 0 0 0 0 0 0 0 0 0 0 0 0 0 0 0 0 
0 0 0 0 0 0 0 0 0 0 0 0 0 0 0 0 0 0 0 0 0 0 0 0 0 0 0 0 0 0 0 0 0 0 0 0 0 0 0 0 0 0 0 0 0 0 0 0 0 0 0 0 0 0 0 0 0 0 0 0 0 0 0 0 0 0 0 0 0 0 0 0 0 0 0 0 0 0 0 0 0 0 0 0 0 0 0 0 0 0 0 0 0 0 0 0 0 0 0 0 
0 0 0 0 0 0 0 0 0 0 0 0 0 0 0 0 0 0 0 0 0 0 0 0 0 0 0 0 0 0 0 0 0 0 0 0 0 0 0 0 0 0 0 0 0 0 0 0 0 0 0 0 0 0 0 0 0 0 0 0 0 0 0 0 0 0 0 0 0 0 0 0 0 0 0 0 0 0 0 0 0 0 0 0 0 0 0 0 0 0 0 0 0 0 0 0 0 0 0 0 
0 0 0 0 0 0 0 0 0 0 0 0 0 0 0 0 0 0 0 0 0 0 0 0 0 0 0 0 0 0 0 0 0 0 0 0 0 0 0 0 0 0 0 0 0 0 0 0 0 0 0 0 0 0 0 0 0 0 0 0 0 0 0 0 0 0 0 0 0 0 0 0 0 0 0 0 0 0 0 0 0 0 0 0 0 0 0 0 0 0 0 0 0 0 0 0 0 0 0 0 
0 0 0 0 0 0 0 0 0 0 0 0 0 0 0 0 0 0 0 0 0 0 0 0 0 0 0 0 0 0 0 0 0 0 0 0 0 0 0 0 0 0 0 0 0 0 0 0 0 0 0 0 0 0 0 0 0 0 0 0 0 0 0 0 0 0 0 0 0 0 0 0 0 0 0 0 0 0 0 0 0 0 0 0 0 0 0 0 0 0 0 0 0 0 0 0 0 0 0 0 
0 0 0 0 0 0 0 0 0 0 0 0 0 0 0 0 0 0 0 0 0 0 0 0 0 0 0 0 0 0 0 0 0 0 0 0 0 0 0 0 0 0 0 0 0 0 0 0 0 0 0 0 0 0 0 0 0 0 0 0 0 0 0 0 0 0 0 0 0 0 0 0 0 0 0 0 0 0 0 0 0 0 0 0 0 0 0 0 0 0 0 0 0 0 0 0 0 0 0 0 
0 0 0 0 0 0 0 0 0 0 0 0 0 0 0 0 0 0 0 0 0 0 0 0 0 0 0 0 0 0 0 0 0 0 0 0 0 0 0 0 0 0 0 0 0 0 0 0 0 0 0 0 0 0 0 0 0 0 0 0 0 0 0 0 0 0 0 0 0 0 0 0 0 0 0 0 0 0 0 0 0 0 0 0 0 0 0 0 0 0 0 0 0 0 0 0 0 0 0 0 
0 0 0 0 0 0 0 0 0 0 0 0 0 0 0 0 0 0 0 0 0 0 0 0 0 0 0 0 0 0 0 0 0 0 0 0 0 0 0 0 0 0 0 0 0 0 0 0 0 0 0 0 0 0 0 0 0 0 0 0 0 0 0 0 0 0 0 0 0 0 0 0 0 0 0 0 0 0 0 0 0 0 0 0 0 0 0 0 0 0 0 0 0 0 0 0 0 0 0 0 
0 0 0 0 0 0 0 0 0 0 0 0 0 0 0 0 0 0 0 0 0 0 0 0 0 0 0 0 0 0 0 0 0 0 0 0 0 0 0 0 0 0 0 0 0 0 0 0 0 0 0 0 0 0 0 0 0 0 0 0 0 0 0 0 0 0 0 0 0 0 0 0 0 0 0 0 0 0 0 0 0 0 0 0 0 0 0 0 0 0 0 0 0 0 0 0 0 0 0 0 
0 0 0 0 0 0 0 0 0 0 0 0 0 0 0 0 0 0 0 0 0 0 0 0 0 0 0 0 0 0 0 0 0 0 0 0 0 0 0 0 0 0 0 0 0 0 0 0 0 0 0 0 0 0 0 0 0 0 0 0 0 0 0 0 0 0 0 0 0 0 0 0 0 0 0 0 0 0 0 0 0 0 0 0 0 0 0 0 0 0 0 0 0 0 0 0 0 0 0 0 
0 0 0 0 0 0 0 0 0 0 0 0 0 0 0 0 0 0 0 0 0 0 0 0 0 0 0 0 0 0 0 0 0 0 0 0 0 0 0 0 0 0 0 0 0 0 0 0 0 0 0 0 0 0 0 0 0 0 0 0 0 0 0 0 0 0 0 0 0 0 0 0 0 0 0 0 0 0 0 0 0 0 0 0 0 0 0 0 0 0 0 0 0 0 0 0 0 0 0 0 
0 0 0 0 0 0 0 0 0 0 0 0 0 0 0 0 0 0 0 0 0 0 0 0 0 0 0 0 0 0 0 0 0 0 0 0 0 0 0 0 0 0 0 0 0 0 0 0 0 0 0 0 0 0 0 0 0 0 0 0 0 0 0 0 0 0 0 0 0 0 0 0 0 0 0 0 0 0 0 0 0 0 0 0 0 0 0 0 0 0 0 0 0 0 0 0 0 0 0 0 
0 0 0 0 0 0 0 0 0 0 0 0 0 0 0 0 0 0 0 0 0 0 0 0 0 0 0 0 0 0 0 0 0 0 0 0 0 0 0 0 0 0 0 0 0 0 0 0 0 0 0 0 0 0 0 0 0 0 0 0 0 0 0 0 0 0 0 0 0 0 0 0 0 0 0 0 0 0 0 0 0 0 0 0 0 0 0 0 0 0 0 0 0 0 0 0 0 0 0 0 
0 0 0 0 0 0 0 0 0 0 0 0 0 0 0 0 0 0 0 0 0 0 0 0 0 0 0 0 0 0 0 0 0 0 0 0 0 0 0 0 0 0 0 0 0 0 0 0 0 0 0 0 0 0 0 0 0 0 0 0 0 0 0 0 0 0 0 0 0 0 0 0 0 0 0 0 0 0 0 0 0 0 0 0 0 0 0 0 0 0 0 0 0 0 0 0 0 0 0 0 
0 0 0 0 0 0 0 0 0 0 0 0 0 0 0 0 0 0 0 0 0 0 0 0 0 0 0 0 0 0 0 0 0 0 0 0 0 0 0 0 0 0 0 0 0 0 0 0 0 0 0 0 0 0 0 0 0 0 0 0 0 0 0 0 0 0 0 0 0 0 0 0 0 0 0 0 0 0 0 0 0 0 0 0 0 0 0 0 0 0 0 0 0 0 0 0 0 0 0 0 
0 0 0 0 0 0 0 0 0 0 0 0 0 0 0 0 0 0 0 0 0 0 0 0 0 0 0 0 0 0 0 0 0 0 0 0 0 0 0 0 0 0 0 0 0 0 0 0 0 0 0 0 0 0 0 0 0 0 0 0 0 0 0 0 0 0 0 0 0 0 0 0 0 0 0 0 0 0 0 0 0 0 0 0 0 0 0 0 0 0 0 0 0 0 0 0 0 0 0 0 
0 0 0 0 0 0 0 0 0 0 0 0 0 0 0 0 0 0 0 0 0 0 0 0 0 0 0 0 0 0 0 0 0 0 0 0 0 0 0 0 0 0 0 0 0 0 0 0 0 0 0 0 0 0 0 0 0 0 0 0 0 0 0 0 0 0 0 0 0 0 0 0 0 0 0 0 0 0 0 0 0 0 0 0 0 0 0 0 0 0 0 0 0 0 0 0 0 0 0 0 
0 0 0 0 0 0 0 0 0 0 0 0 0 0 0 0 0 0 0 0 0 0 0 0 0 0 0 0 0 0 0 0 0 0 0 0 0 0 0 0 0 0 0 0 0 0 0 0 0 0 0 0 0 0 0 0 0 0 0 0 0 0 0 0 0 0 0 0 0 0 0 0 0 0 0 0 0 0 0 0 0 0 0 0 0 0 0 0 0 0 0 0 0 0 0 0 0 0 0 0 
0 0 0 0 0 0 0 0 0 0 0 0 0 0 0 0 0 0 0 0 0 0 0 0 0 0 0 0 0 0 0 0 0 0 0 0 0 0 0 0 0 0 0 0 0 0 0 0 0 0 0 0 0 0 0 0 0 0 0 0 0 0 0 0 0 0 0 0 0 0 0 0 0 0 0 0 0 0 0 0 0 0 0 0 0 0 0 0 0 0 0 0 0 0 0 0 0 0 0 0 
0 0 0 0 0 0 0 0 0 0 0 0 0 0 0 0 0 0 0 0 0 0 0 0 0 0 0 0 0 0 0 0 0 0 0 0 0 0 0 0 0 0 0 0 0 0 0 0 0 0 0 0 0 0 0 0 0 0 0 0 0 0 0 0 0 0 0 0 0 0 0 0 0 0 0 0 0 0 0 0 0 0 0 0 0 0 0 0 0 0 0 0 0 0 0 0 0 0 0 0 
0 0 0 0 0 0 0 0 0 0 0 0 0 0 0 0 0 0 0 0 0 0 0 0 0 0 0 0 0 0 0 0 0 0 0 0 0 0 0 0 0 0 0 0 0 0 0 0 0 0 0 0 0 0 0 0 0 0 0 0 0 0 0 0 0 0 0 0 0 0 0 0 0 0 0 0 0 0 0 0 0 0 0 0 0 0 0 0 0 0 0 0 0 0 0 0 0 0 0 0 
0 0 0 0 0 0 0 0 0 0 0 0 0 0 0 0 0 0 0 0 0 0 0 0 0 0 0 0 0 0 0 0 0 0 0 0 0 0 0 0 0 0 0 0 0 0 0 0 0 0 0 0 0 0 0 0 0 0 0 0 0 0 0 0 0 0 0 0 0 0 0 0 0 0 0 0 0 0 0 0 0 0 0 0 0 0 0 0 0 0 0 0 0 0 0 0 0 0 0 0 
0 0 0 0 0 0 0 0 0 0 0 0 0 0 0 0 0 0 0 0 0 0 0 0 0 0 0 0 0 0 0 0 0 0 0 0 0 0 0 0 0 0 0 0 0 0 0 0 0 0 0 0 0 0 0 0 0 0 0 0 0 0 0 0 0 0 0 0 0 0 0 0 0 0 0 0 0 0 0 0 0 0 0 0 0 0 0 0 0 0 0 0 0 0 0 0 0 0 0 0 
0 0 0 0 0 0 0 0 0 0 0 0 0 0 0 0 0 0 0 0 0 0 0 0 0 0 0 0 0 0 0 0 0 0 0 0 0 0 0 0 0 0 0 0 0 0 0 0 0 0 0 0 0 0 0 0 0 0 0 0 0 0 0 0 0 0 0 0 0 0 0 0 0 0 0 0 0 0 0 0 0 0 0 0 0 0 0 0 0 0 0 0 0 0 0 0 0 0 0 0 
0 0 0 0 0 0 0 0 0 0 0 0 0 0 0 0 0 0 0 0 0 0 0 0 0 0 0 0 0 0 0 0 0 0 0 0 0 0 0 0 0 0 0 0 0 0 0 0 0 0 0 0 0 0 0 0 0 0 0 0 0 0 0 0 0 0 0 0 0 0 0 0 0 0 0 0 0 0 0 0 0 0 0 0 0 0 0 0 0 0 0 0 0 0 0 0 0 0 0 0 
0 0 0 0 0 0 0 0 0 0 0 0 0 0 0 0 0 0 0 0 0 0 0 0 0 0 0 0 0 0 0 0 0 0 0 0 0 0 0 0 0 0 0 0 0 0 0 0 0 0 0 0 0 0 0 0 0 0 0 0 0 0 0 0 0 0 0 0 0 0 0 0 0 0 0 0 0 0 0 0 0 0 0 0 0 0 0 0 0 0 0 0 0 0 0 0 0 0 0 0 
0 0 0 0 0 0 0 0 0 0 0 0 0 0 0 0 0 0 0 0 0 0 0 0 0 0 0 0 0 0 0 0 0 0 0 0 0 0 0 0 0 0 0 0 0 0 0 0 0 0 0 0 0 0 0 0 0 0 0 0 0 0 0 0 0 0 0 0 0 0 0 0 0 0 0 0 0 0 0 0 0 0 0 0 0 0 0 0 0 0 0 0 0 0 0 0 0 0 0 0 
0 0 0 0 0 0 0 0 0 0 0 0 0 0 0 0 0 0 0 0 0 0 0 0 0 0 0 0 0 0 0 0 0 0 0 0 0 0 0 0 0 0 0 0 0 0 0 0 0 0 0 0 0 0 0 0 0 0 0 0 0 0 0 0 0 0 0 0 0 0 0 0 0 0 0 0 0 0 0 0 0 0 0 0 0 0 0 0 0 0 0 0 0 0 0 0 0 0 0 0 
0 0 0 0 0 0 0 0 0 0 0 0 0 0 0 0 0 0 0 0 0 0 0 0 0 0 0 0 0 0 0 0 0 0 0 0 0 0 0 0 0 0 0 0 0 0 0 0 0 0 0 0 0 0 0 0 0 0 0 0 0 0 0 0 0 0 0 0 0 0 0 0 0 0 0 0 0 0 0 0 0 0 0 0 0 0 0 0 0 0 0 0 0 0 0 0 0 0 0 0 
0 0 0 0 0 0 0 0 0 0 0 0 0 0 0 0 0 0 0 0 0 0 0 0 0 0 0 0 0 0 0 0 0 0 0 0 0 0 0 0 0 0 0 0 0 0 0 0 0 0 0 0 0 0 0 0 0 0 0 0 0 0 0 0 0 0 0 0 0 0 0 0 0 0 0 0 0 0 0 0 0 0 0 0 0 0 0 0 0 0 0 0 0 0 0 0 0 0 0 0 
0 0 0 0 0 0 0 0 0 0 0 0 0 0 0 0 0 0 0 0 0 0 0 0 0 0 0 0 0 0 0 0 0 0 0 0 0 0 0 0 0 0 0 0 0 0 0 0 0 0 0 0 0 0 0 0 0 0 0 0 0 0 0 0 0 0 0 0 0 0 0 0 0 0 0 0 0 0 0 0 0 0 0 0 0 0 0 0 0 0 0 0 0 0 0 0 0 0 0 0 
0 0 0 0 0 0 0 0 0 0 0 0 0 0 0 0 0 0 0 0 0 0 0 0 0 0 0 0 0 0 0 0 0 0 0 0 0 0 0 0 0 0 0 0 0 0 0 0 0 0 0 0 0 0 0 0 0 0 0 0 0 0 0 0 0 0 0 0 0 0 0 0 0 0 0 0 0 0 0 0 0 0 0 0 0 0 0 0 0 0 0 0 0 0 0 0 0 0 0 0 
0 0 0 0 0 0 0 0 0 0 0 0 0 0 0 0 0 0 0 0 0 0 0 0 0 0 0 0 0 0 0 0 0 0 0 0 0 0 0 0 0 0 0 0 0 0 0 0 0 0 0 0 0 0 0 0 0 0 0 0 0 0 0 0 0 0 0 0 0 0 0 0 0 0 0 0 0 0 0 0 0 0 0 0 0 0 0 0 0 0 0 0 0 0 0 0 0 0 0 0 
0 0 0 0 0 0 0 0 0 0 0 0 0 0 0 0 0 0 0 0 0 0 0 0 0 0 0 0 0 0 0 0 0 0 0 0 0 0 0 0 0 0 0 0 0 0 0 0 0 0 0 0 0 0 0 0 0 0 0 0 0 0 0 0 0 0 0 0 0 0 0 0 0 0 0 0 0 0 0 0 0 0 0 0 0 0 0 0 0 0 0 0 0 0 0 0 0 0 0 0 
0 0 0 0 0 0 0 0 0 0 0 0 0 0 0 0 0 0 0 0 0 0 0 0 0 0 0 0 0 0 0 0 0 0 0 0 0 0 0 0 0 0 0 0 0 0 0 0 0 0 0 0 0 0 0 0 0 0 0 0 0 0 0 0 0 0 0 0 0 0 0 0 0 0 0 0 0 0 0 0 0 0 0 0 0 0 0 0 0 0 0 0 0 0 0 0 0 0 0 0 
0 0 0 0 0 0 0 0 0 0 0 0 0 0 0 0 0 0 0 0 0 0 0 0 0 0 0 0 0 0 0 0 0 0 0 0 0 0 0 0 0 0 0 0 0 0 0 0 0 0 0 0 0 0 0 0 0 0 0 0 0 0 0 0 0 0 0 0 0 0 0 0 0 0 0 0 0 0 0 0 0 0 0 0 0 0 0 0 0 0 0 0 0 0 0 0 0 0 0 0 
0 0 0 0 0 0 0 0 0 0 0 0 0 0 0 0 0 0 0 0 0 0 0 0 0 0 0 0 0 0 0 0 0 0 0 0 0 0 0 0 0 0 0 0 0 0 0 0 0 0 0 0 0 0 0 0 0 0 0 0 0 0 0 0 0 0 0 0 0 0 0 0 0 0 0 0 0 0 0 0 0 0 0 0 0 0 0 0 0 0 0 0 0 0 0 0 0 0 0 0 
0 0 0 0 0 0 0 0 0 0 0 0 0 0 0 0 0 0 0 0 0 0 0 0 0 0 0 0 0 0 0 0 0 0 0 0 0 0 0 0 0 0 0 0 0 0 0 0 0 0 0 0 0 0 0 0 0 0 0 0 0 0 0 0 0 0 0 0 0 0 0 0 0 0 0 0 0 0 0 0 0 0 0 0 0 0 0 0 0 0 0 0 0 0 0 0 0 0 0 0 
0 0 0 0 0 0 0 0 0 0 0 0 0 0 0 0 0 0 0 0 0 0 0 0 0 0 0 0 0 0 0 0 0 0 0 0 0 0 0 0 0 0 0 0 0 0 0 0 0 0 0 0 0 0 0 0 0 0 0 0 0 0 0 0 0 0 0 0 0 0 0 0 0 0 0 0 0 0 0 0 0 0 0 0 0 0 0 0 0 0 0 0 0 0 0 0 0 0 0 0 
0 0 0 0 0 0 0 0 0 0 0 0 0 0 0 0 0 0 0 0 0 0 0 0 0 0 0 0 0 0 0 0 0 0 0 0 0 0 0 0 0 0 0 0 0 0 0 0 0 0 0 0 0 0 0 0 0 0 0 0 0 0 0 0 0 0 0 0 0 0 0 0 0 0 0 0 0 0 0 0 0 0 0 0 0 0 0 0 0 0 0 0 0 0 0 0 0 0 0 0 
0 0 0 0 0 0 0 0 0 0 0 0 0 0 0 0 0 0 0 0 0 0 0 0 0 0 0 0 0 0 0 0 0 0 0 0 0 0 0 0 0 0 0 0 0 0 0 0 0 0 0 0 0 0 0 0 0 0 0 0 0 0 0 0 0 0 0 0 0 0 0 0 0 0 0 0 0 0 0 0 0 0 0 0 0 0 0 0 0 0 0 0 0 0 0 0 0 0 0 0 
0 0 0 0 0 0 0 0 0 0 0 0 0 0 0 0 0 0 0 0 0 0 0 0 0 0 0 0 0 0 0 0 0 0 0 0 0 0 0 0 0 0 0 0 0 0 0 0 0 0 0 0 0 0 0 0 0 0 0 0 0 0 0 0 0 0 0 0 0 0 0 0 0 0 0 0 0 0 0 0 0 0 0 0 0 0 0 0 0 0 0 0 0 0 0 0 0 0 0 0 
0 0 0 0 0 0 0 0 0 0 0 0 0 0 0 0 0 0 0 0 0 0 0 0 0 0 0 0 0 0 0 0 0 0 0 0 0 0 0 0 0 0 0 0 0 0 0 0 0 0 0 0 0 0 0 0 0 0 0 0 0 0 0 0 0 0 0 0 0 0 0 0 0 0 0 0 0 0 0 0 0 0 0 0 0 0 0 0 0 0 0 0 0 0 0 0 0 0 0 0 
0 0 0 0 0 0 0 0 0 0 0 0 0 0 0 0 0 0 0 0 0 0 0 0 0 0 0 0 0 0 0 0 0 0 0 0 0 0 0 0 0 0 0 0 0 0 0 0 0 0 0 0 0 0 0 0 0 0 0 0 0 0 0 0 0 0 0 0 0 0 0 0 0 0 0 0 0 0 0 0 0 0 0 0 0 0 0 0 0 0 0 0 0 0 0 0 0 0 0 0 
0 0 0 0 0 0 0 0 0 0 0 0 0 0 0 0 0 0 0 0 0 0 0 0 0 0 0 0 0 0 0 0 0 0 0 0 0 0 0 0 0 0 0 0 0 0 0 0 0 0 0 0 0 0 0 0 0 0 0 0 0 0 0 0 0 0 0 0 0 0 0 0 0 0 0 0 0 0 0 0 0 0 0 0 0 0 0 0 0 0 0 0 0 0 0 0 0 0 0 0 
0 0 0 0 0 0 0 0 0 0 0 0 0 0 0 0 0 0 0 0 0 0 0 0 0 0 0 0 0 0 0 0 0 0 0 0 0 0 0 0 0 0 0 0 0 0 0 0 0 0 0 0 0 0 0 0 0 0 0 0 0 0 0 0 0 0 0 0 0 0 0 0 0 0 0 0 0 0 0 0 0 0 0 0 0 0 0 0 0 0 0 0 0 0 0 0 0 0 0 0 
0 0 0 0 0 0 0 0 0 0 0 0 0 0 0 0 0 0 0 0 0 0 0 0 0 0 0 0 0 0 0 0 0 0 0 0 0 0 0 0 0 0 0 0 0 0 0 0 0 0 0 0 0 0 0 0 0 0 0 0 0 0 0 0 0 0 0 0 0 0 0 0 0 0 0 0 0 0 0 0 0 0 0 0 0 0 0 0 0 0 0 0 0 0 0 0 0 0 0 0 
0 0 0 0 0 0 0 0 0 0 0 0 0 0 0 0 0 0 0 0 0 0 0 0 0 0 0 0 0 0 0 0 0 0 0 0 0 0 0 0 0 0 0 0 0 0 0 0 0 0 0 0 0 0 0 0 0 0 0 0 0 0 0 0 0 0 0 0 0 0 0 0 0 0 0 0 0 0 0 0 0 0 0 0 0 0 0 0 0 0 0 0 0 0 0 0 0 0 0 0 
0 0 0 0 0 0 0 0 0 0 0 0 0 0 0 0 0 0 0 0 0 0 0 0 0 0 0 0 0 0 0 0 0 0 0 0 0 0 0 0 0 0 0 0 0 0 0 0 0 0 0 0 0 0 0 0 0 0 0 0 0 0 0 0 0 0 0 0 0 0 0 0 0 0 0 0 0 0 0 0 0 0 0 0 0 0 0 0 0 0 0 0 0 0 0 0 0 0 0 0 
0 0 0 0 0 0 0 0 0 0 0 0 0 0 0 0 0 0 0 0 0 0 0 0 0 0 0 0 0 0 0 0 0 0 0 0 0 0 0 0 0 0 0 0 0 0 0 0 0 0 0 0 0 0 0 0 0 0 0 0 0 0 0 0 0 0 0 0 0 0 0 0 0 0 0 0 0 0 0 0 0 0 0 0 0 0 0 0 0 0 0 0 0 0 0 0 0 0 0 0 
0 0 0 0 0 0 0 0 0 0 0 0 0 0 0 0 0 0 0 0 0 0 0 0 0 0 0 0 0 0 0 0 0 0 0 0 0 0 0 0 0 0 0 0 0 0 0 0 0 0 0 0 0 0 0 0 0 0 0 0 0 0 0 0 0 0 0 0 0 0 0 0 0 0 0 0 0 0 0 0 0 0 0 0 0 0 0 0 0 0 0 0 0 0 0 0 0 0 0 0 
14 2 10400 10401 0 0 14 2 10402 10403 0 0 14 2 10404 10405 0 0 14 2 10406 10407 0 0 14 2 10408 10409 0 0 14 2 10410 10411 0 0 14 2 10412 10413 0 0 14 2 10414 10415 0 0 14 2 10416 10417 0 0 14 2 10418 10419 0 0 14 2 10420 10421 0 0 14 2 10422 10423 0 0 14 2 10424 10425 0 0 14 2 10426 10427 0 0 14 2 10428 10429 0 0 14 2 10430 10431 0 0 14 2 10432 10433 0 0 14 2 10434 10435 0 0 14 2 10436 10437 0 0 14 2 10438 10439 0 0 14 2 10440 10441 0 0 14 2 10442 10443 0 0 14 2 10444 10445 0 0 14 2 10446 10447 0 0 14 2 10448 10449 0 0 14 2 10450 10451 0 0 14 2 10452 10453 0 0 14 2 10454 10455 0 0 14 2 10456 10457 0 0 14 2 10458 10459 0 0 14 2 10460 10461 0 0 14 2 10462 10463 0 0 14 2 10464 10465 0 0 14 2 10466 10467 0 0 14 2 10468 10469 0 0 14 2 10470 10471 0 0 14 2 10472 10473 0 0 14 2 10474 10475 0 0 14 2 10476 10477 0 0 14 2 10478 10479 0 0 14 2 10480 10481 0 0 14 2 10482 10483 0 0 14 2 10484 10485 0 0 14 2 10486 10487 0 0 14 2 10488 10489 0 0 14 2 10490 10491 0 0 14 2 10492 10493 0 0 14 2 10494 10495 0 0 14 2 10496 10497 0 0 14 2 10498 10499 0 0 14 2 10500 10501 0 0 14 2 10502 10503 0 0 14 2 10504 10505 0 0 14 2 10506 10507 0 0 14 2 10508 10509 0 0 14 2 10510 10511 0 0 14 2 10512 10513 0 0 14 2 10514 10515 0 0 14 2 10516 10517 0 0 14 2 10518 10519 0 0 14 2 10520 10521 0 0 14 2 10522 10523 0 0 14 2 10524 10525 0 0 14 2 10526 10527 0 0 14 2 10528 10529 0 0 14 2 10530 10531 0 0 14 2 10532 10533 0 0 14 2 10534 10535 0 0 14 2 10536 10537 0 0 14 2 10538 10539 0 0 14 2 10540 10541 0 0 14 2 10542 10543 0 0 14 2 10544 10545 0 0 14 2 10546 10547 0 0 14 2 10548 10549 0 0 14 2 10550 10551 0 0 14 2 10552 10553 0 0 14 2 10554 10555 0 0 14 2 10556 10557 0 0 14 2 10558 10559 0 0 14 2 10560 10561 0 0 14 2 10562 10563 0 0 14 2 10564 10565 0 0 14 2 10566 10567 0 0 14 2 10568 10569 0 0 14 2 10570 10571 0 0 14 2 10572 10573 0 0 14 2 10574 10575 0 0 14 2 10576 10577 0 0 14 2 10578 10579 0 0 14 2 10580 10581 0 0 14 2 10582 10583 0 0 14 2 10584 10585 0 0 14 2 10586 10587 0 0 14 2 10588 10589 0 0 14 2 10590 10591 0 0 14 2 10592 10593 0 0 14 2 10594 10595 0 0 14 2 10596 10597 0 0 14 2 10598 10599 0 0 
14 2 10600 10601 0 0 14 2 10602 10603 0 0 14 2 10604 10605 0 0 14 2 10606 10607 0 0 14 2 10608 10609 0 0 14 2 10610 10611 0 0 14 2 10612 10613 0 0 14 2 10614 10615 0 0 14 2 10616 10617 0 0 14 2 10618 10619 0 0 14 2 10620 10621 0 0 14 2 10622 10623 0 0 14 2 10624 10625 0 0 14 2 10626 10627 0 0 14 2 10628 10629 0 0 14 2 10630 10631 0 0 14 2 10632 10633 0 0 14 2 10634 10635 0 0 14 2 10636 10637 0 0 14 2 10638 10639 0 0 14 2 10640 10641 0 0 14 2 10642 10643 0 0 14 2 10644 10645 0 0 14 2 10646 10647 0 0 14 2 10648 10649 0 0 14 2 10650 10651 0 0 14 2 10652 10653 0 0 14 2 10654 10655 0 0 14 2 10656 10657 0 0 14 2 10658 10659 0 0 14 2 10660 10661 0 0 14 2 10662 10663 0 0 14 2 10664 10665 0 0 14 2 10666 10667 0 0 14 2 10668 10669 0 0 14 2 10670 10671 0 0 14 2 10672 10673 0 0 14 2 10674 10675 0 0 14 2 10676 10677 0 0 14 2 10678 10679 0 0 14 2 10680 10681 0 0 14 2 10682 10683 0 0 14 2 10684 10685 0 0 14 2 10686 10687 0 0 14 2 10688 10689 0 0 14 2 10690 10691 0 0 14 2 10692 10693 0 0 14 2 10694 10695 0 0 14 2 10696 10697 0 0 14 2 10698 10699 0 0 14 2 10700 10701 0 0 14 2 10702 10703 0 0 14 2 10704 10705 0 0 14 2 10706 10707 0 0 14 2 10708 10709 0 0 14 2 10710 10711 0 0 14 2 10712 10713 0 0 14 2 10714 10715 0 0 14 2 10716 10717 0 0 14 2 10718 10719 0 0 14 2 10720 10721 0 0 14 2 10722 10723 0 0 14 2 10724 10725 0 0 14 2 10726 10727 0 0 14 2 10728 10729 0 0 14 2 10730 10731 0 0 14 2 10732 10733 0 0 14 2 10734 10735 0 0 14 2 10736 10737 0 0 14 2 10738 10739 0 0 14 2 10740 10741 0 0 14 2 10742 10743 0 0 14 2 10744 10745 0 0 14 2 10746 10747 0 0 14 2 10748 10749 0 0 14 2 10750 10751 0 0 14 2 10752 10753 0 0 14 2 10754 10755 0 0 14 2 10756 10757 0 0 14 2 10758 10759 0 0 14 2 10760 10761 0 0 14 2 10762 10763 0 0 14 2 10764 10765 0 0 14 2 10766 10767 0 0 14 2 10768 10769 0 0 14 2 10770 10771 0 0 14 2 10772 10773 0 0 14 2 10774 10775 0 0 14 2 10776 10777 0 0 14 2 10778 10779 0 0 14 2 10780 10781 0 0 14 2 10782 10783 0 0 14 2 10784 10785 0 0 14 2 10786 10787 0 0 14 2 10788 10789 0 0 14 2 10790 10791 0 0 14 2 10792 10793 0 0 14 2 10794 10795 0 0 14 2 10796 10797 0 0 14 2 10798 10799 0 0 
14 2 10800 10801 0 0 14 2 10802 10803 0 0 14 2 10804 10805 0 0 14 2 10806 10807 0 0 14 2 10808 10809 0 0 14 2 10810 10811 0 0 14 2 10812 10813 0 0 14 2 10814 10815 0 0 14 2 10816 10817 0 0 14 2 10818 10819 0 0 14 2 10820 10821 0 0 14 2 10822 10823 0 0 14 2 10824 10825 0 0 14 2 10826 10827 0 0 14 2 10828 10829 0 0 14 2 10830 10831 0 0 14 2 10832 10833 0 0 14 2 10834 10835 0 0 14 2 10836 10837 0 0 14 2 10838 10839 0 0 14 2 10840 10841 0 0 14 2 10842 10843 0 0 14 2 10844 10845 0 0 14 2 10846 10847 0 0 14 2 10848 10849 0 0 14 2 10850 10851 0 0 14 2 10852 10853 0 0 14 2 10854 10855 0 0 14 2 10856 10857 0 0 14 2 10858 10859 0 0 14 2 10860 10861 0 0 14 2 10862 10863 0 0 14 2 10864 10865 0 0 14 2 10866 10867 0 0 14 2 10868 10869 0 0 14 2 10870 10871 0 0 14 2 10872 10873 0 0 14 2 10874 10875 0 0 14 2 10876 10877 0 0 14 2 10878 10879 0 0 14 2 10880 10881 0 0 14 2 10882 10883 0 0 14 2 10884 10885 0 0 14 2 10886 10887 0 0 14 2 10888 10889 0 0 14 2 10890 10891 0 0 14 2 10892 10893 0 0 14 2 10894 10895 0 0 14 2 10896 10897 0 0 14 2 10898 10899 0 0 14 2 10900 10901 0 0 14 2 10902 10903 0 0 14 2 10904 10905 0 0 14 2 10906 10907 0 0 14 2 10908 10909 0 0 14 2 10910 10911 0 0 14 2 10912 10913 0 0 14 2 10914 10915 0 0 14 2 10916 10917 0 0 14 2 10918 10919 0 0 14 2 10920 10921 0 0 14 2 10922 10923 0 0 14 2 10924 10925 0 0 14 2 10926 10927 0 0 14 2 10928 10929 0 0 14 2 10930 10931 0 0 14 2 10932 10933 0 0 14 2 10934 10935 0 0 14 2 10936 10937 0 0 14 2 10938 10939 0 0 14 2 10940 10941 0 0 14 2 10942 10943 0 0 14 2 10944 10945 0 0 14 2 10946 10947 0 0 14 2 10948 10949 0 0 14 2 10950 10951 0 0 14 2 10952 10953 0 0 14 2 10954 10955 0 0 14 2 10956 10957 0 0 14 2 10958 10959 0 0 14 2 10960 10961 0 0 14 2 10962 10963 0 0 14 2 10964 10965 0 0 14 2 10966 10967 0 0 14 2 10968 10969 0 0 14 2 10970 10971 0 0 14 2 10972 10973 0 0 14 2 10974 10975 0 0 14 2 10976 10977 0 0 14 2 10978 10979 0 0 14 2 10980 10981 0 0 14 2 10982 10983 0 0 14 2 10984 10985 0 0 14 2 10986 10987 0 0 14 2 10988 10989 0 0 14 2 10990 10991 0 0 14 2 10992 10993 0 0 14 2 10994 10995 0 0 14 2 10996 10997 0 0 14 2 10998 10999 0 0 
0 0 0 0 0 0 0 0 0 0 0 0 0 0 0 0 0 0 0 0 0 0 0 0 0 0 0 0 0 0 0 0 0 0 0 0 0 0 0 0 0 0 0 0 0 0 0 0 0 0 0 0 0 0 0 0 0 0 0 0 0 0 0 0 0 0 0 0 0 0 0 0 0 0 0 0 0 0 0 0 0 0 0 0 0 0 0 0 0 0 0 0 0 0 0 0 0 0 0 0 
0 0 0 0 0 0 0 0 0 0 0 0 0 0 0 0 0 0 0 0 0 0 0 0 0 0 0 0 0 0 0 0 0 0 0 0 0 0 0 0 0 0 0 0 0 0 0 0 0 0 0 0 0 0 0 0 0 0 0 0 0 0 0 0 0 0 0 0 0 0 0 0 0 0 0 0 0 0 0 0 0 0 0 0 0 0 0 0 0 0 0 0 0 0 0 0 0 0 0 0 
0 0 0 0 0 0 0 0 0 0 0 0 0 0 0 0 0 0 0 0 0 0 0 0 0 0 0 0 0 0 0 0 0 0 0 0 0 0 0 0 0 0 0 0 0 0 0 0 0 0 0 0 0 0 0 0 0 0 0 0 0 0 0 0 0 0 0 0 0 0 0 0 0 0 0 0 0 0 0 0 0 0 0 0 0 0 0 0 0 0 0 0 0 0 0 0 0 0 0 0 
0 0 0 0 0 0 0 0 0 0 0 0 0 0 0 0 0 0 0 0 0 0 0 0 0 0 0 0 0 0 0 0 0 0 0 0 0 0 0 0 0 0 0 0 0 0 0 0 0 0 0 0 0 0 0 0 0 0 0 0 0 0 0 0 0 0 0 0 0 0 0 0 0 0 0 0 0 0 0 0 0 0 0 0 0 0 0 0 0 0 0 0 0 0 0 0 0 0 0 0 
0 0 0 0 0 0 0 0 0 0 0 0 0 0 0 0 0 0 0 0 0 0 0 0 0 0 0 0 0 0 0 0 0 0 0 0 0 0 0 0 0 0 0 0 0 0 0 0 0 0 0 0 0 0 0 0 0 0 0 0 0 0 0 0 0 0 0 0 0 0 0 0 0 0 0 0 0 0 0 0 0 0 0 0 0 0 0 0 0 0 0 0 0 0 0 0 0 0 0 0 
0 0 0 0 0 0 0 0 0 0 0 0 0 0 0 0 0 0 0 0 0 0 0 0 0 0 0 0 0 0 0 0 0 0 0 0 0 0 0 0 0 0 0 0 0 0 0 0 0 0 0 0 0 0 0 0 0 0 0 0 0 0 0 0 0 0 0 0 0 0 0 0 0 0 0 0 0 0 0 0 0 0 0 0 0 0 0 0 0 0 0 0 0 0 0 0 0 0 0 0 
0 0 0 0 0 0 0 0 0 0 0 0 0 0 0 0 0 0 0 0 0 0 0 0 0 0 0 0 0 0 0 0 0 0 0 0 0 0 0 0 0 0 0 0 0 0 0 0 0 0 0 0 0 0 0 0 0 0 0 0 0 0 0 0 0 0 0 0 0 0 0 0 0 0 0 0 0 0 0 0 0 0 0 0 0 0 0 0 0 0 0 0 0 0 0 0 0 0 0 0 
0 0 0 0 0 0 0 0 0 0 0 0 0 0 0 0 0 0 0 0 0 0 0 0 0 0 0 0 0 0 0 0 0 0 0 0 0 0 0 0 0 0 0 0 0 0 0 0 0 0 0 0 0 0 0 0 0 0 0 0 0 0 0 0 0 0 0 0 0 0 0 0 0 0 0 0 0 0 0 0 0 0 0 0 0 0 0 0 0 0 0 0 0 0 0 0 0 0 0 0 
0 0 0 0 0 0 0 0 0 0 0 0 0 0 0 0 0 0 0 0 0 0 0 0 0 0 0 0 0 0 0 0 0 0 0 0 0 0 0 0 0 0 0 0 0 0 0 0 0 0 0 0 0 0 0 0 0 0 0 0 0 0 0 0 0 0 0 0 0 0 0 0 0 0 0 0 0 0 0 0 0 0 0 0 0 0 0 0 0 0 0 0 0 0 0 0 0 0 0 0 
0 0 0 0 0 0 0 0 0 0 0 0 0 0 0 0 0 0 0 0 0 0 0 0 0 0 0 0 0 0 0 0 0 0 0 0 0 0 0 0 0 0 0 0 0 0 0 0 0 0 0 0 0 0 0 0 0 0 0 0 0 0 0 0 0 0 0 0 0 0 0 0 0 0 0 0 0 0 0 0 0 0 0 0 0 0 0 0 0 0 0 0 0 0 0 0 0 0 0 0 
0 0 0 0 0 0 0 0 0 0 0 0 0 0 0 0 0 0 0 0 0 0 0 0 0 0 0 0 0 0 0 0 0 0 0 0 0 0 0 0 0 0 0 0 0 0 0 0 0 0 0 0 0 0 0 0 0 0 0 0 0 0 0 0 0 0 0 0 0 0 0 0 0 0 0 0 0 0 0 0 0 0 0 0 0 0 0 0 0 0 0 0 0 0 0 0 0 0 0 0 
0 0 0 0 0 0 0 0 0 0 0 0 0 0 0 0 0 0 0 0 0 0 0 0 0 0 0 0 0 0 0 0 0 0 0 0 0 0 0 0 0 0 0 0 0 0 0 0 0 0 0 0 0 0 0 0 0 0 0 0 0 0 0 0 0 0 0 0 0 0 0 0 0 0 0 0 0 0 0 0 0 0 0 0 0 0 0 0 0 0 0 0 0 0 0 0 0 0 0 0 
0 0 0 0 0 0 0 0 0 0 0 0 0 0 0 0 0 0 0 0 0 0 0 0 0 0 0 0 0 0 0 0 0 0 0 0 0 0 0 0 0 0 0 0 0 0 0 0 0 0 0 0 0 0 0 0 0 0 0 0 0 0 0 0 0 0 0 0 0 0 0 0 0 0 0 0 0 0 0 0 0 0 0 0 0 0 0 0 0 0 0 0 0 0 0 0 0 0 0 0 
0 0 0 0 0 0 0 0 0 0 0 0 0 0 0 0 0 0 0 0 0 0 0 0 0 0 0 0 0 0 0 0 0 0 0 0 0 0 0 0 0 0 0 0 0 0 0 0 0 0 0 0 0 0 0 0 0 0 0 0 0 0 0 0 0 0 0 0 0 0 0 0 0 0 0 0 0 0 0 0 0 0 0 0 0 0 0 0 0 0 0 0 0 0 0 0 0 0 0 0 
0 0 0 0 0 0 0 0 0 0 0 0 0 0 0 0 0 0 0 0 0 0 0 0 0 0 0 0 0 0 0 0 0 0 0 0 0 0 0 0 0 0 0 0 0 0 0 0 0 0 0 0 0 0 0 0 0 0 0 0 0 0 0 0 0 0 0 0 0 0 0 0 0 0 0 0 0 0 0 0 0 0 0 0 0 0 0 0 0 0 0 0 0 0 0 0 0 0 0 0 
0 0 0 0 0 0 0 0 0 0 0 0 0 0 0 0 0 0 0 0 0 0 0 0 0 0 0 0 0 0 0 0 0 0 0 0 0 0 0 0 0 0 0 0 0 0 0 0 0 0 0 0 0 0 0 0 0 0 0 0 0 0 0 0 0 0 0 0 0 0 0 0 0 0 0 0 0 0 0 0 0 0 0 0 0 0 0 0 0 0 0 0 0 0 0 0 0 0 0 0 
0 0 0 0 0 0 0 0 0 0 0 0 0 0 0 0 0 0 0 0 0 0 0 0 0 0 0 0 0 0 0 0 0 0 0 0 0 0 0 0 0 0 0 0 0 0 0 0 0 0 0 0 0 0 0 0 0 0 0 0 0 0 0 0 0 0 0 0 0 0 0 0 0 0 0 0 0 0 0 0 0 0 0 0 0 0 0 0 0 0 0 0 0 0 0 0 0 0 0 0 
0 0 0 0 0 0 0 0 0 0 0 0 0 0 0 0 0 0 0 0 0 0 0 0 0 0 0 0 0 0 0 0 0 0 0 0 0 0 0 0 0 0 0 0 0 0 0 0 0 0 0 0 0 0 0 0 0 0 0 0 0 0 0 0 0 0 0 0 0 0 0 0 0 0 0 0 0 0 0 0 0 0 0 0 0 0 0 0 0 0 0 0 0 0 0 0 0 0 0 0 
0 0 0 0 0 0 0 0 0 0 0 0 0 0 0 0 0 0 0 0 0 0 0 0 0 0 0 0 0 0 0 0 0 0 0 0 0 0 0 0 0 0 0 0 0 0 0 0 0 0 0 0 0 0 0 0 0 0 0 0 0 0 0 0 0 0 0 0 0 0 0 0 0 0 0 0 0 0 0 0 0 0 0 0 0 0 0 0 0 0 0 0 0 0 0 0 0 0 0 0 
0 0 0 0 0 0 0 0 0 0 0 0 0 0 0 0 0 0 0 0 0 0 0 0 0 0 0 0 0 0 0 0 0 0 0 0 0 0 0 0 0 0 0 0 0 0 0 0 0 0 0 0 0 0 0 0 0 0 0 0 0 0 0 0 0 0 0 0 0 0 0 0 0 0 0 0 0 0 0 0 0 0 0 0 0 0 0 0 0 0 0 0 0 0 0 0 0 0 0 0 
0 0 0 0 0 0 0 0 0 0 0 0 0 0 0 0 0 0 0 0 0 0 0 0 0 0 0 0 0 0 0 0 0 0 0 0 0 0 0 0 0 0 0 0 0 0 0 0 0 0 0 0 0 0 0 0 0 0 0 0 0 0 0 0 0 0 0 0 0 0 0 0 0 0 0 0 0 0 0 0 0 0 0 0 0 0 0 0 0 0 0 0 0 0 0 0 0 0 0 0 
0 0 0 0 0 0 0 0 0 0 0 0 0 0 0 0 0 0 0 0 0 0 0 0 0 0 0 0 0 0 0 0 0 0 0 0 0 0 0 0 0 0 0 0 0 0 0 0 0 0 0 0 0 0 0 0 0 0 0 0 0 0 0 0 0 0 0 0 0 0 0 0 0 0 0 0 0 0 0 0 0 0 0 0 0 0 0 0 0 0 0 0 0 0 0 0 0 0 0 0 
0 0 0 0 0 0 0 0 0 0 0 0 0 0 0 0 0 0 0 0 0 0 0 0 0 0 0 0 0 0 0 0 0 0 0 0 0 0 0 0 0 0 0 0 0 0 0 0 0 0 0 0 0 0 0 0 0 0 0 0 0 0 0 0 0 0 0 0 0 0 0 0 0 0 0 0 0 0 0 0 0 0 0 0 0 0 0 0 0 0 0 0 0 0 0 0 0 0 0 0 
0 0 0 0 0 0 0 0 0 0 0 0 0 0 0 0 0 0 0 0 0 0 0 0 0 0 0 0 0 0 0 0 0 0 0 0 0 0 0 0 0 0 0 0 0 0 0 0 0 0 0 0 0 0 0 0 0 0 0 0 0 0 0 0 0 0 0 0 0 0 0 0 0 0 0 0 0 0 0 0 0 0 0 0 0 0 0 0 0 0 0 0 0 0 0 0 0 0 0 0 
0 0 0 0 0 0 0 0 0 0 0 0 0 0 0 0 0 0 0 0 0 0 0 0 0 0 0 0 0 0 0 0 0 0 0 0 0 0 0 0 0 0 0 0 0 0 0 0 0 0 0 0 0 0 0 0 0 0 0 0 0 0 0 0 0 0 0 0 0 0 0 0 0 0 0 0 0 0 0 0 0 0 0 0 0 0 0 0 0 0 0 0 0 0 0 0 0 0 0 0 
0 0 0 0 0 0 0 0 0 0 0 0 0 0 0 0 0 0 0 0 0 0 0 0 0 0 0 0 0 0 0 0 0 0 0 0 0 0 0 0 0 0 0 0 0 0 0 0 0 0 0 0 0 0 0 0 0 0 0 0 0 0 0 0 0 0 0 0 0 0 0 0 0 0 0 0 0 0 0 0 0 0 0 0 0 0 0 0 0 0 0 0 0 0 0 0 0 0 0 0 
0 0 0 0 0 0 0 0 0 0 0 0 0 0 0 0 0 0 0 0 0 0 0 0 0 0 0 0 0 0 0 0 0 0 0 0 0 0 0 0 0 0 0 0 0 0 0 0 0 0 0 0 0 0 0 0 0 0 0 0 0 0 0 0 0 0 0 0 0 0 0 0 0 0 0 0 0 0 0 0 0 0 0 0 0 0 0 0 0 0 0 0 0 0 0 0 0 0 0 0 
0 0 0 0 0 0 0 0 0 0 0 0 0 0 0 0 0 0 0 0 0 0 0 0 0 0 0 0 0 0 0 0 0 0 0 0 0 0 0 0 0 0 0 0 0 0 0 0 0 0 0 0 0 0 0 0 0 0 0 0 0 0 0 0 0 0 0 0 0 0 0 0 0 0 0 0 0 0 0 0 0 0 0 0 0 0 0 0 0 0 0 0 0 0 0 0 0 0 0 0 
0 0 0 0 0 0 0 0 0 0 0 0 0 0 0 0 0 0 0 0 0 0 0 0 0 0 0 0 0 0 0 0 0 0 0 0 0 0 0 0 0 0 0 0 0 0 0 0 0 0 0 0 0 0 0 0 0 0 0 0 0 0 0 0 0 0 0 0 0 0 0 0 0 0 0 0 0 0 0 0 0 0 0 0 0 0 0 0 0 0 0 0 0 0 0 0 0 0 0 0 
0 0 0 0 0 0 0 0 0 0 0 0 0 0 0 0 0 0 0 0 0 0 0 0 0 0 0 0 0 0 0 0 0 0 0 0 0 0 0 0 0 0 0 0 0 0 0 0 0 0 0 0 0 0 0 0 0 0 0 0 0 0 0 0 0 0 0 0 0 0 0 0 0 0 0 0 0 0 0 0 0 0 0 0 0 0 0 0 0 0 0 0 0 0 0 0 0 0 0 0 
0 0 0 0 0 0 0 0 0 0 0 0 0 0 0 0 0 0 0 0 0 0 0 0 0 0 0 0 0 0 0 0 0 0 0 0 0 0 0 0 0 0 0 0 0 0 0 0 0 0 0 0 0 0 0 0 0 0 0 0 0 0 0 0 0 0 0 0 0 0 0 0 0 0 0 0 0 0 0 0 0 0 0 0 0 0 0 0 0 0 0 0 0 0 0 0 0 0 0 0 
0 0 0 0 0 0 0 0 0 0 0 0 0 0 0 0 0 0 0 0 0 0 0 0 0 0 0 0 0 0 0 0 0 0 0 0 0 0 0 0 0 0 0 0 0 0 0 0 0 0 0 0 0 0 0 0 0 0 0 0 0 0 0 0 0 0 0 0 0 0 0 0 0 0 0 0 0 0 0 0 0 0 0 0 0 0 0 0 0 0 0 0 0 0 0 0 0 0 0 0 
0 0 0 0 0 0 0 0 0 0 0 0 0 0 0 0 0 0 0 0 0 0 0 0 0 0 0 0 0 0 0 0 0 0 0 0 0 0 0 0 0 0 0 0 0 0 0 0 0 0 0 0 0 0 0 0 0 0 0 0 0 0 0 0 0 0 0 0 0 0 0 0 0 0 0 0 0 0 0 0 0 0 0 0 0 0 0 0 0 0 0 0 0 0 0 0 0 0 0 0 
0 0 0 0 0 0 0 0 0 0 0 0 0 0 0 0 0 0 0 0 0 0 0 0 0 0 0 0 0 0 0 0 0 0 0 0 0 0 0 0 0 0 0 0 0 0 0 0 0 0 0 0 0 0 0 0 0 0 0 0 0 0 0 0 0 0 0 0 0 0 0 0 0 0 0 0 0 0 0 0 0 0 0 0 0 0 0 0 0 0 0 0 0 0 0 0 0 0 0 0 
0 0 0 0 0 0 0 0 0 0 0 0 0 0 0 0 0 0 0 0 0 0 0 0 0 0 0 0 0 0 0 0 0 0 0 0 0 0 0 0 0 0 0 0 0 0 0 0 0 0 0 0 0 0 0 0 0 0 0 0 0 0 0 0 0 0 0 0 0 0 0 0 0 0 0 0 0 0 0 0 0 0 0 0 0 0 0 0 0 0 0 0 0 0 0 0 0 0 0 0 
0 0 0 0 0 0 0 0 0 0 0 0 0 0 0 0 0 0 0 0 0 0 0 0 0 0 0 0 0 0 0 0 0 0 0 0 0 0 0 0 0 0 0 0 0 0 0 0 0 0 0 0 0 0 0 0 0 0 0 0 0 0 0 0 0 0 0 0 0 0 0 0 0 0 0 0 0 0 0 0 0 0 0 0 0 0 0 0 0 0 0 0 0 0 0 0 0 0 0 0 
0 0 0 0 0 0 0 0 0 0 0 0 0 0 0 0 0 0 0 0 0 0 0 0 0 0 0 0 0 0 0 0 0 0 0 0 0 0 0 0 0 0 0 0 0 0 0 0 0 0 0 0 0 0 0 0 0 0 0 0 0 0 0 0 0 0 0 0 0 0 0 0 0 0 0 0 0 0 0 0 0 0 0 0 0 0 0 0 0 0 0 0 0 0 0 0 0 0 0 0 
0 0 0 0 0 0 0 0 0 0 0 0 0 0 0 0 0 0 0 0 0 0 0 0 0 0 0 0 0 0 0 0 0 0 0 0 0 0 0 0 0 0 0 0 0 0 0 0 0 0 0 0 0 0 0 0 0 0 0 0 0 0 0 0 0 0 0 0 0 0 0 0 0 0 0 0 0 0 0 0 0 0 0 0 0 0 0 0 0 0 0 0 0 0 0 0 0 0 0 0 
0 0 0 0 0 0 0 0 0 0 0 0 0 0 0 0 0 0 0 0 0 0 0 0 0 0 0 0 0 0 0 0 0 0 0 0 0 0 0 0 0 0 0 0 0 0 0 0 0 0 0 0 0 0 0 0 0 0 0 0 0 0 0 0 0 0 0 0 0 0 0 0 0 0 0 0 0 0 0 0 0 0 0 0 0 0 0 0 0 0 0 0 0 0 0 0 0 0 0 0 
14 2 18800 18801 0 0 14 2 18802 18803 0 0 14 2 18804 18805 0 0 14 2 18806 18807 0 0 14 2 18808 18809 0 0 14 2 18810 18811 0 0 14 2 18812 18813 0 0 14 2 18814 18815 0 0 14 2 18816 18817 0 0 14 2 18818 18819 0 0 14 2 18820 18821 0 0 14 2 18822 18823 0 0 14 2 18824 18825 0 0 14 2 18826 18827 0 0 14 2 18828 18829 0 0 14 2 18830 18831 0 0 14 2 18832 18833 0 0 14 2 18834 18835 0 0 14 2 18836 18837 0 0 14 2 18838 18839 0 0 14 2 18840 18841 0 0 14 2 18842 18843 0 0 14 2 18844 18845 0 0 14 2 18846 18847 0 0 14 2 18848 18849 0 0 14 2 18850 18851 0 0 14 2 18852 18853 0 0 14 2 18854 18855 0 0 14 2 18856 18857 0 0 14 2 18858 18859 0 0 14 2 18860 18861 0 0 14 2 18862 18863 0 0 14 2 18864 18865 0 0 14 2 18866 18867 0 0 14 2 18868 18869 0 0 14 2 18870 18871 0 0 14 2 18872 18873 0 0 14 2 18874 18875 0 0 14 2 18876 18877 0 0 14 2 18878 18879 0 0 14 2 18880 18881 0 0 14 2 18882 18883 0 0 14 2 18884 18885 0 0 14 2 18886 18887 0 0 14 2 18888 18889 0 0 14 2 18890 18891 0 0 14 2 18892 18893 0 0 14 2 18894 18895 0 0 14 2 18896 18897 0 0 14 2 18898 18899 0 0 14 2 18900 18901 0 0 14 2 18902 18903 0 0 14 2 18904 18905 0 0 14 2 18906 18907 0 0 14 2 18908 18909 0 0 14 2 18910 18911 0 0 14 2 18912 18913 0 0 14 2 18914 18915 0 0 14 2 18916 18917 0 0 14 2 18918 18919 0 0 14 2 18920 18921 0 0 14 2 18922 18923 0 0 14 2 18924 18925 0 0 14 2 18926 18927 0 0 14 2 18928 18929 0 0 14 2 18930 18931 0 0 14 2 18932 18933 0 0 14 2 18934 18935 0 0 14 2 18936 18937 0 0 14 2 18938 18939 0 0 14 2 18940 18941 0 0 14 2 18942 18943 0 0 14 2 18944 18945 0 0 14 2 18946 18947 0 0 14 2 18948 18949 0 0 14 2 18950 18951 0 0 14 2 18952 18953 0 0 14 2 18954 18955 0 0 14 2 18956 18957 0 0 14 2 18958 18959 0 0 14 2 18960 18961 0 0 14 2 18962 18963 0 0 14 2 18964 18965 0 0 14 2 18966 18967 0 0 14 2 18968 18969 0 0 14 2 18970 18971 0 0 14 2 18972 18973 0 0 14 2 18974 18975 0 0 14 2 18976 18977 0 0 14 2 18978 18979 0 0 14 2 18980 18981 0 0 14 2 18982 18983 0 0 14 2 18984 18985 0 0 14 2 18986 18987 0 0 14 2 18988 18989 0 0 14 2 18990 18991 0 0 14 2 18992 18993 0 0 14 2 18994 18995 0 0 14 2 18996 18997 0 0 14 2 18998 18999 0 0 
14 2 19000 19001 0 0 14 2 19002 19003 0 0 14 2 19004 19005 0 0 14 2 19006 19007 0 0 14 2 19008 19009 0 0 14 2 19010 19011 0 0 14 2 19012 19013 0 0 14 2 19014 19015 0 0 14 2 19016 19017 0 0 14 2 19018 19019 0 0 14 2 19020 19021 0 0 14 2 19022 19023 0 0 14 2 19024 19025 0 0 14 2 19026 19027 0 0 14 2 19028 19029 0 0 14 2 19030 19031 0 0 14 2 19032 19033 0 0 14 2 19034 19035 0 0 14 2 19036 19037 0 0 14 2 19038 19039 0 0 14 2 19040 19041 0 0 14 2 19042 19043 0 0 14 2 19044 19045 0 0 14 2 19046 19047 0 0 14 2 19048 19049 0 0 14 2 19050 19051 0 0 14 2 19052 19053 0 0 14 2 19054 19055 0 0 14 2 19056 19057 0 0 14 2 19058 19059 0 0 14 2 19060 19061 0 0 14 2 19062 19063 0 0 14 2 19064 19065 0 0 14 2 19066 19067 0 0 14 2 19068 19069 0 0 14 2 19070 19071 0 0 14 2 19072 19073 0 0 14 2 19074 19075 0 0 14 2 19076 19077 0 0 14 2 19078 19079 0 0 14 2 19080 19081 0 0 14 2 19082 19083 0 0 14 2 19084 19085 0 0 14 2 19086 19087 0 0 14 2 19088 19089 0 0 14 2 19090 19091 0 0 14 2 19092 19093 0 0 14 2 19094 19095 0 0 14 2 19096 19097 0 0 14 2 19098 19099 0 0 14 2 19100 19101 0 0 14 2 19102 19103 0 0 14 2 19104 19105 0 0 14 2 19106 19107 0 0 14 2 19108 19109 0 0 14 2 19110 19111 0 0 14 2 19112 19113 0 0 14 2 19114 19115 0 0 14 2 19116 19117 0 0 14 2 19118 19119 0 0 14 2 19120 19121 0 0 14 2 19122 19123 0 0 14 2 19124 19125 0 0 14 2 19126 19127 0 0 14 2 19128 19129 0 0 14 2 19130 19131 0 0 14 2 19132 19133 0 0 14 2 19134 19135 0 0 14 2 19136 19137 0 0 14 2 19138 19139 0 0 14 2 19140 19141 0 0 14 2 19142 19143 0 0 14 2 19144 19145 0 0 14 2 19146 19147 0 0 14 2 19148 19149 0 0 14 2 19150 19151 0 0 14 2 19152 19153 0 0 14 2 19154 19155 0 0 14 2 19156 19157 0 0 14 2 19158 19159 0 0 14 2 19160 19161 0 0 14 2 19162 19163 0 0 14 2 19164 19165 0 0 14 2 19166 19167 0 0 14 2 19168 19169 0 0 14 2 19170 19171 0 0 14 2 19172 19173 0 0 14 2 19174 19175 0 0 14 2 19176 19177 0 0 14 2 19178 19179 0 0 14 2 19180 19181 0 0 14 2 19182 19183 0 0 14 2 19184 19185 0 0 14 2 19186 19187 0 0 14 2 19188 19189 0 0 14 2 19190 19191 0 0 14 2 19192 19193 0 0 14 2 19194 19195 0 0 14 2 19196 19197 0 0 14 2 19198 19199 0 0 
0 0 0 0 0 0 0 0 0 0 0 0 0 0 0 0 0 0 0 0 0 0 0 0 0 0 0 0 0 0 0 0 0 0 0 0 0 0 0 0 0 0 0 0 0 0 0 0 0 0 0 0 0 0 0 0 0 0 0 0 0 0 0 0 0 0 0 0 0 0 0 0 0 0 0 0 0 0 0 0 0 0 0 0 0 0 0 0 0 0 0 0 0 0 0 0 0 0 0 0 
0 0 0 0 0 0 0 0 0 0 0 0 0 0 0 0 0 0 0 0 0 0 0 0 0 0 0 0 0 0 0 0 0 0 0 0 0 0 0 0 0 0 0 0 0 0 0 0 0 0 0 0 0 0 0 0 0 0 0 0 0 0 0 0 0 0 0 0 0 0 0 0 0 0 0 0 0 0 0 0 0 0 0 0 0 0 0 0 0 0 0 0 0 0 0 0 0 0 0 0 
0 0 0 0 0 0 0 0 0 0 0 0 0 0 0 0 0 0 0 0 0 0 0 0 0 0 0 0 0 0 0 0 0 0 0 0 0 0 0 0 0 0 0 0 0 0 0 0 0 0 0 0 0 0 0 0 0 0 0 0 0 0 0 0 0 0 0 0 0 0 0 0 0 0 0 0 0 0 0 0 0 0 0 0 0 0 0 0 0 0 0 0 0 0 0 0 0 0 0 0 
0 0 0 0 0 0 0 0 0 0 0 0 0 0 0 0 0 0 0 0 0 0 0 0 0 0 0 0 0 0 0 0 0 0 0 0 0 0 0 0 0 0 0 0 0 0 0 0 0 0 0 0 0 0 0 0 0 0 0 0 0 0 0 0 0 0 0 0 0 0 0 0 0 0 0 0 0 0 0 0 0 0 0 0 0 0 0 0 0 0 0 0 0 0 0 0 0 0 0 0 

0 0 0 0 0 0 0 0 0 0 0 0 0 0 0 0 0 0 0 0 0 0 0 0 0 0 0 0 0 0 0 0 0 0 0 0 0 0 0 0 0 0 0 0 0 0 0 0 0 0 0 0 0 0 0 0 0 0 0 0 0 0 0 0 0 0 0 0 0 0 0 0 0 0 0 0 0 0 0 0 0 0 0 0 0 0 0 0 0 0 0 0 0 0 0 0 0 0 0 0 
0 0 0 0 0 0 0 0 0 0 0 0 0 0 0 0 0 0 0 0 0 0 0 0 0 0 0 0 0 0 0 0 0 0 0 0 0 0 0 0 0 0 0 0 0 0 0 0 0 0 0 0 0 0 0 0 0 0 0 0 0 0 0 0 0 0 0 0 0 0 0 0 0 0 0 0 0 0 0 0 0 0 0 0 0 0 0 0 0 0 0 0 0 0 0 0 0 0 0 0 
0 0 0 0 0 0 0 0 0 0 0 0 0 0 0 0 0 0 0 0 0 0 0 0 0 0 0 0 0 0 0 0 0 0 0 0 0 0 0 0 0 0 0 0 0 0 0 0 0 0 0 0 0 0 0 0 0 0 0 0 0 0 0 0 0 0 0 0 0 0 0 0 0 0 0 0 0 0 0 0 0 0 0 0 0 0 0 0 0 0 0 0 0 0 0 0 0 0 0 0 
0 0 0 0 0 0 0 0 0 0 0 0 0 0 0 0 0 0 0 0 0 0 0 0 0 0 0 0 0 0 0 0 0 0 0 0 0 0 0 0 0 0 0 0 0 0 0 0 0 0 0 0 0 0 0 0 0 0 0 0 0 0 0 0 0 0 0 0 0 0 0 0 0 0 0 0 0 0 0 0 0 0 0 0 0 0 0 0 0 0 0 0 0 0 0 0 0 0 0 0 
0 0 0 0 0 0 0 0 0 0 0 0 0 0 0 0 0 0 0 0 0 0 0 0 0 0 0 0 0 0 0 0 0 0 0 0 0 0 0 0 0 0 0 0 0 0 0 0 0 0 0 0 0 0 0 0 0 0 0 0 0 0 0 0 0 0 0 0 0 0 0 0 0 0 0 0 0 0 0 0 0 0 0 0 0 0 0 0 0 0 0 0 0 0 0 0 0 0 0 0 
0 0 0 0 0 0 0 0 0 0 0 0 0 0 0 0 0 0 0 0 0 0 0 0 0 0 0 0 0 0 0 0 0 0 0 0 0 0 0 0 0 0 0 0 0 0 0 0 0 0 0 0 0 0 0 0 0 0 0 0 0 0 0 0 0 0 0 0 0 0 0 0 0 0 0 0 0 0 0 0 0 0 0 0 0 0 0 0 0 0 0 0 0 0 0 0 0 0 0 0 
0 0 0 0 0 0 0 0 0 0 0 0 0 0 0 0 0 0 0 0 0 0 0 0 0 0 0 0 0 0 0 0 0 0 0 0 0 0 0 0 0 0 0 0 0 0 0 0 0 0 0 0 0 0 0 0 0 0 0 0 0 0 0 0 0 0 0 0 0 0 0 0 0 0 0 0 0 0 0 0 0 0 0 0 0 0 0 0 0 0 0 0 0 0 0 0 0 0 0 0 
0 0 0 0 0 0 0 0 0 0 0 0 0 0 0 0 0 0 0 0 0 0 0 0 0 0 0 0 0 0 0 0 0 0 0 0 0 0 0 0 0 0 0 0 0 0 0 0 0 0 0 0 0 0 0 0 0 0 0 0 0 0 0 0 0 0 0 0 0 0 0 0 0 0 0 0 0 0 0 0 0 0 0 0 0 0 0 0 0 0 0 0 0 0 0 0 0 0 0 0 
0 0 0 0 0 0 0 0 0 0 0 0 0 0 0 0 0 0 0 0 0 0 0 0 0 0 0 0 0 0 0 0 0 0 0 0 0 0 0 0 0 0 0 0 0 0 0 0 0 0 0 0 0 0 0 0 0 0 0 0 0 0 0 0 0 0 0 0 0 0 0 0 0 0 0 0 0 0 0 0 0 0 0 0 0 0 0 0 0 0 0 0 0 0 0 0 0 0 0 0 
0 0 0 0 0 0 0 0 0 0 0 0 0 0 0 0 0 0 0 0 0 0 0 0 0 0 0 0 0 0 0 0 0 0 0 0 0 0 0 0 0 0 0 0 0 0 0 0 0 0 0 0 0 0 0 0 0 0 0 0 0 0 0 0 0 0 0 0 0 0 0 0 0 0 0 0 0 0 0 0 0 0 0 0 0 0 0 0 0 0 0 0 0 0 0 0 0 0 0 0 
0 0 0 0 0 0 0 0 0 0 0 0 0 0 0 0 0 0 0 0 0 0 0 0 0 0 0 0 0 0 0 0 0 0 0 0 0 0 0 0 0 0 0 0 0 0 0 0 0 0 0 0 0 0 0 0 0 0 0 0 0 0 0 0 0 0 0 0 0 0 0 0 0 0 0 0 0 0 0 0 0 0 0 0 0 0 0 0 0 0 0 0 0 0 0 0 0 0 0 0 
0 0 0 0 0 0 0 0 0 0 0 0 0 0 0 0 0 0 0 0 0 0 0 0 0 0 0 0 0 0 0 0 0 0 0 0 0 0 0 0 0 0 0 0 0 0 0 0 0 0 0 0 0 0 0 0 0 0 0 0 0 0 0 0 0 0 0 0 0 0 0 0 0 0 0 0 0 0 0 0 0 0 0 0 0 0 0 0 0 0 0 0 0 0 0 0 0 0 0 0 
0 0 0 0 0 0 0 0 0 0 0 0 0 0 0 0 0 0 0 0 0 0 0 0 0 0 0 0 0 0 0 0 0 0 0 0 0 0 0 0 0 0 0 0 0 0 0 0 0 0 0 0 0 0 0 0 0 0 0 0 0 0 0 0 0 0 0 0 0 0 0 0 0 0 0 0 0 0 0 0 0 0 0 0 0 0 0 0 0 0 0 0 0 0 0 0 0 0 0 0 
0 0 0 0 0 0 0 0 0 0 0 0 0 0 0 0 0 0 0 0 0 0 0 0 0 0 0 0 0 0 0 0 0 0 0 0 0 0 0 0 0 0 0 0 0 0 0 0 0 0 0 0 0 0 0 0 0 0 0 0 0 0 0 0 0 0 0 0 0 0 0 0 0 0 0 0 0 0 0 0 0 0 0 0 0 0 0 0 0 0 0 0 0 0 0 0 0 0 0 0 
0 0 0 0 0 0 0 0 0 0 0 0 0 0 0 0 0 0 0 0 0 0 0 0 0 0 0 0 0 0 0 0 0 0 0 0 0 0 0 0 0 0 0 0 0 0 0 0 0 0 0 0 0 0 0 0 0 0 0 0 0 0 0 0 0 0 0 0 0 0 0 0 0 0 0 0 0 0 0 0 0 0 0 0 0 0 0 0 0 0 0 0 0 0 0 0 0 0 0 0 
0 0 0 0 0 0 0 0 0 0 0 0 0 0 0 0 0 0 0 0 0 0 0 0 0 0 0 0 0 0 0 0 0 0 0 0 0 0 0 0 0 0 0 0 0 0 0 0 0 0 0 0 0 0 0 0 0 0 0 0 0 0 0 0 0 0 0 0 0 0 0 0 0 0 0 0 0 0 0 0 0 0 0 0 0 0 0 0 0 0 0 0 0 0 0 0 0 0 0 0 
0 0 0 0 0 0 0 0 0 0 0 0 0 0 0 0 0 0 0 0 0 0 0 0 0 0 0 0 0 0 0 0 0 0 0 0 0 0 0 0 0 0 0 0 0 0 0 0 0 0 0 0 0 0 0 0 0 0 0 0 0 0 0 0 0 0 0 0 0 0 0 0 0 0 0 0 0 0 0 0 0 0 0 0 0 0 0 0 0 0 0 0 0 0 0 0 0 0 0 0 
0 0 0 0 0 0 0 0 0 0 0 0 0 0 0 0 0 0 0 0 0 0 0 0 0 0 0 0 0 0 0 0 0 0 0 0 0 0 0 0 0 0 0 0 0 0 0 0 0 0 0 0 0 0 0 0 0 0 0 0 0 0 0 0 0 0 0 0 0 0 0 0 0 0 0 0 0 0 0 0 0 0 0 0 0 0 0 0 0 0 0 0 0 0 0 0 0 0 0 0 
0 0 0 0 0 0 0 0 0 0 0 0 0 0 0 0 0 0 0 0 0 0 0 0 0 0 0 0 0 0 0 0 0 0 0 0 0 0 0 0 0 0 0 0 0 0 0 0 0 0 0 0 0 0 0 0 0 0 0 0 0 0 0 0 0 0 0 0 0 0 0 0 0 0 0 0 0 0 0 0 0 0 0 0 0 0 0 0 0 0 0 0 0 0 0 0 0 0 0 0 
0 0 0 0 0 0 0 0 0 0 0 0 0 0 0 0 0 0 0 0 0 0 0 0 0 0 0 0 0 0 0 0 0 0 0 0 0 0 0 0 0 0 0 0 0 0 0 0 0 0 0 0 0 0 0 0 0 0 0 0 0 0 0 0 0 0 0 0 0 0 0 0 0 0 0 0 0 0 0 0 0 0 0 0 0 0 0 0 0 0 0 0 0 0 0 0 0 0 0 0 
0 0 0 0 0 0 0 0 0 0 0 0 0 0 0 0 0 0 0 0 0 0 0 0 0 0 0 0 0 0 0 0 0 0 0 0 0 0 0 0 0 0 0 0 0 0 0 0 0 0 0 0 0 0 0 0 0 0 0 0 0 0 0 0 0 0 0 0 0 0 0 0 0 0 0 0 0 0 0 0 0 0 0 0 0 0 0 0 0 0 0 0 0 0 0 0 0 0 0 0 
0 0 0 0 0 0 0 0 0 0 0 0 0 0 0 0 0 0 0 0 0 0 0 0 0 0 0 0 0 0 0 0 0 0 0 0 0 0 0 0 0 0 0 0 0 0 0 0 0 0 0 0 0 0 0 0 0 0 0 0 0 0 0 0 0 0 0 0 0 0 0 0 0 0 0 0 0 0 0 0 0 0 0 0 0 0 0 0 0 0 0 0 0 0 0 0 0 0 0 0 
0 0 0 0 0 0 0 0 0 0 0 0 0 0 0 0 0 0 0 0 0 0 0 0 0 0 0 0 0 0 0 0 0 0 0 0 0 0 0 0 0 0 0 0 0 0 0 0 0 0 0 0 0 0 0 0 0 0 0 0 0 0 0 0 0 0 0 0 0 0 0 0 0 0 0 0 0 0 0 0 0 0 0 0 0 0 0 0 0 0 0 0 0 0 0 0 0 0 0 0 
0 0 0 0 0 0 0 0 0 0 0 0 0 0 0 0 0 0 0 0 0 0 0 0 0 0 0 0 0 0 0 0 0 0 0 0 0 0 0 0 0 0 0 0 0 0 0 0 0 0 0 0 0 0 0 0 0 0 0 0 0 0 0 0 0 0 0 0 0 0 0 0 0 0 0 0 0 0 0 0 0 0 0 0 0 0 0 0 0 0 0 0 0 0 0 0 0 0 0 0 
0 0 0 0 0 0 0 0 0 0 0 0 0 0 0 0 0 0 0 0 0 0 0 0 0 0 0 0 0 0 0 0 0 0 0 0 0 0 0 0 0 0 0 0 0 0 0 0 0 0 0 0 0 0 0 0 0 0 0 0 0 0 0 0 0 0 0 0 0 0 0 0 0 0 0 0 0 0 0 0 0 0 0 0 0 0 0 0 0 0 0 0 0 0 0 0 0 0 0 0 
0 0 0 0 0 0 0 0 0 0 0 0 0 0 0 0 0 0 0 0 0 0 0 0 0 0 0 0 0 0 0 0 0 0 0 0 0 0 0 0 0 0 0 0 0 0 0 0 0 0 0 0 0 0 0 0 0 0 0 0 0 0 0 0 0 0 0 0 0 0 0 0 0 0 0 0 0 0 0 0 0 0 0 0 0 0 0 0 0 0 0 0 0 0 0 0 0 0 0 0 
0 0 0 0 0 0 0 0 0 0 0 0 0 0 0 0 0 0 0 0 0 0 0 0 0 0 0 0 0 0 0 0 0 0 0 0 0 0 0 0 0 0 0 0 0 0 0 0 0 0 0 0 0 0 0 0 0 0 0 0 0 0 0 0 0 0 0 0 0 0 0 0 0 0 0 0 0 0 0 0 0 0 0 0 0 0 0 0 0 0 0 0 0 0 0 0 0 0 0 0 
0 0 0 0 0 0 0 0 0 0 0 0 0 0 0 0 0 0 0 0 0 0 0 0 0 0 0 0 0 0 0 0 0 0 0 0 0 0 0 0 0 0 0 0 0 0 0 0 0 0 0 0 0 0 0 0 0 0 0 0 0 0 0 0 0 0 0 0 0 0 0 0 0 0 0 0 0 0 0 0 0 0 0 0 0 0 0 0 0 0 0 0 0 0 0 0 0 0 0 0 
0 0 0 0 0 0 0 0 0 0 0 0 0 0 0 0 0 0 0 0 0 0 0 0 0 0 0 0 0 0 0 0 0 0 0 0 0 0 0 0 0 0 0 0 0 0 0 0 0 0 0 0 0 0 0 0 0 0 0 0 0 0 0 0 0 0 0 0 0 0 0 0 0 0 0 0 0 0 0 0 0 0 0 0 0 0 0 0 0 0 0 0 0 0 0 0 0 0 0 0 
0 0 0 0 0 0 0 0 0 0 0 0 0 0 0 0 0 0 0 0 0 0 0 0 0 0 0 0 0 0 0 0 0 0 0 0 0 0 0 0 0 0 0 0 0 0 0 0 0 0 0 0 0 0 0 0 0 0 0 0 0 0 0 0 0 0 0 0 0 0 0 0 0 0 0 0 0 0 0 0 0 0 0 0 0 0 0 0 0 0 0 0 0 0 0 0 0 0 0 0 
0 0 0 0 0 0 0 0 0 0 0 0 0 0 0 0 0 0 0 0 0 0 0 0 0 0 0 0 0 0 0 0 0 0 0 0 0 0 0 0 0 0 0 0 0 0 0 0 0 0 0 0 0 0 0 0 0 0 0 0 0 0 0 0 0 0 0 0 0 0 0 0 0 0 0 0 0 0 0 0 0 0 0 0 0 0 0 0 0 0 0 0 0 0 0 0 0 0 0 0 
0 0 0 0 0 0 0 0 0 0 0 0 0 0 0 0 0 0 0 0 0 0 0 0 0 0 0 0 0 0 0 0 0 0 0 0 0 0 0 0 0 0 0 0 0 0 0 0 0 0 0 0 0 0 0 0 0 0 0 0 0 0 0 0 0 0 0 0 0 0 0 0 0 0 0 0 0 0 0 0 0 0 0 0 0 0 0 0 0 0 0 0 0 0 0 0 0 0 0 0 
0 0 0 0 0 0 0 0 0 0 0 0 0 0 0 0 0 0 0 0 0 0 0 0 0 0 0 0 0 0 0 0 0 0 0 0 0 0 0 0 0 0 0 0 0 0 0 0 0 0 0 0 0 0 0 0 0 0 0 0 0 0 0 0 0 0 0 0 0 0 0 0 0 0 0 0 0 0 0 0 0 0 0 0 0 0 0 0 0 0 0 0 0 0 0 0 0 0 0 0 
0 0 0 0 0 0 0 0 0 0 0 0 0 0 0 0 0 0 0 0 0 0 0 0 0 0 0 0 0 0 0 0 0 0 0 0 0 0 0 0 0 0 0 0 0 0 0 0 0 0 0 0 0 0 0 0 0 0 0 0 0 0 0 0 0 0 0 0 0 0 0 0 0 0 0 0 0 0 0 0 0 0 0 0 0 0 0 0 0 0 0 0 0 0 0 0 0 0 0 0 
0 0 0 0 0 0 0 0 0 0 0 0 0 0 0 0 0 0 0 0 0 0 0 0 0 0 0 0 0 0 0 0 0 0 0 0 0 0 0 0 0 0 0 0 0 0 0 0 0 0 0 0 0 0 0 0 0 0 0 0 0 0 0 0 0 0 0 0 0 0 0 0 0 0 0 0 0 0 0 0 0 0 0 0 0 0 0 0 0 0 0 0 0 0 0 0 0 0 0 0 
0 0 0 0 0 0 0 0 0 0 0 0 0 0 0 0 0 0 0 0 0 0 0 0 0 0 0 0 0 0 0 0 0 0 0 0 0 0 0 0 0 0 0 0 0 0 0 0 0 0 0 0 0 0 0 0 0 0 0 0 0 0 0 0 0 0 0 0 0 0 0 0 0 0 0 0 0 0 0 0 0 0 0 0 0 0 0 0 0 0 0 0 0 0 0 0 0 0 0 0 
0 0 0 0 0 0 0 0 0 0 0 0 0 0 0 0 0 0 0 0 0 0 0 0 0 0 0 0 0 0 0 0 0 0 0 0 0 0 0 0 0 0 0 0 0 0 0 0 0 0 0 0 0 0 0 0 0 0 0 0 0 0 0 0 0 0 0 0 0 0 0 0 0 0 0 0 0 0 0 0 0 0 0 0 0 0 0 0 0 0 0 0 0 0 0 0 0 0 0 0 
0 0 0 0 0 0 0 0 0 0 0 0 0 0 0 0 0 0 0 0 0 0 0 0 0 0 0 0 0 0 0 0 0 0 0 0 0 0 0 0 0 0 0 0 0 0 0 0 0 0 0 0 0 0 0 0 0 0 0 0 0 0 0 0 0 0 0 0 0 0 0 0 0 0 0 0 0 0 0 0 0 0 0 0 0 0 0 0 0 0 0 0 0 0 0 0 0 0 0 0 
0 0 0 0 0 0 0 0 0 0 0 0 0 0 0 0 0 0 0 0 0 0 0 0 0 0 0 0 0 0 0 0 0 0 0 0 0 0 0 0 0 0 0 0 0 0 0 0 0 0 0 0 0 0 0 0 0 0 0 0 0 0 0 0 0 0 0 0 0 0 0 0 0 0 0 0 0 0 0 0 0 0 0 0 0 0 0 0 0 0 0 0 0 0 0 0 0 0 0 0 
0 0 0 0 0 0 0 0 0 0 0 0 0 0 0 0 0 0 0 0 0 0 0 0 0 0 0 0 0 0 0 0 0 0 0 0 0 0 0 0 0 0 0 0 0 0 0 0 0 0 0 0 0 0 0 0 0 0 0 0 0 0 0 0 0 0 0 0 0 0 0 0 0 0 0 0 0 0 0 0 0 0 0 0 0 0 0 0 0 0 0 0 0 0 0 0 0 0 0 0 
0 0 0 0 0 0 0 0 0 0 0 0 0 0 0 0 0 0 0 0 0 0 0 0 0 0 0 0 0 0 0 0 0 0 0 0 0 0 0 0 0 0 0 0 0 0 0 0 0 0 0 0 0 0 0 0 0 0 0 0 0 0 0 0 0 0 0 0 0 0 0 0 0 0 0 0 0 0 0 0 0 0 0 0 0 0 0 0 0 0 0 0 0 0 0 0 0 0 0 0 
0 0 0 0 0 0 0 0 0 0 0 0 0 0 0 0 0 0 0 0 0 0 0 0 0 0 0 0 0 0 0 0 0 0 0 0 0 0 0 0 0 0 0 0 0 0 0 0 0 0 0 0 0 0 0 0 0 0 0 0 0 0 0 0 0 0 0 0 0 0 0 0 0 0 0 0 0 0 0 0 0 0 0 0 0 0 0 0 0 0 0 0 0 0 0 0 0 0 0 0 
0 0 0 0 0 0 0 0 0 0 0 0 0 0 0 0 0 0 0 0 0 0 0 0 0 0 0 0 0 0 0 0 0 0 0 0 0 0 0 0 0 0 0 0 0 0 0 0 0 0 0 0 0 0 0 0 0 0 0 0 0 0 0 0 0 0 0 0 0 0 0 0 0 0 0 0 0 0 0 0 0 0 0 0 0 0 0 0 0 0 0 0 0 0 0 0 0 0 0 0 
0 0 0 0 0 0 0 0 0 0 0 0 0 0 0 0 0 0 0 0 0 0 0 0 0 0 0 0 0 0 0 0 0 0 0 0 0 0 0 0 0 0 0 0 0 0 0 0 0 0 0 0 0 0 0 0 0 0 0 0 0 0 0 0 0 0 0 0 0 0 0 0 0 0 0 0 0 0 0 0 0 0 0 0 0 0 0 0 0 0 0 0 0 0 0 0 0 0 0 0 
0 0 0 0 0 0 0 0 0 0 0 0 0 0 0 0 0 0 0 0 0 0 0 0 0 0 0 0 0 0 0 0 0 0 0 0 0 0 0 0 0 0 0 0 0 0 0 0 0 0 0 0 0 0 0 0 0 0 0 0 0 0 0 0 0 0 0 0 0 0 0 0 0 0 0 0 0 0 0 0 0 0 0 0 0 0 0 0 0 0 0 0 0 0 0 0 0 0 0 0 
0 0 0 0 0 0 0 0 0 0 0 0 0 0 0 0 0 0 0 0 0 0 0 0 0 0 0 0 0 0 0 0 0 0 0 0 0 0 0 0 0 0 0 0 0 0 0 0 0 0 0 0 0 0 0 0 0 0 0 0 0 0 0 0 0 0 0 0 0 0 0 0 0 0 0 0 0 0 0 0 0 0 0 0 0 0 0 0 0 0 0 0 0 0 0 0 0 0 0 0 
0 0 0 0 0 0 0 0 0 0 0 0 0 0 0 0 0 0 0 0 0 0 0 0 0 0 0 0 0 0 0 0 0 0 0 0 0 0 0 0 0 0 0 0 0 0 0 0 0 0 0 0 0 0 0 0 0 0 0 0 0 0 0 0 0 0 0 0 0 0 0 0 0 0 0 0 0 0 0 0 0 0 0 0 0 0 0 0 0 0 0 0 0 0 0 0 0 0 0 0 
0 0 0 0 0 0 0 0 0 0 0 0 0 0 0 0 0 0 0 0 0 0 0 0 0 0 0 0 0 0 0 0 0 0 0 0 0 0 0 0 0 0 0 0 0 0 0 0 0 0 0 0 0 0 0 0 0 0 0 0 0 0 0 0 0 0 0 0 0 0 0 0 0 0 0 0 0 0 0 0 0 0 0 0 0 0 0 0 0 0 0 0 0 0 0 0 0 0 0 0 
0 0 0 0 0 0 0 0 0 0 0 0 0 0 0 0 0 0 0 0 0 0 0 0 0 0 0 0 0 0 0 0 0 0 0 0 0 0 0 0 0 0 0 0 0 0 0 0 0 0 0 0 0 0 0 0 0 0 0 0 0 0 0 0 0 0 0 0 0 0 0 0 0 0 0 0 0 0 0 0 0 0 0 0 0 0 0 0 0 0 0 0 0 0 0 0 0 0 0 0 
0 0 0 0 0 0 0 0 0 0 0 0 0 0 0 0 0 0 0 0 0 0 0 0 0 0 0 0 0 0 0 0 0 0 0 0 0 0 0 0 0 0 0 0 0 0 0 0 0 0 0 0 0 0 0 0 0 0 0 0 0 0 0 0 0 0 0 0 0 0 0 0 0 0 0 0 0 0 0 0 0 0 0 0 0 0 0 0 0 0 0 0 0 0 0 0 0 0 0 0 
0 0 0 0 0 0 0 0 0 0 0 0 0 0 0 0 0 0 0 0 0 0 0 0 0 0 0 0 0 0 0 0 0 0 0 0 0 0 0 0 0 0 0 0 0 0 0 0 0 0 0 0 0 0 0 0 0 0 0 0 0 0 0 0 0 0 0 0 0 0 0 0 0 0 0 0 0 0 0 0 0 0 0 0 0 0 0 0 0 0 0 0 0 0 0 0 0 0 0 0 
14 2 10200 10201 0 0 14 2 10202 10203 0 0 14 2 10204 10205 0 0 14 2 10206 10207 0 0 14 2 10208 10209 0 0 14 2 10210 10211 0 0 14 2 10212 10213 0 0 14 2 10214 10215 0 0 14 2 10216 10217 0 0 14 2 10218 10219 0 0 14 2 10220 10221 0 0 14 2 10222 10223 0 0 14 2 10224 10225 0 0 14 2 10226 10227 0 0 14 2 10228 10229 0 0 14 2 10230 10231 0 0 14 2 10232 10233 0 0 14 2 10234 10235 0 0 14 2 10236 10237 0 0 14 2 10238 10239 0 0 14 2 10240 10241 0 0 14 2 10242 10243 0 0 14 2 10244 10245 0 0 14 2 10246 10247 0 0 14 2 10248 10249 0 0 14 2 10250 10251 0 0 14 2 10252 10253 0 0 14 2 10254 10255 0 0 14 2 10256 10257 0 0 14 2 10258 10259 0 0 14 2 10260 10261 0 0 14 2 10262 10263 0 0 14 2 10264 10265 0 0 14 2 10266 10267 0 0 14 2 10268 10269 0 0 14 2 10270 10271 0 0 14 2 10272 10273 0 0 14 2 10274 10275 0 0 14 2 10276 10277 0 0 14 2 10278 10279 0 0 14 2 10280 10281 0 0 14 2 10282 10283 0 0 14 2 10284 10285 0 0 14 2 10286 10287 0 0 14 2 10288 10289 0 0 14 2 10290 10291 0 0 14 2 10292 10293 0 0 14 2 10294 10295 0 0 14 2 10296 10297 0 0 14 2 10298 10299 0 0 14 2 10300 10301 0 0 14 2 10302 10303 0 0 14 2 10304 10305 0 0 14 2 10306 10307 0 0 14 2 10308 10309 0 0 14 2 10310 10311 0 0 14 2 10312 10313 0 0 14 2 10314 10315 0 0 14 2 10316 10317 0 0 14 2 10318 10319 0 0 14 2 10320 10321 0 0 14 2 10322 10323 0 0 14 2 10324 10325 0 0 14 2 10326 10327 0 0 14 2 10328 10329 0 0 14 2 10330 10331 0 0 14 2 10332 10333 0 0 14 2 10334 10335 0 0 14 2 10336 10337 0 0 14 2 10338 10339 0 0 14 2 10340 10341 0 0 14 2 10342 10343 0 0 14 2 10344 10345 0 0 14 2 10346 10347 0 0 14 2 10348 10349 0 0 14 2 10350 10351 0 0 14 2 10352 10353 0 0 14 2 10354 10355 0 0 14 2 10356 10357 0 0 14 2 10358 10359 0 0 14 2 10360 10361 0 0 14 2 10362 10363 0 0 14 2 10364 10365 0 0 14 2 10366 10367 0 0 14 2 10368 10369 0 0 14 2 10370 10371 0 0 14 2 10372 10373 0 0 14 2 10374 10375 0 0 14 2 10376 10377 0 0 14 2 10378 10379 0 0 14 2 10380 10381 0 0 14 2 10382 10383 0 0 14 2 10384 10385 0 0 14 2 10386 10387 0 0 14 2 10388 10389 0 0 14 2 10390 10391 0 0 14 2 10392 10393 0 0 14 2 10394 10395 0 0 14 2 10396 10397 0 0 14 2 10398 10399 0 0 
14 2 10400 10401 0 0 14 2 10402 10403 0 0 14 2 10404 10405 0 0 14 2 10406 10407 0 0 14 2 10408 10409 0 0 14 2 10410 10411 0 0 14 2 10412 10413 0 0 14 2 10414 10415 0 0 14 2 10416 10417 0 0 14 2 10418 10419 0 0 14 2 10420 10421 0 0 14 2 10422 10423 0 0 14 2 10424 10425 0 0 14 2 10426 10427 0 0 14 2 10428 10429 0 0 14 2 10430 10431 0 0 14 2 10432 10433 0 0 14 2 10434 10435 0 0 14 2 10436 10437 0 0 14 2 10438 10439 0 0 14 2 10440 10441 0 0 14 2 10442 10443 0 0 14 2 10444 10445 0 0 14 2 10446 10447 0 0 14 2 10448 10449 0 0 14 2 10450 10451 0 0 14 2 10452 10453 0 0 14 2 10454 10455 0 0 14 2 10456 10457 0 0 14 2 10458 10459 0 0 14 2 10460 10461 0 0 14 2 10462 10463 0 0 14 2 10464 10465 0 0 14 2 10466 10467 0 0 14 2 10468 10469 0 0 14 2 10470 10471 0 0 14 2 10472 10473 0 0 14 2 10474 10475 0 0 14 2 10476 10477 0 0 14 2 10478 10479 0 0 14 2 10480 10481 0 0 14 2 10482 10483 0 0 14 2 10484 10485 0 0 14 2 10486 10487 0 0 14 2 10488 10489 0 0 14 2 10490 10491 0 0 14 2 10492 10493 0 0 14 2 10494 10495 0 0 14 2 10496 10497 0 0 14 2 10498 10499 0 0 14 2 10500 10501 0 0 14 2 10502 10503 0 0 14 2 10504 10505 0 0 14 2 10506 10507 0 0 14 2 10508 10509 0 0 14 2 10510 10511 0 0 14 2 10512 10513 0 0 14 2 10514 10515 0 0 14 2 10516 10517 0 0 14 2 10518 10519 0 0 14 2 10520 10521 0 0 14 2 10522 10523 0 0 14 2 10524 10525 0 0 14 2 10526 10527 0 0 14 2 10528 10529 0 0 14 2 10530 10531 0 0 14 2 10532 10533 0 0 14 2 10534 10535 0 0 14 2 10536 10537 0 0 14 2 10538 10539 0 0 14 2 10540 10541 0 0 14 2 10542 10543 0 0 14 2 10544 10545 0 0 14 2 10546 10547 0 0 14 2 10548 10549 0 0 14 2 10550 10551 0 0 14 2 10552 10553 0 0 14 2 10554 10555 0 0 14 2 10556 10557 0 0 14 2 10558 10559 0 0 14 2 10560 10561 0 0 14 2 10562 10563 0 0 14 2 10564 10565 0 0 14 2 10566 10567 0 0 14 2 10568 10569 0 0 14 2 10570 10571 0 0 14 2 10572 10573 0 0 14 2 10574 10575 0 0 14 2 10576 10577 0 0 14 2 10578 10579 0 0 14 2 10580 10581 0 0 14 2 10582 10583 0 0 14 2 10584 10585 0 0 14 2 10586 10587 0 0 14 2 10588 10589 0 0 14 2 10590 10591 0 0 14 2 10592 10593 0 0 14 2 10594 10595 0 0 14 2 10596 10597 0 0 14 2 10598 10599 0 0 
0 0 0 0 0 0 0 0 0 0 0 0 0 0 0 0 0 0 0 0 0 0 0 0 0 0 0 0 0 0 0 0 0 0 0 0 0 0 0 0 0 0 0 0 0 0 0 0 0 0 0 0 0 0 0 0 0 0 0 0 0 0 0 0 0 0 0 0 0 0 0 0 0 0 0 0 0 0 0 0 0 0 0 0 0 0 0 0 0 0 0 0 0 0 0 0 0 0 0 0 
0 0 0 0 0 0 0 0 0 0 0 0 0 0 0 0 0 0 0 0 0 0 0 0 0 0 0 0 0 0 0 0 0 0 0 0 0 0 0 0 0 0 0 0 0 0 0 0 0 0 0 0 0 0 0 0 0 0 0 0 0 0 0 0 0 0 0 0 0 0 0 0 0 0 0 0 0 0 0 0 0 0 0 0 0 0 0 0 0 0 0 0 0 0 0 0 0 0 0 0 
0 0 0 0 0 0 0 0 0 0 0 0 0 0 0 0 0 0 0 0 0 0 0 0 0 0 0 0 0 0 0 0 0 0 0 0 0 0 0 0 0 0 0 0 0 0 0 0 0 0 0 0 0 0 0 0 0 0 0 0 0 0 0 0 0 0 0 0 0 0 0 0 0 0 0 0 0 0 0 0 0 0 0 0 0 0 0 0 0 0 0 0 0 0 0 0 0 0 0 0 
0 0 0 0 0 0 0 0 0 0 0 0 0 0 0 0 0 0 0 0 0 0 0 0 0 0 0 0 0 0 0 0 0 0 0 0 0 0 0 0 0 0 0 0 0 0 0 0 0 0 0 0 0 0 0 0 0 0 0 0 0 0 0 0 0 0 0 0 0 0 0 0 0 0 0 0 0 0 0 0 0 0 0 0 0 0 0 0 0 0 0 0 0 0 0 0 0 0 0 0 
0 0 0 0 0 0 0 0 0 0 0 0 0 0 0 0 0 0 0 0 0 0 0 0 0 0 0 0 0 0 0 0 0 0 0 0 0 0 0 0 0 0 0 0 0 0 0 0 0 0 0 0 0 0 0 0 0 0 0 0 0 0 0 0 0 0 0 0 0 0 0 0 0 0 0 0 0 0 0 0 0 0 0 0 0 0 0 0 0 0 0 0 0 0 0 0 0 0 0 0 
0 0 0 0 0 0 0 0 0 0 0 0 0 0 0 0 0 0 0 0 0 0 0 0 0 0 0 0 0 0 0 0 0 0 0 0 0 0 0 0 0 0 0 0 0 0 0 0 0 0 0 0 0 0 0 0 0 0 0 0 0 0 0 0 0 0 0 0 0 0 0 0 0 0 0 0 0 0 0 0 0 0 0 0 0 0 0 0 0 0 0 0 0 0 0 0 0 0 0 0 
0 0 0 0 0 0 0 0 0 0 0 0 0 0 0 0 0 0 0 0 0 0 0 0 0 0 0 0 0 0 0 0 0 0 0 0 0 0 0 0 0 0 0 0 0 0 0 0 0 0 0 0 0 0 0 0 0 0 0 0 0 0 0 0 0 0 0 0 0 0 0 0 0 0 0 0 0 0 0 0 0 0 0 0 0 0 0 0 0 0 0 0 0 0 0 0 0 0 0 0 
0 0 0 0 0 0 0 0 0 0 0 0 0 0 0 0 0 0 0 0 0 0 0 0 0 0 0 0 0 0 0 0 0 0 0 0 0 0 0 0 0 0 0 0 0 0 0 0 0 0 0 0 0 0 0 0 0 0 0 0 0 0 0 0 0 0 0 0 0 0 0 0 0 0 0 0 0 0 0 0 0 0 0 0 0 0 0 0 0 0 0 0 0 0 0 0 0 0 0 0 
0 0 0 0 0 0 0 0 0 0 0 0 0 0 0 0 0 0 0 0 0 0 0 0 0 0 0 0 0 0 0 0 0 0 0 0 0 0 0 0 0 0 0 0 0 0 0 0 0 0 0 0 0 0 0 0 0 0 0 0 0 0 0 0 0 0 0 0 0 0 0 0 0 0 0 0 0 0 0 0 0 0 0 0 0 0 0 0 0 0 0 0 0 0 0 0 0 0 0 0 
0 0 0 0 0 0 0 0 0 0 0 0 0 0 0 0 0 0 0 0 0 0 0 0 0 0 0 0 0 0 0 0 0 0 0 0 0 0 0 0 0 0 0 0 0 0 0 0 0 0 0 0 0 0 0 0 0 0 0 0 0 0 0 0 0 0 0 0 0 0 0 0 0 0 0 0 0 0 0 0 0 0 0 0 0 0 0 0 0 0 0 0 0 0 0 0 0 0 0 0 
0 0 0 0 0 0 0 0 0 0 0 0 0 0 0 0 0 0 0 0 0 0 0 0 0 0 0 0 0 0 0 0 0 0 0 0 0 0 0 0 0 0 0 0 0 0 0 0 0 0 0 0 0 0 0 0 0 0 0 0 0 0 0 0 0 0 0 0 0 0 0 0 0 0 0 0 0 0 0 0 0 0 0 0 0 0 0 0 0 0 0 0 0 0 0 0 0 0 0 0 
0 0 0 0 0 0 0 0 0 0 0 0 0 0 0 0 0 0 0 0 0 0 0 0 0 0 0 0 0 0 0 0 0 0 0 0 0 0 0 0 0 0 0 0 0 0 0 0 0 0 0 0 0 0 0 0 0 0 0 0 0 0 0 0 0 0 0 0 0 0 0 0 0 0 0 0 0 0 0 0 0 0 0 0 0 0 0 0 0 0 0 0 0 0 0 0 0 0 0 0 
0 0 0 0 0 0 0 0 0 0 0 0 0 0 0 0 0 0 0 0 0 0 0 0 0 0 0 0 0 0 0 0 0 0 0 0 0 0 0 0 0 0 0 0 0 0 0 0 0 0 0 0 0 0 0 0 0 0 0 0 0 0 0 0 0 0 0 0 0 0 0 0 0 0 0 0 0 0 0 0 0 0 0 0 0 0 0 0 0 0 0 0 0 0 0 0 0 0 0 0 
0 0 0 0 0 0 0 0 0 0 0 0 0 0 0 0 0 0 0 0 0 0 0 0 0 0 0 0 0 0 0 0 0 0 0 0 0 0 0 0 0 0 0 0 0 0 0 0 0 0 0 0 0 0 0 0 0 0 0 0 0 0 0 0 0 0 0 0 0 0 0 0 0 0 0 0 0 0 0 0 0 0 0 0 0 0 0 0 0 0 0 0 0 0 0 0 0 0 0 0 
0 0 0 0 0 0 0 0 0 0 0 0 0 0 0 0 0 0 0 0 0 0 0 0 0 0 0 0 0 0 0 0 0 0 0 0 0 0 0 0 0 0 0 0 0 0 0 0 0 0 0 0 0 0 0 0 0 0 0 0 0 0 0 0 0 0 0 0 0 0 0 0 0 0 0 0 0 0 0 0 0 0 0 0 0 0 0 0 0 0 0 0 0 0 0 0 0 0 0 0 
0 0 0 0 0 0 0 0 0 0 0 0 0 0 0 0 0 0 0 0 0 0 0 0 0 0 0 0 0 0 0 0 0 0 0 0 0 0 0 0 0 0 0 0 0 0 0 0 0 0 0 0 0 0 0 0 0 0 0 0 0 0 0 0 0 0 0 0 0 0 0 0 0 0 0 0 0 0 0 0 0 0 0 0 0 0 0 0 0 0 0 0 0 0 0 0 0 0 0 0 
0 0 0 0 0 0 0 0 0 0 0 0 0 0 0 0 0 0 0 0 0 0 0 0 0 0 0 0 0 0 0 0 0 0 0 0 0 0 0 0 0 0 0 0 0 0 0 0 0 0 0 0 0 0 0 0 0 0 0 0 0 0 0 0 0 0 0 0 0 0 0 0 0 0 0 0 0 0 0 0 0 0 0 0 0 0 0 0 0 0 0 0 0 0 0 0 0 0 0 0 
0 0 0 0 0 0 0 0 0 0 0 0 0 0 0 0 0 0 0 0 0 0 0 0 0 0 0 0 0 0 0 0 0 0 0 0 0 0 0 0 0 0 0 0 0 0 0 0 0 0 0 0 0 0 0 0 0 0 0 0 0 0 0 0 0 0 0 0 0 0 0 0 0 0 0 0 0 0 0 0 0 0 0 0 0 0 0 0 0 0 0 0 0 0 0 0 0 0 0 0 
0 0 0 0 0 0 0 0 0 0 0 0 0 0 0 0 0 0 0 0 0 0 0 0 0 0 0 0 0 0 0 0 0 0 0 0 0 0 0 0 0 0 0 0 0 0 0 0 0 0 0 0 0 0 0 0 0 0 0 0 0 0 0 0 0 0 0 0 0 0 0 0 0 0 0 0 0 0 0 0 0 0 0 0 0 0 0 0 0 0 0 0 0 0 0 0 0 0 0 0 
0 0 0 0 0 0 0 0 0 0 0 0 0 0 0 0 0 0 0 0 0 0 0 0 0 0 0 0 0 0 0 0 0 0 0 0 0 0 0 0 0 0 0 0 0 0 0 0 0 0 0 0 0 0 0 0 0 0 0 0 0 0 0 0 0 0 0 0 0 0 0 0 0 0 0 0 0 0 0 0 0 0 0 0 0 0 0 0 0 0 0 0 0 0 0 0 0 0 0 0 
0 0 0 0 0 0 0 0 0 0 0 0 0 0 0 0 0 0 0 0 0 0 0 0 0 0 0 0 0 0 0 0 0 0 0 0 0 0 0 0 0 0 0 0 0 0 0 0 0 0 0 0 0 0 0 0 0 0 0 0 0 0 0 0 0 0 0 0 0 0 0 0 0 0 0 0 0 0 0 0 0 0 0 0 0 0 0 0 0 0 0 0 0 0 0 0 0 0 0 0 
0 0 0 0 0 0 0 0 0 0 0 0 0 0 0 0 0 0 0 0 0 0 0 0 0 0 0 0 0 0 0 0 0 0 0 0 0 0 0 0 0 0 0 0 0 0 0 0 0 0 0 0 0 0 0 0 0 0 0 0 0 0 0 0 0 0 0 0 0 0 0 0 0 0 0 0 0 0 0 0 0 0 0 0 0 0 0 0 0 0 0 0 0 0 0 0 0 0 0 0 
0 0 0 0 0 0 0 0 0 0 0 0 0 0 0 0 0 0 0 0 0 0 0 0 0 0 0 0 0 0 0 0 0 0 0 0 0 0 0 0 0 0 0 0 0 0 0 0 0 0 0 0 0 0 0 0 0 0 0 0 0 0 0 0 0 0 0 0 0 0 0 0 0 0 0 0 0 0 0 0 0 0 0 0 0 0 0 0 0 0 0 0 0 0 0 0 0 0 0 0 
0 0 0 0 0 0 0 0 0 0 0 0 0 0 0 0 0 0 0 0 0 0 0 0 0 0 0 0 0 0 0 0 0 0 0 0 0 0 0 0 0 0 0 0 0 0 0 0 0 0 0 0 0 0 0 0 0 0 0 0 0 0 0 0 0 0 0 0 0 0 0 0 0 0 0 0 0 0 0 0 0 0 0 0 0 0 0 0 0 0 0 0 0 0 0 0 0 0 0 0 
0 0 0 0 0 0 0 0 0 0 0 0 0 0 0 0 0 0 0 0 0 0 0 0 0 0 0 0 0 0 0 0 0 0 0 0 0 0 0 0 0 0 0 0 0 0 0 0 0 0 0 0 0 0 0 0 0 0 0 0 0 0 0 0 0 0 0 0 0 0 0 0 0 0 0 0 0 0 0 0 0 0 0 0 0 0 0 0 0 0 0 0 0 0 0 0 0 0 0 0 
0 0 0 0 0 0 0 0 0 0 0 0 0 0 0 0 0 0 0 0 0 0 0 0 0 0 0 0 0 0 0 0 0 0 0 0 0 0 0 0 0 0 0 0 0 0 0 0 0 0 0 0 0 0 0 0 0 0 0 0 0 0 0 0 0 0 0 0 0 0 0 0 0 0 0 0 0 0 0 0 0 0 0 0 0 0 0 0 0 0 0 0 0 0 0 0 0 0 0 0 
0 0 0 0 0 0 0 0 0 0 0 0 0 0 0 0 0 0 0 0 0 0 0 0 0 0 0 0 0 0 0 0 0 0 0 0 0 0 0 0 0 0 0 0 0 0 0 0 0 0 0 0 0 0 0 0 0 0 0 0 0 0 0 0 0 0 0 0 0 0 0 0 0 0 0 0 0 0 0 0 0 0 0 0 0 0 0 0 0 0 0 0 0 0 0 0 0 0 0 0 
0 0 0 0 0 0 0 0 0 0 0 0 0 0 0 0 0 0 0 0 0 0 0 0 0 0 0 0 0 0 0 0 0 0 0 0 0 0 0 0 0 0 0 0 0 0 0 0 0 0 0 0 0 0 0 0 0 0 0 0 0 0 0 0 0 0 0 0 0 0 0 0 0 0 0 0 0 0 0 0 0 0 0 0 0 0 0 0 0 0 0 0 0 0 0 0 0 0 0 0 
0 0 0 0 0 0 0 0 0 0 0 0 0 0 0 0 0 0 0 0 0 0 0 0 0 0 0 0 0 0 0 0 0 0 0 0 0 0 0 0 0 0 0 0 0 0 0 0 0 0 0 0 0 0 0 0 0 0 0 0 0 0 0 0 0 0 0 0 0 0 0 0 0 0 0 0 0 0 0 0 0 0 0 0 0 0 0 0 0 0 0 0 0 0 0 0 0 0 0 0 
0 0 0 0 0 0 0 0 0 0 0 0 0 0 0 0 0 0 0 0 0 0 0 0 0 0 0 0 0 0 0 0 0 0 0 0 0 0 0 0 0 0 0 0 0 0 0 0 0 0 0 0 0 0 0 0 0 0 0 0 0 0 0 0 0 0 0 0 0 0 0 0 0 0 0 0 0 0 0 0 0 0 0 0 0 0 0 0 0 0 0 0 0 0 0 0 0 0 0 0 
0 0 0 0 0 0 0 0 0 0 0 0 0 0 0 0 0 0 0 0 0 0 0 0 0 0 0 0 0 0 0 0 0 0 0 0 0 0 0 0 0 0 0 0 0 0 0 0 0 0 0 0 0 0 0 0 0 0 0 0 0 0 0 0 0 0 0 0 0 0 0 0 0 0 0 0 0 0 0 0 0 0 0 0 0 0 0 0 0 0 0 0 0 0 0 0 0 0 0 0 
0 0 0 0 0 0 0 0 0 0 0 0 0 0 0 0 0 0 0 0 0 0 0 0 0 0 0 0 0 0 0 0 0 0 0 0 0 0 0 0 0 0 0 0 0 0 0 0 0 0 0 0 0 0 0 0 0 0 0 0 0 0 0 0 0 0 0 0 0 0 0 0 0 0 0 0 0 0 0 0 0 0 0 0 0 0 0 0 0 0 0 0 0 0 0 0 0 0 0 0 
0 0 0 0 0 0 0 0 0 0 0 0 0 0 0 0 0 0 0 0 0 0 0 0 0 0 0 0 0 0 0 0 0 0 0 0 0 0 0 0 0 0 0 0 0 0 0 0 0 0 0 0 0 0 0 0 0 0 0 0 0 0 0 0 0 0 0 0 0 0 0 0 0 0 0 0 0 0 0 0 0 0 0 0 0 0 0 0 0 0 0 0 0 0 0 0 0 0 0 0 
0 0 0 0 0 0 0 0 0 0 0 0 0 0 0 0 0 0 0 0 0 0 0 0 0 0 0 0 0 0 0 0 0 0 0 0 0 0 0 0 0 0 0 0 0 0 0 0 0 0 0 0 0 0 0 0 0 0 0 0 0 0 0 0 0 0 0 0 0 0 0 0 0 0 0 0 0 0 0 0 0 0 0 0 0 0 0 0 0 0 0 0 0 0 0 0 0 0 0 0 
0 0 0 0 0 0 0 0 0 0 0 0 0 0 0 0 0 0 0 0 0 0 0 0 0 0 0 0 0 0 0 0 0 0 0 0 0 0 0 0 0 0 0 0 0 0 0 0 0 0 0 0 0 0 0 0 0 0 0 0 0 0 0 0 0 0 0 0 0 0 0 0 0 0 0 0 0 0 0 0 0 0 0 0 0 0 0 0 0 0 0 0 0 0 0 0 0 0 0 0 
0 0 0 0 0 0 0 0 0 0 0 0 0 0 0 0 0 0 0 0 0 0 0 0 0 0 0 0 0 0 0 0 0 0 0 0 0 0 0 0 0 0 0 0 0 0 0 0 0 0 0 0 0 0 0 0 0 0 0 0 0 0 0 0 0 0 0 0 0 0 0 0 0 0 0 0 0 0 0 0 0 0 0 0 0 0 0 0 0 0 0 0 0 0 0 0 0 0 0 0 
0 0 0 0 0 0 0 0 0 0 0 0 0 0 0 0 0 0 0 0 0 0 0 0 0 0 0 0 0 0 0 0 0 0 0 0 0 0 0 0 0 0 0 0 0 0 0 0 0 0 0 0 0 0 0 0 0 0 0 0 0 0 0 0 0 0 0 0 0 0 0 0 0 0 0 0 0 0 0 0 0 0 0 0 0 0 0 0 0 0 0 0 0 0 0 0 0 0 0 0 
0 0 0 0 0 0 0 0 0 0 0 0 0 0 0 0 0 0 0 0 0 0 0 0 0 0 0 0 0 0 0 0 0 0 0 0 0 0 0 0 0 0 0 0 0 0 0 0 0 0 0 0 0 0 0 0 0 0 0 0 0 0 0 0 0 0 0 0 0 0 0 0 0 0 0 0 0 0 0 0 0 0 0 0 0 0 0 0 0 0 0 0 0 0 0 0 0 0 0 0 
0 0 0 0 0 0 0 0 0 0 0 0 0 0 0 0 0 0 0 0 0 0 0 0 0 0 0 0 0 0 0 0 0 0 0 0 0 0 0 0 0 0 0 0 0 0 0 0 0 0 0 0 0 0 0 0 0 0 0 0 0 0 0 0 0 0 0 0 0 0 0 0 0 0 0 0 0 0 0 0 0 0 0 0 0 0 0 0 0 0 0 0 0 0 0 0 0 0 0 0 
0 0 0 0 0 0 0 0 0 0 0 0 0 0 0 0 0 0 0 0 0 0 0 0 0 0 0 0 0 0 0 0 0 0 0 0 0 0 0 0 0 0 0 0 0 0 0 0 0 0 0 0 0 0 0 0 0 0 0 0 0 0 0 0 0 0 0 0 0 0 0 0 0 0 0 0 0 0 0 0 0 0 0 0 0 0 0 0 0 0 0 0 0 0 0 0 0 0 0 0 
0 0 0 0 0 0 0 0 0 0 0 0 0 0 0 0 0 0 0 0 0 0 0 0 0 0 0 0 0 0 0 0 0 0 0 0 0 0 0 0 0 0 0 0 0 0 0 0 0 0 0 0 0 0 0 0 0 0 0 0 0 0 0 0 0 0 0 0 0 0 0 0 0 0 0 0 0 0 0 0 0 0 0 0 0 0 0 0 0 0 0 0 0 0 0 0 0 0 0 0 
0 0 0 0 0 0 0 0 0 0 0 0 0 0 0 0 0 0 0 0 0 0 0 0 0 0 0 0 0 0 0 0 0 0 0 0 0 0 0 0 0 0 0 0 0 0 0 0 0 0 0 0 0 0 0 0 0 0 0 0 0 0 0 0 0 0 0 0 0 0 0 0 0 0 0 0 0 0 0 0 0 0 0 0 0 0 0 0 0 0 0 0 0 0 0 0 0 0 0 0 
14 2 19000 19001 0 0 14 2 19002 19003 0 0 14 2 19004 19005 0 0 14 2 19006 19007 0 0 14 2 19008 19009 0 0 14 2 19010 19011 0 0 14 2 19012 19013 0 0 14 2 19014 19015 0 0 14 2 19016 19017 0 0 14 2 19018 19019 0 0 14 2 19020 19021 0 0 14 2 19022 19023 0 0 14 2 19024 19025 0 0 14 2 19026 19027 0 0 14 2 19028 19029 0 0 14 2 19030 19031 0 0 14 2 19032 19033 0 0 14 2 19034 19035 0 0 14 2 19036 19037 0 0 14 2 19038 19039 0 0 14 2 19040 19041 0 0 14 2 19042 19043 0 0 14 2 19044 19045 0 0 14 2 19046 19047 0 0 14 2 19048 19049 0 0 14 2 19050 19051 0 0 14 2 19052 19053 0 0 14 2 19054 19055 0 0 14 2 19056 19057 0 0 14 2 19058 19059 0 0 14 2 19060 19061 0 0 14 2 19062 19063 0 0 14 2 19064 19065 0 0 14 2 19066 19067 0 0 14 2 19068 19069 0 0 14 2 19070 19071 0 0 14 2 19072 19073 0 0 14 2 19074 19075 0 0 14 2 19076 19077 0 0 14 2 19078 19079 0 0 14 2 19080 19081 0 0 14 2 19082 19083 0 0 14 2 19084 19085 0 0 14 2 19086 19087 0 0 14 2 19088 19089 0 0 14 2 19090 19091 0 0 14 2 19092 19093 0 0 14 2 19094 19095 0 0 14 2 19096 19097 0 0 14 2 19098 19099 0 0 14 2 19100 19101 0 0 14 2 19102 19103 0 0 14 2 19104 19105 0 0 14 2 19106 19107 0 0 14 2 19108 19109 0 0 14 2 19110 19111 0 0 14 2 19112 19113 0 0 14 2 19114 19115 0 0 14 2 19116 19117 0 0 14 2 19118 19119 0 0 14 2 19120 19121 0 0 14 2 19122 19123 0 0 14 2 19124 19125 0 0 14 2 19126 19127 0 0 14 2 19128 19129 0 0 14 2 19130 19131 0 0 14 2 19132 19133 0 0 14 2 19134 19135 0 0 14 2 19136 19137 0 0 14 2 19138 19139 0 0 14 2 19140 19141 0 0 14 2 19142 19143 0 0 14 2 19144 19145 0 0 14 2 19146 19147 0 0 14 2 19148 19149 0 0 14 2 19150 19151 0 0 14 2 19152 19153 0 0 14 2 19154 19155 0 0 14 2 19156 19157 0 0 14 2 19158 19159 0 0 14 2 19160 19161 0 0 14 2 19162 19163 0 0 14 2 19164 19165 0 0 14 2 19166 19167 0 0 14 2 19168 19169 0 0 14 2 19170 19171 0 0 14 2 19172 19173 0 0 14 2 19174 19175 0 0 14 2 19176 19177 0 0 14 2 19178 19179 0 0 14 2 19180 19181 0 0 14 2 19182 19183 0 0 14 2 19184 19185 0 0 14 2 19186 19187 0 0 14 2 19188 19189 0 0 14 2 19190 19191 0 0 14 2 19192 19193 0 0 14 2 19194 19195 0 0 14 2 19196 19197 0 0 14 2 19198 19199 0 0 
14 2 19200 19201 0 0 14 2 19202 19203 0 0 14 2 19204 19205 0 0 14 2 19206 19207 0 0 14 2 19208 19209 0 0 14 2 19210 19211 0 0 14 2 19212 19213 0 0 14 2 19214 19215 0 0 14 2 19216 19217 0 0 14 2 19218 19219 0 0 14 2 19220 19221 0 0 14 2 19222 19223 0 0 14 2 19224 19225 0 0 14 2 19226 19227 0 0 14 2 19228 19229 0 0 14 2 19230 19231 0 0 14 2 19232 19233 0 0 14 2 19234 19235 0 0 14 2 19236 19237 0 0 14 2 19238 19239 0 0 14 2 19240 19241 0 0 14 2 19242 19243 0 0 14 2 19244 19245 0 0 14 2 19246 19247 0 0 14 2 19248 19249 0 0 14 2 19250 19251 0 0 14 2 19252 19253 0 0 14 2 19254 19255 0 0 14 2 19256 19257 0 0 14 2 19258 19259 0 0 14 2 19260 19261 0 0 14 2 19262 19263 0 0 14 2 19264 19265 0 0 14 2 19266 19267 0 0 14 2 19268 19269 0 0 14 2 19270 19271 0 0 14 2 19272 19273 0 0 14 2 19274 19275 0 0 14 2 19276 19277 0 0 14 2 19278 19279 0 0 14 2 19280 19281 0 0 14 2 19282 19283 0 0 14 2 19284 19285 0 0 14 2 19286 19287 0 0 14 2 19288 19289 0 0 14 2 19290 19291 0 0 14 2 19292 19293 0 0 14 2 19294 19295 0 0 14 2 19296 19297 0 0 14 2 19298 19299 0 0 14 2 19300 19301 0 0 14 2 19302 19303 0 0 14 2 19304 19305 0 0 14 2 19306 19307 0 0 14 2 19308 19309 0 0 14 2 19310 19311 0 0 14 2 19312 19313 0 0 14 2 19314 19315 0 0 14 2 19316 19317 0 0 14 2 19318 19319 0 0 14 2 19320 19321 0 0 14 2 19322 19323 0 0 14 2 19324 19325 0 0 14 2 19326 19327 0 0 14 2 19328 19329 0 0 14 2 19330 19331 0 0 14 2 19332 19333 0 0 14 2 19334 19335 0 0 14 2 19336 19337 0 0 14 2 19338 19339 0 0 14 2 19340 19341 0 0 14 2 19342 19343 0 0 14 2 19344 19345 0 0 14 2 19346 19347 0 0 14 2 19348 19349 0 0 14 2 19350 19351 0 0 14 2 19352 19353 0 0 14 2 19354 19355 0 0 14 2 19356 19357 0 0 14 2 19358 19359 0 0 14 2 19360 19361 0 0 14 2 19362 19363 0 0 14 2 19364 19365 0 0 14 2 19366 19367 0 0 14 2 19368 19369 0 0 14 2 19370 19371 0 0 14 2 19372 19373 0 0 14 2 19374 19375 0 0 14 2 19376 19377 0 0 14 2 19378 19379 0 0 14 2 19380 19381 0 0 14 2 19382 19383 0 0 14 2 19384 19385 0 0 14 2 19386 19387 0 0 14 2 19388 19389 0 0 14 2 19390 19391 0 0 14 2 19392 19393 0 0 14 2 19394 19395 0 0 14 2 19396 19397 0 0 14 2 19398 19399 0 0 
14 2 19400 19401 0 0 14 2 19402 19403 0 0 14 2 19404 19405 0 0 14 2 19406 19407 0 0 14 2 19408 19409 0 0 14 2 19410 19411 0 0 14 2 19412 19413 0 0 14 2 19414 19415 0 0 14 2 19416 19417 0 0 14 2 19418 19419 0 0 14 2 19420 19421 0 0 14 2 19422 19423 0 0 14 2 19424 19425 0 0 14 2 19426 19427 0 0 14 2 19428 19429 0 0 14 2 19430 19431 0 0 14 2 19432 19433 0 0 14 2 19434 19435 0 0 14 2 19436 19437 0 0 14 2 19438 19439 0 0 14 2 19440 19441 0 0 14 2 19442 19443 0 0 14 2 19444 19445 0 0 14 2 19446 19447 0 0 14 2 19448 19449 0 0 14 2 19450 19451 0 0 14 2 19452 19453 0 0 14 2 19454 19455 0 0 14 2 19456 19457 0 0 14 2 19458 19459 0 0 14 2 19460 19461 0 0 14 2 19462 19463 0 0 14 2 19464 19465 0 0 14 2 19466 19467 0 0 14 2 19468 19469 0 0 14 2 19470 19471 0 0 14 2 19472 19473 0 0 14 2 19474 19475 0 0 14 2 19476 19477 0 0 14 2 19478 19479 0 0 14 2 19480 19481 0 0 14 2 19482 19483 0 0 14 2 19484 19485 0 0 14 2 19486 19487 0 0 14 2 19488 19489 0 0 14 2 19490 19491 0 0 14 2 19492 19493 0 0 14 2 19494 19495 0 0 14 2 19496 19497 0 0 14 2 19498 19499 0 0 14 2 19500 19501 0 0 14 2 19502 19503 0 0 14 2 19504 19505 0 0 14 2 19506 19507 0 0 14 2 19508 19509 0 0 14 2 19510 19511 0 0 14 2 19512 19513 0 0 14 2 19514 19515 0 0 14 2 19516 19517 0 0 14 2 19518 19519 0 0 14 2 19520 19521 0 0 14 2 19522 19523 0 0 14 2 19524 19525 0 0 14 2 19526 19527 0 0 14 2 19528 19529 0 0 14 2 19530 19531 0 0 14 2 19532 19533 0 0 14 2 19534 19535 0 0 14 2 19536 19537 0 0 14 2 19538 19539 0 0 14 2 19540 19541 0 0 14 2 19542 19543 0 0 14 2 19544 19545 0 0 14 2 19546 19547 0 0 14 2 19548 19549 0 0 14 2 19550 19551 0 0 14 2 19552 19553 0 0 14 2 19554 19555 0 0 14 2 19556 19557 0 0 14 2 19558 19559 0 0 14 2 19560 19561 0 0 14 2 19562 19563 0 0 14 2 19564 19565 0 0 14 2 19566 19567 0 0 14 2 19568 19569 0 0 14 2 19570 19571 0 0 14 2 19572 19573 0 0 14 2 19574 19575 0 0 14 2 19576 19577 0 0 14 2 19578 19579 0 0 14 2 19580 19581 0 0 14 2 19582 19583 0 0 14 2 19584 19585 0 0 14 2 19586 19587 0 0 14 2 19588 19589 0 0 14 2 19590 19591 0 0 14 2 19592 19593 0 0 14 2 19594 19595 0 0 14 2 19596 19597 0 0 14 2 19598 19599 0 0 
0 0 0 0 0 0 0 0 0 0 0 0 0 0 0 0 0 0 0 0 0 0 0 0 0 0 0 0 0 0 0 0 0 0 0 0 0 0 0 0 0 0 0 0 0 0 0 0 0 0 0 0 0 0 0 0 0 0 0 0 0 0 0 0 0 0 0 0 0 0 0 0 0 0 0 0 0 0 0 0 0 0 0 0 0 0 0 0 0 0 0 0 0 0 0 0 0 0 0 0 
0 0 0 0 0 0 0 0 0 0 0 0 0 0 0 0 0 0 0 0 0 0 0 0 0 0 0 0 0 0 0 0 0 0 0 0 0 0 0 0 0 0 0 0 0 0 0 0 0 0 0 0 0 0 0 0 0 0 0 0 0 0 0 0 0 0 0 0 0 0 0 0 0 0 0 0 0 0 0 0 0 0 0 0 0 0 0 0 0 0 0 0 0 0 0 0 0 0 0 0 

14 2 0 1 0 0 14 2 2 3 0 0 14 2 4 5 0 0 14 2 6 7 0 0 14 2 8 9 0 0 14 2 10 11 0 0 14 2 12 13 0 0 14 2 14 15 0 0 14 2 16 17 0 0 14 2 18 19 0 0 14 2 20 21 0 0 14 2 22 23 0 0 14 2 24 25 0 0 14 2 26 27 0 0 14 2 28 29 0 0 14 2 30 31 0 0 14 2 32 33 0 0 14 2 34 35 0 0 14 2 36 37 0 0 14 2 38 39 0 0 14 2 40 41 0 0 14 2 42 43 0 0 14 2 44 45 0 0 14 2 46 47 0 0 14 2 48 49 0 0 14 2 50 51 0 0 14 2 52 53 0 0 14 2 54 55 0 0 14 2 56 57 0 0 14 2 58 59 0 0 14 2 60 61 0 0 14 2 62 63 0 0 14 2 64 65 0 0 14 2 66 67 0 0 14 2 68 69 0 0 14 2 70 71 0 0 14 2 72 73 0 0 14 2 74 75 0 0 14 2 76 77 0 0 14 2 78 79 0 0 14 2 80 81 0 0 14 2 82 83 0 0 14 2 84 85 0 0 14 2 86 87 0 0 14 2 88 89 0 0 14 2 90 91 0 0 14 2 92 93 0 0 14 2 94 95 0 0 14 2 96 97 0 0 14 2 98 99 0 0 14 2 100 101 0 0 14 2 102 103 0 0 14 2 104 105 0 0 14 2 106 107 0 0 14 2 108 109 0 0 14 2 110 111 0 0 14 2 112 113 0 0 14 2 114 115 0 0 14 2 116 117 0 0 14 2 118 119 0 0 14 2 120 121 0 0 14 2 122 123 0 0 14 2 124 125 0 0 14 2 126 127 0 0 14 2 128 129 0 0 14 2 130 131 0 0 14 2 132 133 0 0 14 2 134 135 0 0 14 2 136 137 0 0 14 2 138 139 0 0 14 2 140 141 0 0 14 2 142 143 0 0 14 2 144 145 0 0 14 2 146 147 0 0 14 2 148 149 0 0 14 2 150 151 0 0 14 2 152 153 0 0 14 2 154 155 0 0 14 2 156 157 0 0 14 2 158 159 0 0 14 2 160 161 0 0 14 2 162 163 0 0 14 2 164 165 0 0 14 2 166 167 0 0 14 2 168 169 0 0 14 2 170 171 0 0 14 2 172 173 0 0 14 2 174 175 0 0 14 2 176 177 0 0 14 2 178 179 0 0 14 2 180 181 0 0 14 2 182 183 0 0 14 2 184 185 0 0 14 2 186 187 0 0 14 2 188 189 0 0 14 2 190 191 0 0 14 2 192 193 0 0 14 2 194 195 0 0 14 2 196 197 0 0 14 2 198 199 0 0 
0 0 0 0 0 0 0 0 0 0 0 0 0 0 0 0 0 0 0 0 0 0 0 0 0 0 0 0 0 0 0 0 0 0 0 0 0 0 0 0 0 0 0 0 0 0 0 0 0 0 0 0 0 0 0 0 0 0 0 0 0 0 0 0 0 0 0 0 0 0 0 0 0 0 0 0 0 0 0 0 0 0 0 0 0 0 0 0 0 0 0 0 0 0 0 0 0 0 0 0 
0 0 0 0 0 0 0 0 0 0 0 0 0 0 0 0 0 0 0 0 0 0 0 0 0 0 0 0 0 0 0 0 0 0 0 0 0 0 0 0 0 0 0 0 0 0 0 0 0 0 0 0 0 0 0 0 0 0 0 0 0 0 0 0 0 0 0 0 0 0 0 0 0 0 0 0 0 0 0 0 0 0 0 0 0 0 0 0 0 0 0 0 0 0 0 0 0 0 0 0 
0 0 0 0 0 0 0 0 0 0 0 0 0 0 0 0 0 0 0 0 0 0 0 0 0 0 0 0 0 0 0 0 0 0 0 0 0 0 0 0 0 0 0 0 0 0 0 0 0 0 0 0 0 0 0 0 0 0 0 0 0 0 0 0 0 0 0 0 0 0 0 0 0 0 0 0 0 0 0 0 0 0 0 0 0 0 0 0 0 0 0 0 0 0 0 0 0 0 0 0 
0 0 0 0 0 0 0 0 0 0 0 0 0 0 0 0 0 0 0 0 0 0 0 0 0 0 0 0 0 0 0 0 0 0 0 0 0 0 0 0 0 0 0 0 0 0 0 0 0 0 0 0 0 0 0 0 0 0 0 0 0 0 0 0 0 0 0 0 0 0 0 0 0 0 0 0 0 0 0 0 0 0 0 0 0 0 0 0 0 0 0 0 0 0 0 0 0 0 0 0 
0 0 0 0 0 0 0 0 0 0 0 0 0 0 0 0 0 0 0 0 0 0 0 0 0 0 0 0 0 0 0 0 0 0 0 0 0 0 0 0 0 0 0 0 0 0 0 0 0 0 0 0 0 0 0 0 0 0 0 0 0 0 0 0 0 0 0 0 0 0 0 0 0 0 0 0 0 0 0 0 0 0 0 0 0 0 0 0 0 0 0 0 0 0 0 0 0 0 0 0 
0 0 0 0 0 0 0 0 0 0 0 0 0 0 0 0 0 0 0 0 0 0 0 0 0 0 0 0 0 0 0 0 0 0 0 0 0 0 0 0 0 0 0 0 0 0 0 0 0 0 0 0 0 0 0 0 0 0 0 0 0 0 0 0 0 0 0 0 0 0 0 0 0 0 0 0 0 0 0 0 0 0 0 0 0 0 0 0 0 0 0 0 0 0 0 0 0 0 0 0 
0 0 0 0 0 0 0 0 0 0 0 0 0 0 0 0 0 0 0 0 0 0 0 0 0 0 0 0 0 0 0 0 0 0 0 0 0 0 0 0 0 0 0 0 0 0 0 0 0 0 0 0 0 0 0 0 0 0 0 0 0 0 0 0 0 0 0 0 0 0 0 0 0 0 0 0 0 0 0 0 0 0 0 0 0 0 0 0 0 0 0 0 0 0 0 0 0 0 0 0 
0 0 0 0 0 0 0 0 0 0 0 0 0 0 0 0 0 0 0 0 0 0 0 0 0 0 0 0 0 0 0 0 0 0 0 0 0 0 0 0 0 0 0 0 0 0 0 0 0 0 0 0 0 0 0 0 0 0 0 0 0 0 0 0 0 0 0 0 0 0 0 0 0 0 0 0 0 0 0 0 0 0 0 0 0 0 0 0 0 0 0 0 0 0 0 0 0 0 0 0 
0 0 0 0 0 0 0 0 0 0 0 0 0 0 0 0 0 0 0 0 0 0 0 0 0 0 0 0 0 0 0 0 0 0 0 0 0 0 0 0 0 0 0 0 0 0 0 0 0 0 0 0 0 0 0 0 0 0 0 0 0 0 0 0 0 0 0 0 0 0 0 0 0 0 0 0 0 0 0 0 0 0 0 0 0 0 0 0 0 0 0 0 0 0 0 0 0 0 0 0 
0 0 0 0 0 0 0 0 0 0 0 0 0 0 0 0 0 0 0 0 0 0 0 0 0 0 0 0 0 0 0 0 0 0 0 0 0 0 0 0 0 0 0 0 0 0 0 0 0 0 0 0 0 0 0 0 0 0 0 0 0 0 0 0 0 0 0 0 0 0 0 0 0 0 0 0 0 0 0 0 0 0 0 0 0 0 0 0 0 0 0 0 0 0 0 0 0 0 0 0 
0 0 0 0 0 0 0 0 0 0 0 0 0 0 0 0 0 0 0 0 0 0 0 0 0 0 0 0 0 0 0 0 0 0 0 0 0 0 0 0 0 0 0 0 0 0 0 0 0 0 0 0 0 0 0 0 0 0 0 0 0 0 0 0 0 0 0 0 0 0 0 0 0 0 0 0 0 0 0 0 0 0 0 0 0 0 0 0 0 0 0 0 0 0 0 0 0 0 0 0 
0 0 0 0 0 0 0 0 0 0 0 0 0 0 0 0 0 0 0 0 0 0 0 0 0 0 0 0 0 0 0 0 0 0 0 0 0 0 0 0 0 0 0 0 0 0 0 0 0 0 0 0 0 0 0 0 0 0 0 0 0 0 0 0 0 0 0 0 0 0 0 0 0 0 0 0 0 0 0 0 0 0 0 0 0 0 0 0 0 0 0 0 0 0 0 0 0 0 0 0 
0 0 0 0 0 0 0 0 0 0 0 0 0 0 0 0 0 0 0 0 0 0 0 0 0 0 0 0 0 0 0 0 0 0 0 0 0 0 0 0 0 0 0 0 0 0 0 0 0 0 0 0 0 0 0 0 0 0 0 0 0 0 0 0 0 0 0 0 0 0 0 0 0 0 0 0 0 0 0 0 0 0 0 0 0 0 0 0 0 0 0 0 0 0 0 0 0 0 0 0 
0 0 0 0 0 0 0 0 0 0 0 0 0 0 0 0 0 0 0 0 0 0 0 0 0 0 0 0 0 0 0 0 0 0 0 0 0 0 0 0 0 0 0 0 0 0 0 0 0 0 0 0 0 0 0 0 0 0 0 0 0 0 0 0 0 0 0 0 0 0 0 0 0 0 0 0 0 0 0 0 0 0 0 0 0 0 0 0 0 0 0 0 0 0 0 0 0 0 0 0 
0 0 0 0 0 0 0 0 0 0 0 0 0 0 0 0 0 0 0 0 0 0 0 0 0 0 0 0 0 0 0 0 0 0 0 0 0 0 0 0 0 0 0 0 0 0 0 0 0 0 0 0 0 0 0 0 0 0 0 0 0 0 0 0 0 0 0 0 0 0 0 0 0 0 0 0 0 0 0 0 0 0 0 0 0 0 0 0 0 0 0 0 0 0 0 0 0 0 0 0 
0 0 0 0 0 0 0 0 0 0 0 0 0 0 0 0 0 0 0 0 0 0 0 0 0 0 0 0 0 0 0 0 0 0 0 0 0 0 0 0 0 0 0 0 0 0 0 0 0 0 0 0 0 0 0 0 0 0 0 0 0 0 0 0 0 0 0 0 0 0 0 0 0 0 0 0 0 0 0 0 0 0 0 0 0 0 0 0 0 0 0 0 0 0 0 0 0 0 0 0 
0 0 0 0 0 0 0 0 0 0 0 0 0 0 0 0 0 0 0 0 0 0 0 0 0 0 0 0 0 0 0 0 0 0 0 0 0 0 0 0 0 0 0 0 0 0 0 0 0 0 0 0 0 0 0 0 0 0 0 0 0 0 0 0 0 0 0 0 0 0 0 0 0 0 0 0 0 0 0 0 0 0 0 0 0 0 0 0 0 0 0 0 0 0 0 0 0 0 0 0 
0 0 0 0 0 0 0 0 0 0 0 0 0 0 0 0 0 0 0 0 0 0 0 0 0 0 0 0 0 0 0 0 0 0 0 0 0 0 0 0 0 0 0 0 0 0 0 0 0 0 0 0 0 0 0 0 0 0 0 0 0 0 0 0 0 0 0 0 0 0 0 0 0 0 0 0 0 0 0 0 0 0 0 0 0 0 0 0 0 0 0 0 0 0 0 0 0 0 0 0 
0 0 0 0 0 0 0 0 0 0 0 0 0 0 0 0 0 0 0 0 0 0 0 0 0 0 0 0 0 0 0 0 0 0 0 0 0 0 0 0 0 0 0 0 0 0 0 0 0 0 0 0 0 0 0 0 0 0 0 0 0 0 0 0 0 0 0 0 0 0 0 0 0 0 0 0 0 0 0 0 0 0 0 0 0 0 0 0 0 0 0 0 0 0 0 0 0 0 0 0 
0 0 0 0 0 0 0 0 0 0 0 0 0 0 0 0 0 0 0 0 0 0 0 0 0 0 0 0 0 0 0 0 0 0 0 0 0 0 0 0 0 0 0 0 0 0 0 0 0 0 0 0 0 0 0 0 0 0 0 0 0 0 0 0 0 0 0 0 0 0 0 0 0 0 0 0 0 0 0 0 0 0 0 0 0 0 0 0 0 0 0 0 0 0 0 0 0 0 0 0 
0 0 0 0 0 0 0 0 0 0 0 0 0 0 0 0 0 0 0 0 0 0 0 0 0 0 0 0 0 0 0 0 0 0 0 0 0 0 0 0 0 0 0 0 0 0 0 0 0 0 0 0 0 0 0 0 0 0 0 0 0 0 0 0 0 0 0 0 0 0 0 0 0 0 0 0 0 0 0 0 0 0 0 0 0 0 0 0 0 0 0 0 0 0 0 0 0 0 0 0 
0 0 0 0 0 0 0 0 0 0 0 0 0 0 0 0 0 0 0 0 0 0 0 0 0 0 0 0 0 0 0 0 0 0 0 0 0 0 0 0 0 0 0 0 0 0 0 0 0 0 0 0 0 0 0 0 0 0 0 0 0 0 0 0 0 0 0 0 0 0 0 0 0 0 0 0 0 0 0 0 0 0 0 0 0 0 0 0 0 0 0 0 0 0 0 0 0 0 0 0 
0 0 0 0 0 0 0 0 0 0 0 0 0 0 0 0 0 0 0 0 0 0 0 0 0 0 0 0 0 0 0 0 0 0 0 0 0 0 0 0 0 0 0 0 0 0 0 0 0 0 0 0 0 0 0 0 0 0 0 0 0 0 0 0 0 0 0 0 0 0 0 0 0 0 0 0 0 0 0 0 0 0 0 0 0 0 0 0 0 0 0 0 0 0 0 0 0 0 0 0 
0 0 0 0 0 0 0 0 0 0 0 0 0 0 0 0 0 0 0 0 0 0 0 0 0 0 0 0 0 0 0 0 0 0 0 0 0 0 0 0 0 0 0 0 0 0 0 0 0 0 0 0 0 0 0 0 0 0 0 0 0 0 0 0 0 0 0 0 0 0 0 0 0 0 0 0 0 0 0 0 0 0 0 0 0 0 0 0 0 0 0 0 0 0 0 0 0 0 0 0 
0 0 0 0 0 0 0 0 0 0 0 0 0 0 0 0 0 0 0 0 0 0 0 0 0 0 0 0 0 0 0 0 0 0 0 0 0 0 0 0 0 0 0 0 0 0 0 0 0 0 0 0 0 0 0 0 0 0 0 0 0 0 0 0 0 0 0 0 0 0 0 0 0 0 0 0 0 0 0 0 0 0 0 0 0 0 0 0 0 0 0 0 0 0 0 0 0 0 0 0 
0 0 0 0 0 0 0 0 0 0 0 0 0 0 0 0 0 0 0 0 0 0 0 0 0 0 0 0 0 0 0 0 0 0 0 0 0 0 0 0 0 0 0 0 0 0 0 0 0 0 0 0 0 0 0 0 0 0 0 0 0 0 0 0 0 0 0 0 0 0 0 0 0 0 0 0 0 0 0 0 0 0 0 0 0 0 0 0 0 0 0 0 0 0 0 0 0 0 0 0 
0 0 0 0 0 0 0 0 0 0 0 0 0 0 0 0 0 0 0 0 0 0 0 0 0 0 0 0 0 0 0 0 0 0 0 0 0 0 0 0 0 0 0 0 0 0 0 0 0 0 0 0 0 0 0 0 0 0 0 0 0 0 0 0 0 0 0 0 0 0 0 0 0 0 0 0 0 0 0 0 0 0 0 0 0 0 0 0 0 0 0 0 0 0 0 0 0 0 0 0 
0 0 0 0 0 0 0 0 0 0 0 0 0 0 0 0 0 0 0 0 0 0 0 0 0 0 0 0 0 0 0 0 0 0 0 0 0 0 0 0 0 0 0 0 0 0 0 0 0 0 0 0 0 0 0 0 0 0 0 0 0 0 0 0 0 0 0 0 0 0 0 0 0 0 0 0 0 0 0 0 0 0 0 0 0 0 0 0 0 0 0 0 0 0 0 0 0 0 0 0 
0 0 0 0 0 0 0 0 0 0 0 0 0 0 0 0 0 0 0 0 0 0 0 0 0 0 0 0 0 0 0 0 0 0 0 0 0 0 0 0 0 0 0 0 0 0 0 0 0 0 0 0 0 0 0 0 0 0 0 0 0 0 0 0 0 0 0 0 0 0 0 0 0 0 0 0 0 0 0 0 0 0 0 0 0 0 0 0 0 0 0 0 0 0 0 0 0 0 0 0 
0 0 0 0 0 0 0 0 0 0 0 0 0 0 0 0 0 0 0 0 0 0 0 0 0 0 0 0 0 0 0 0 0 0 0 0 0 0 0 0 0 0 0 0 0 0 0 0 0 0 0 0 0 0 0 0 0 0 0 0 0 0 0 0 0 0 0 0 0 0 0 0 0 0 0 0 0 0 0 0 0 0 0 0 0 0 0 0 0 0 0 0 0 0 0 0 0 0 0 0 
0 0 0 0 0 0 0 0 0 0 0 0 0 0 0 0 0 0 0 0 0 0 0 0 0 0 0 0 0 0 0 0 0 0 0 0 0 0 0 0 0 0 0 0 0 0 0 0 0 0 0 0 0 0 0 0 0 0 0 0 0 0 0 0 0 0 0 0 0 0 0 0 0 0 0 0 0 0 0 0 0 0 0 0 0 0 0 0 0 0 0 0 0 0 0 0 0 0 0 0 
0 0 0 0 0 0 0 0 0 0 0 0 0 0 0 0 0 0 0 0 0 0 0 0 0 0 0 0 0 0 0 0 0 0 0 0 0 0 0 0 0 0 0 0 0 0 0 0 0 0 0 0 0 0 0 0 0 0 0 0 0 0 0 0 0 0 0 0 0 0 0 0 0 0 0 0 0 0 0 0 0 0 0 0 0 0 0 0 0 0 0 0 0 0 0 0 0 0 0 0 
0 0 0 0 0 0 0 0 0 0 0 0 0 0 0 0 0 0 0 0 0 0 0 0 0 0 0 0 0 0 0 0 0 0 0 0 0 0 0 0 0 0 0 0 0 0 0 0 0 0 0 0 0 0 0 0 0 0 0 0 0 0 0 0 0 0 0 0 0 0 0 0 0 0 0 0 0 0 0 0 0 0 0 0 0 0 0 0 0 0 0 0 0 0 0 0 0 0 0 0 
0 0 0 0 0 0 0 0 0 0 0 0 0 0 0 0 0 0 0 0 0 0 0 0 0 0 0 0 0 0 0 0 0 0 0 0 0 0 0 0 0 0 0 0 0 0 0 0 0 0 0 0 0 0 0 0 0 0 0 0 0 0 0 0 0 0 0 0 0 0 0 0 0 0 0 0 0 0 0 0 0 0 0 0 0 0 0 0 0 0 0 0 0 0 0 0 0 0 0 0 
0 0 0 0 0 0 0 0 0 0 0 0 0 0 0 0 0 0 0 0 0 0 0 0 0 0 0 0 0 0 0 0 0 0 0 0 0 0 0 0 0 0 0 0 0 0 0 0 0 0 0 0 0 0 0 0 0 0 0 0 0 0 0 0 0 0 0 0 0 0 0 0 0 0 0 0 0 0 0 0 0 0 0 0 0 0 0 0 0 0 0 0 0 0 0 0 0 0 0 0 
0 0 0 0 0 0 0 0 0 0 0 0 0 0 0 0 0 0 0 0 0 0 0 0 0 0 0 0 0 0 0 0 0 0 0 0 0 0 0 0 0 0 0 0 0 0 0 0 0 0 0 0 0 0 0 0 0 0 0 0 0 0 0 0 0 0 0 0 0 0 0 0 0 0 0 0 0 0 0 0 0 0 0 0 0 0 0 0 0 0 0 0 0 0 0 0 0 0 0 0 
0 0 0 0 0 0 0 0 0 0 0 0 0 0 0 0 0 0 0 0 0 0 0 0 0 0 0 0 0 0 0 0 0 0 0 0 0 0 0 0 0 0 0 0 0 0 0 0 0 0 0 0 0 0 0 0 0 0 0 0 0 0 0 0 0 0 0 0 0 0 0 0 0 0 0 0 0 0 0 0 0 0 0 0 0 0 0 0 0 0 0 0 0 0 0 0 0 0 0 0 
0 0 0 0 0 0 0 0 0 0 0 0 0 0 0 0 0 0 0 0 0 0 0 0 0 0 0 0 0 0 0 0 0 0 0 0 0 0 0 0 0 0 0 0 0 0 0 0 0 0 0 0 0 0 0 0 0 0 0 0 0 0 0 0 0 0 0 0 0 0 0 0 0 0 0 0 0 0 0 0 0 0 0 0 0 0 0 0 0 0 0 0 0 0 0 0 0 0 0 0 
0 0 0 0 0 0 0 0 0 0 0 0 0 0 0 0 0 0 0 0 0 0 0 0 0 0 0 0 0 0 0 0 0 0 0 0 0 0 0 0 0 0 0 0 0 0 0 0 0 0 0 0 0 0 0 0 0 0 0 0 0 0 0 0 0 0 0 0 0 0 0 0 0 0 0 0 0 0 0 0 0 0 0 0 0 0 0 0 0 0 0 0 0 0 0 0 0 0 0 0 
0 0 0 0 0 0 0 0 0 0 0 0 0 0 0 0 0 0 0 0 0 0 0 0 0 0 0 0 0 0 0 0 0 0 0 0 0 0 0 0 0 0 0 0 0 0 0 0 0 0 0 0 0 0 0 0 0 0 0 0 0 0 0 0 0 0 0 0 0 0 0 0 0 0 0 0 0 0 0 0 0 0 0 0 0 0 0 0 0 0 0 0 0 0 0 0 0 0 0 0 
0 0 0 0 0 0 0 0 0 0 0 0 0 0 0 0 0 0 0 0 0 0 0 0 0 0 0 0 0 0 0 0 0 0 0 0 0 0 0 0 0 0 0 0 0 0 0 0 0 0 0 0 0 0 0 0 0 0 0 0 0 0 0 0 0 0 0 0 0 0 0 0 0 0 0 0 0 0 0 0 0 0 0 0 0 0 0 0 0 0 0 0 0 0 0 0 0 0 0 0 
0 0 0 0 0 0 0 0 0 0 0 0 0 0 0 0 0 0 0 0 0 0 0 0 0 0 0 0 0 0 0 0 0 0 0 0 0 0 0 0 0 0 0 0 0 0 0 0 0 0 0 0 0 0 0 0 0 0 0 0 0 0 0 0 0 0 0 0 0 0 0 0 0 0 0 0 0 0 0 0 0 0 0 0 0 0 0 0 0 0 0 0 0 0 0 0 0 0 0 0 
0 0 0 0 0 0 0 0 0 0 0 0 0 0 0 0 0 0 0 0 0 0 0 0 0 0 0 0 0 0 0 0 0 0 0 0 0 0 0 0 0 0 0 0 0 0 0 0 0 0 0 0 0 0 0 0 0 0 0 0 0 0 0 0 0 0 0 0 0 0 0 0 0 0 0 0 0 0 0 0 0 0 0 0 0 0 0 0 0 0 0 0 0 0 0 0 0 0 0 0 
0 0 0 0 0 0 0 0 0 0 0 0 0 0 0 0 0 0 0 0 0 0 0 0 0 0 0 0 0 0 0 0 0 0 0 0 0 0 0 0 0 0 0 0 0 0 0 0 0 0 0 0 0 0 0 0 0 0 0 0 0 0 0 0 0 0 0 0 0 0 0 0 0 0 0 0 0 0 0 0 0 0 0 0 0 0 0 0 0 0 0 0 0 0 0 0 0 0 0 0 
0 0 0 0 0 0 0 0 0 0 0 0 0 0 0 0 0 0 0 0 0 0 0 0 0 0 0 0 0 0 0 0 0 0 0 0 0 0 0 0 0 0 0 0 0 0 0 0 0 0 0 0 0 0 0 0 0 0 0 0 0 0 0 0 0 0 0 0 0 0 0 0 0 0 0 0 0 0 0 0 0 0 0 0 0 0 0 0 0 0 0 0 0 0 0 0 0 0 0 0 
0 0 0 0 0 0 0 0 0 0 0 0 0 0 0 0 0 0 0 0 0 0 0 0 0 0 0 0 0 0 0 0 0 0 0 0 0 0 0 0 0 0 0 0 0 0 0 0 0 0 0 0 0 0 0 0 0 0 0 0 0 0 0 0 0 0 0 0 0 0 0 0 0 0 0 0 0 0 0 0 0 0 0 0 0 0 0 0 0 0 0 0 0 0 0 0 0 0 0 0 
0 0 0 0 0 0 0 0 0 0 0 0 0 0 0 0 0 0 0 0 0 0 0 0 0 0 0 0 0 0 0 0 0 0 0 0 0 0 0 0 0 0 0 0 0 0 0 0 0 0 0 0 0 0 0 0 0 0 0 0 0 0 0 0 0 0 0 0 0 0 0 0 0 0 0 0 0 0 0 0 0 0 0 0 0 0 0 0 0 0 0 0 0 0 0 0 0 0 0 0 
0 0 0 0 0 0 0 0 0 0 0 0 0 0 0 0 0 0 0 0 0 0 0 0 0 0 0 0 0 0 0 0 0 0 0 0 0 0 0 0 0 0 0 0 0 0 0 0 0 0 0 0 0 0 0 0 0 0 0 0 0 0 0 0 0 0 0 0 0 0 0 0 0 0 0 0 0 0 0 0 0 0 0 0 0 0 0 0 0 0 0 0 0 0 0 0 0 0 0 0 
14 2 9800 9801 0 0 14 2 9802 9803 0 0 14 2 9804 9805 0 0 14 2 9806 9807 0 0 14 2 9808 9809 0 0 14 2 9810 9811 0 0 14 2 9812 9813 0 0 14 2 9814 9815 0 0 14 2 9816 9817 0 0 14 2 9818 9819 0 0 14 2 9820 9821 0 0 14 2 9822 9823 0 0 14 2 9824 9825 0 0 14 2 9826 9827 0 0 14 2 9828 9829 0 0 14 2 9830 9831 0 0 14 2 9832 9833 0 0 14 2 9834 9835 0 0 14 2 9836 9837 0 0 14 2 9838 9839 0 0 14 2 9840 9841 0 0 14 2 9842 9843 0 0 14 2 9844 9845 0 0 14 2 9846 9847 0 0 14 2 9848 9849 0 0 14 2 9850 9851 0 0 14 2 9852 9853 0 0 14 2 9854 9855 0 0 14 2 9856 9857 0 0 14 2 9858 9859 0 0 14 2 9860 9861 0 0 14 2 9862 9863 0 0 14 2 9864 9865 0 0 14 2 9866 9867 0 0 14 2 9868 9869 0 0 14 2 9870 9871 0 0 14 2 9872 9873 0 0 14 2 9874 9875 0 0 14 2 9876 9877 0 0 14 2 9878 9879 0 0 14 2 9880 9881 0 0 14 2 9882 9883 0 0 14 2 9884 9885 0 0 14 2 9886 9887 0 0 14 2 9888 9889 0 0 14 2 9890 9891 0 0 14 2 9892 9893 0 0 14 2 9894 9895 0 0 14 2 9896 9897 0 0 14 2 9898 9899 0 0 14 2 9900 9901 0 0 14 2 9902 9903 0 0 14 2 9904 9905 0 0 14 2 9906 9907 0 0 14 2 9908 9909 0 0 14 2 9910 9911 0 0 14 2 9912 9913 0 0 14 2 9914 9915 0 0 14 2 9916 9917 0 0 14 2 9918 9919 0 0 14 2 9920 9921 0 0 14 2 9922 9923 0 0 14 2 9924 9925 0 0 14 2 9926 9927 0 0 14 2 9928 9929 0 0 14 2 9930 9931 0 0 14 2 9932 9933 0 0 14 2 9934 9935 0 0 14 2 9936 9937 0 0 14 2 9938 9939 0 0 14 2 9940 9941 0 0 14 2 9942 9943 0 0 14 2 9944 9945 0 0 14 2 9946 9947 0 0 14 2 9948 9949 0 0 14 2 9950 9951 0 0 14 2 9952 9953 0 0 14 2 9954 9955 0 0 14 2 9956 9957 0 0 14 2 9958 9959 0 0 14 2 9960 9961 0 0 14 2 9962 9963 0 0 14 2 9964 9965 0 0 14 2 9966 9967 0 0 14 2 9968 9969 0 0 14 2 9970 9971 0 0 14 2 9972 9973 0 0 14 2 9974 9975 0 0 14 2 9976 9977 0 0 14 2 9978 9979 0 0 14 2 9980 9981 0 0 14 2 9982 9983 0 0 14 2 9984 9985 0 0 14 2 9986 9987 0 0 14 2 9988 9989 0 0 14 2 9990 9991 0 0 14 2 9992 9993 0 0 14 2 9994 9995 0 0 14 2 9996 9997 0 0 14 2 9998 9999 0 0 
14 2 10000 10001 0 0 14 2 10002 10003 0 0 14 2 10004 10005 0 0 14 2 10006 10007 0 0 14 2 10008 10009 0 0 14 2 10010 10011 0 0 14 2 10012 10013 0 0 14 2 10014 10015 0 0 14 2 10016 10017 0 0 14 2 10018 10019 0 0 14 2 10020 10021 0 0 14 2 10022 10023 0 0 14 2 10024 10025 0 0 14 2 10026 10027 0 0 14 2 10028 10029 0 0 14 2 10030 10031 0 0 14 2 10032 10033 0 0 14 2 10034 10035 0 0 14 2 10036 10037 0 0 14 2 10038 10039 0 0 14 2 10040 10041 0 0 14 2 10042 10043 0 0 14 2 10044 10045 0 0 14 2 10046 10047 0 0 14 2 10048 10049 0 0 14 2 10050 10051 0 0 14 2 10052 10053 0 0 14 2 10054 10055 0 0 14 2 10056 10057 0 0 14 2 10058 10059 0 0 14 2 10060 10061 0 0 14 2 10062 10063 0 0 14 2 10064 10065 0 0 14 2 10066 10067 0 0 14 2 10068 10069 0 0 14 2 10070 10071 0 0 14 2 10072 10073 0 0 14 2 10074 10075 0 0 14 2 10076 10077 0 0 14 2 10078 10079 0 0 14 2 10080 10081 0 0 14 2 10082 10083 0 0 14 2 10084 10085 0 0 14 2 10086 10087 0 0 14 2 10088 10089 0 0 14 2 10090 10091 0 0 14 2 10092 10093 0 0 14 2 10094 10095 0 0 14 2 10096 10097 0 0 14 2 10098 10099 0 0 14 2 10100 10101 0 0 14 2 10102 10103 0 0 14 2 10104 10105 0 0 14 2 10106 10107 0 0 14 2 10108 10109 0 0 14 2 10110 10111 0 0 14 2 10112 10113 0 0 14 2 10114 10115 0 0 14 2 10116 10117 0 0 14 2 10118 10119 0 0 14 2 10120 10121 0 0 14 2 10122 10123 0 0 14 2 10124 10125 0 0 14 2 10126 10127 0 0 14 2 10128 10129 0 0 14 2 10130 10131 0 0 14 2 10132 10133 0 0 14 2 10134 10135 0 0 14 2 10136 10137 0 0 14 2 10138 10139 0 0 14 2 10140 10141 0 0 14 2 10142 10143 0 0 14 2 10144 10145 0 0 14 2 10146 10147 0 0 14 2 10148 10149 0 0 14 2 10150 10151 0 0 14 2 10152 10153 0 0 14 2 10154 10155 0 0 14 2 10156 10157 0 0 14 2 10158 10159 0 0 14 2 10160 10161 0 0 14 2 10162 10163 0 0 14 2 10164 10165 0 0 14 2 10166 10167 0 0 14 2 10168 10169 0 0 14 2 10170 10171 0 0 14 2 10172 10173 0 0 14 2 10174 10175 0 0 14 2 10176 10177 0 0 14 2 10178 10179 0 0 14 2 10180 10181 0 0 14 2 10182 10183 0 0 14 2 10184 10185 0 0 14 2 10186 10187 0 0 14 2 10188 10189 0 0 14 2 10190 10191 0 0 14 2 10192 10193 0 0 14 2 10194 10195 0 0 14 2 10196 10197 0 0 14 2 10198 10199 0 0 
14 2 10200 10201 0 0 14 2 10202 10203 0 0 14 2 10204 10205 0 0 14 2 10206 10207 0 0 14 2 10208 10209 0 0 14 2 10210 10211 0 0 14 2 10212 10213 0 0 14 2 10214 10215 0 0 14 2 10216 10217 0 0 14 2 10218 10219 0 0 14 2 10220 10221 0 0 14 2 10222 10223 0 0 14 2 10224 10225 0 0 14 2 10226 10227 0 0 14 2 10228 10229 0 0 14 2 10230 10231 0 0 14 2 10232 10233 0 0 14 2 10234 10235 0 0 14 2 10236 10237 0 0 14 2 10238 10239 0 0 14 2 10240 10241 0 0 14 2 10242 10243 0 0 14 2 10244 10245 0 0 14 2 10246 10247 0 0 14 2 10248 10249 0 0 14 2 10250 10251 0 0 14 2 10252 10253 0 0 14 2 10254 10255 0 0 14 2 10256 10257 0 0 14 2 10258 10259 0 0 14 2 10260 10261 0 0 14 2 10262 10263 0 0 14 2 10264 10265 0 0 14 2 10266 10267 0 0 14 2 10268 10269 0 0 14 2 10270 10271 0 0 14 2 10272 10273 0 0 14 2 10274 10275 0 0 14 2 10276 10277 0 0 14 2 10278 10279 0 0 14 2 10280 10281 0 0 14 2 10282 10283 0 0 14 2 10284 10285 0 0 14 2 10286 10287 0 0 14 2 10288 10289 0 0 14 2 10290 10291 0 0 14 2 10292 10293 0 0 14 2 10294 10295 0 0 14 2 10296 10297 0 0 14 2 10298 10299 0 0 14 2 10300 10301 0 0 14 2 10302 10303 0 0 14 2 10304 10305 0 0 14 2 10306 10307 0 0 14 2 10308 10309 0 0 14 2 10310 10311 0 0 14 2 10312 10313 0 0 14 2 10314 10315 0 0 14 2 10316 10317 0 0 14 2 10318 10319 0 0 14 2 10320 10321 0 0 14 2 10322 10323 0 0 14 2 10324 10325 0 0 14 2 10326 10327 0 0 14 2 10328 10329 0 0 14 2 10330 10331 0 0 14 2 10332 10333 0 0 14 2 10334 10335 0 0 14 2 10336 10337 0 0 14 2 10338 10339 0 0 14 2 10340 10341 0 0 14 2 10342 10343 0 0 14 2 10344 10345 0 0 14 2 10346 10347 0 0 14 2 10348 10349 0 0 14 2 10350 10351 0 0 14 2 10352 10353 0 0 14 2 10354 10355 0 0 14 2 10356 10357 0 0 14 2 10358 10359 0 0 14 2 10360 10361 0 0 14 2 10362 10363 0 0 14 2 10364 10365 0 0 14 2 10366 10367 0 0 14 2 10368 10369 0 0 14 2 10370 10371 0 0 14 2 10372 10373 0 0 14 2 10374 10375 0 0 14 2 10376 10377 0 0 14 2 10378 10379 0 0 14 2 10380 10381 0 0 14 2 10382 10383 0 0 14 2 10384 10385 0 0 14 2 10386 10387 0 0 14 2 10388 10389 0 0 14 2 10390 10391 0 0 14 2 10392 10393 0 0 14 2 10394 10395 0 0 14 2 10396 10397 0 0 14 2 10398 10399 0 0 
0 0 0 0 0 0 0 0 0 0 0 0 0 0 0 0 0 0 0 0 0 0 0 0 0 0 0 0 0 0 0 0 0 0 0 0 0 0 0 0 0 0 0 0 0 0 0 0 0 0 0 0 0 0 0 0 0 0 0 0 0 0 0 0 0 0 0 0 0 0 0 0 0 0 0 0 0 0 0 0 0 0 0 0 0 0 0 0 0 0 0 0 0 0 0 0 0 0 0 0 
0 0 0 0 0 0 0 0 0 0 0 0 0 0 0 0 0 0 0 0 0 0 0 0 0 0 0 0 0 0 0 0 0 0 0 0 0 0 0 0 0 0 0 0 0 0 0 0 0 0 0 0 0 0 0 0 0 0 0 0 0 0 0 0 0 0 0 0 0 0 0 0 0 0 0 0 0 0 0 0 0 0 0 0 0 0 0 0 0 0 0 0 0 0 0 0 0 0 0 0 
0 0 0 0 0 0 0 0 0 0 0 0 0 0 0 0 0 0 0 0 0 0 0 0 0 0 0 0 0 0 0 0 0 0 0 0 0 0 0 0 0 0 0 0 0 0 0 0 0 0 0 0 0 0 0 0 0 0 0 0 0 0 0 0 0 0 0 0 0 0 0 0 0 0 0 0 0 0 0 0 0 0 0 0 0 0 0 0 0 0 0 0 0 0 0 0 0 0 0 0 
0 0 0 0 0 0 0 0 0 0 0 0 0 0 0 0 0 0 0 0 0 0 0 0 0 0 0 0 0 0 0 0 0 0 0 0 0 0 0 0 0 0 0 0 0 0 0 0 0 0 0 0 0 0 0 0 0 0 0 0 0 0 0 0 0 0 0 0 0 0 0 0 0 0 0 0 0 0 0 0 0 0 0 0 0 0 0 0 0 0 0 0 0 0 0 0 0 0 0 0 
0 0 0 0 0 0 0 0 0 0 0 0 0 0 0 0 0 0 0 0 0 0 0 0 0 0 0 0 0 0 0 0 0 0 0 0 0 0 0 0 0 0 0 0 0 0 0 0 0 0 0 0 0 0 0 0 0 0 0 0 0 0 0 0 0 0 0 0 0 0 0 0 0 0 0 0 0 0 0 0 0 0 0 0 0 0 0 0 0 0 0 0 0 0 0 0 0 0 0 0 
0 0 0 0 0 0 0 0 0 0 0 0 0 0 0 0 0 0 0 0 0 0 0 0 0 0 0 0 0 0 0 0 0 0 0 0 0 0 0 0 0 0 0 0 0 0 0 0 0 0 0 0 0 0 0 0 0 0 0 0 0 0 0 0 0 0 0 0 0 0 0 0 0 0 0 0 0 0 0 0 0 0 0 0 0 0 0 0 0 0 0 0 0 0 0 0 0 0 0 0 
0 0 0 0 0 0 0 0 0 0 0 0 0 0 0 0 0 0 0 0 0 0 0 0 0 0 0 0 0 0 0 0 0 0 0 0 0 0 0 0 0 0 0 0 0 0 0 0 0 0 0 0 0 0 0 0 0 0 0 0 0 0 0 0 0 0 0 0 0 0 0 0 0 0 0 0 0 0 0 0 0 0 0 0 0 0 0 0 0 0 0 0 0 0 0 0 0 0 0 0 
0 0 0 0 0 0 0 0 0 0 0 0 0 0 0 0 0 0 0 0 0 0 0 0 0 0 0 0 0 0 0 0 0 0 0 0 0 0 0 0 0 0 0 0 0 0 0 0 0 0 0 0 0 0 0 0 0 0 0 0 0 0 0 0 0 0 0 0 0 0 0 0 0 0 0 0 0 0 0 0 0 0 0 0 0 0 0 0 0 0 0 0 0 0 0 0 0 0 0 0 
0 0 0 0 0 0 0 0 0 0 0 0 0 0 0 0 0 0 0 0 0 0 0 0 0 0 0 0 0 0 0 0 0 0 0 0 0 0 0 0 0 0 0 0 0 0 0 0 0 0 0 0 0 0 0 0 0 0 0 0 0 0 0 0 0 0 0 0 0 0 0 0 0 0 0 0 0 0 0 0 0 0 0 0 0 0 0 0 0 0 0 0 0 0 0 0 0 0 0 0 
0 0 0 0 0 0 0 0 0 0 0 0 0 0 0 0 0 0 0 0 0 0 0 0 0 0 0 0 0 0 0 0 0 0 0 0 0 0 0 0 0 0 0 0 0 0 0 0 0 0 0 0 0 0 0 0 0 0 0 0 0 0 0 0 0 0 0 0 0 0 0 0 0 0 0 0 0 0 0 0 0 0 0 0 0 0 0 0 0 0 0 0 0 0 0 0 0 0 0 0 
0 0 0 0 0 0 0 0 0 0 0 0 0 0 0 0 0 0 0 0 0 0 0 0 0 0 0 0 0 0 0 0 0 0 0 0 0 0 0 0 0 0 0 0 0 0 0 0 0 0 0 0 0 0 0 0 0 0 0 0 0 0 0 0 0 0 0 0 0 0 0 0 0 0 0 0 0 0 0 0 0 0 0 0 0 0 0 0 0 0 0 0 0 0 0 0 0 0 0 0 
0 0 0 0 0 0 0 0 0 0 0 0 0 0 0 0 0 0 0 0 0 0 0 0 0 0 0 0 0 0 0 0 0 0 0 0 0 0 0 0 0 0 0 0 0 0 0 0 0 0 0 0 0 0 0 0 0 0 0 0 0 0 0 0 0 0 0 0 0 0 0 0 0 0 0 0 0 0 0 0 0 0 0 0 0 0 0 0 0 0 0 0 0 0 0 0 0 0 0 0 
0 0 0 0 0 0 0 0 0 0 0 0 0 0 0 0 0 0 0 0 0 0 0 0 0 0 0 0 0 0 0 0 0 0 0 0 0 0 0 0 0 0 0 0 0 0 0 0 0 0 0 0 0 0 0 0 0 0 0 0 0 0 0 0 0 0 0 0 0 0 0 0 0 0 0 0 0 0 0 0 0 0 0 0 0 0 0 0 0 0 0 0 0 0 0 0 0 0 0 0 
0 0 0 0 0 0 0 0 0 0 0 0 0 0 0 0 0 0 0 0 0 0 0 0 0 0 0 0 0 0 0 0 0 0 0 0 0 0 0 0 0 0 0 0 0 0 0 0 0 0 0 0 0 0 0 0 0 0 0 0 0 0 0 0 0 0 0 0 0 0 0 0 0 0 0 0 0 0 0 0 0 0 0 0 0 0 0 0 0 0 0 0 0 0 0 0 0 0 0 0 
0 0 0 0 0 0 0 0 0 0 0 0 0 0 0 0 0 0 0 0 0 0 0 0 0 0 0 0 0 0 0 0 0 0 0 0 0 0 0 0 0 0 0 0 0 0 0 0 0 0 0 0 0 0 0 0 0 0 0 0 0 0 0 0 0 0 0 0 0 0 0 0 0 0 0 0 0 0 0 0 0 0 0 0 0 0 0 0 0 0 0 0 0 0 0 0 0 0 0 0 
0 0 0 0 0 0 0 0 0 0 0 0 0 0 0 0 0 0 0 0 0 0 0 0 0 0 0 0 0 0 0 0 0 0 0 0 0 0 0 0 0 0 0 0 0 0 0 0 0 0 0 0 0 0 0 0 0 0 0 0 0 0 0 0 0 0 0 0 0 0 0 0 0 0 0 0 0 0 0 0 0 0 0 0 0 0 0 0 0 0 0 0 0 0 0 0 0 0 0 0 
0 0 0 0 0 0 0 0 0 0 0 0 0 0 0 0 0 0 0 0 0 0 0 0 0 0 0 0 0 0 0 0 0 0 0 0 0 0 0 0 0 0 0 0 0 0 0 0 0 0 0 0 0 0 0 0 0 0 0 0 0 0 0 0 0 0 0 0 0 0 0 0 0 0 0 0 0 0 0 0 0 0 0 0 0 0 0 0 0 0 0 0 0 0 0 0 0 0 0 0 
0 0 0 0 0 0 0 0 0 0 0 0 0 0 0 0 0 0 0 0 0 0 0 0 0 0 0 0 0 0 0 0 0 0 0 0 0 0 0 0 0 0 0 0 0 0 0 0 0 0 0 0 0 0 0 0 0 0 0 0 0 0 0 0 0 0 0 0 0 0 0 0 0 0 0 0 0 0 0 0 0 0 0 0 0 0 0 0 0 0 0 0 0 0 0 0 0 0 0 0 
0 0 0 0 0 0 0 0 0 0 0 0 0 0 0 0 0 0 0 0 0 0 0 0 0 0 0 0 0 0 0 0 0 0 0 0 0 0 0 0 0 0 0 0 0 0 0 0 0 0 0 0 0 0 0 0 0 0 0 0 0 0 0 0 0 0 0 0 0 0 0 0 0 0 0 0 0 0 0 0 0 0 0 0 0 0 0 0 0 0 0 0 0 0 0 0 0 0 0 0 
0 0 0 0 0 0 0 0 0 0 0 0 0 0 0 0 0 0 0 0 0 0 0 0 0 0 0 0 0 0 0 0 0 0 0 0 0 0 0 0 0 0 0 0 0 0 0 0 0 0 0 0 0 0 0 0 0 0 0 0 0 0 0 0 0 0 0 0 0 0 0 0 0 0 0 0 0 0 0 0 0 0 0 0 0 0 0 0 0 0 0 0 0 0 0 0 0 0 0 0 
0 0 0 0 0 0 0 0 0 0 0 0 0 0 0 0 0 0 0 0 0 0 0 0 0 0 0 0 0 0 0 0 0 0 0 0 0 0 0 0 0 0 0 0 0 0 0 0 0 0 0 0 0 0 0 0 0 0 0 0 0 0 0 0 0 0 0 0 0 0 0 0 0 0 0 0 0 0 0 0 0 0 0 0 0 0 0 0 0 0 0 0 0 0 0 0 0 0 0 0 
0 0 0 0 0 0 0 0 0 0 0 0 0 0 0 0 0 0 0 0 0 0 0 0 0 0 0 0 0 0 0 0 0 0 0 0 0 0 0 0 0 0 0 0 0 0 0 0 0 0 0 0 0 0 0 0 0 0 0 0 0 0 0 0 0 0 0 0 0 0 0 0 0 0 0 0 0 0 0 0 0 0 0 0 0 0 0 0 0 0 0 0 0 0 0 0 0 0 0 0 
0 0 0 0 0 0 0 0 0 0 0 0 0 0 0 0 0 0 0 0 0 0 0 0 0 0 0 0 0 0 0 0 0 0 0 0 0 0 0 0 0 0 0 0 0 0 0 0 0 0 0 0 0 0 0 0 0 0 0 0 0 0 0 0 0 0 0 0 0 0 0 0 0 0 0 0 0 0 0 0 0 0 0 0 0 0 0 0 0 0 0 0 0 0 0 0 0 0 0 0 
0 0 0 0 0 0 0 0 0 0 0 0 0 0 0 0 0 0 0 0 0 0 0 0 0 0 0 0 0 0 0 0 0 0 0 0 0 0 0 0 0 0 0 0 0 0 0 0 0 0 0 0 0 0 0 0 0 0 0 0 0 0 0 0 0 0 0 0 0 0 0 0 0 0 0 0 0 0 0 0 0 0 0 0 0 0 0 0 0 0 0 0 0 0 0 0 0 0 0 0 
0 0 0 0 0 0 0 0 0 0 0 0 0 0 0 0 0 0 0 0 0 0 0 0 0 0 0 0 0 0 0 0 0 0 0 0 0 0 0 0 0 0 0 0 0 0 0 0 0 0 0 0 0 0 0 0 0 0 0 0 0 0 0 0 0 0 0 0 0 0 0 0 0 0 0 0 0 0 0 0 0 0 0 0 0 0 0 0 0 0 0 0 0 0 0 0 0 0 0 0 
0 0 0 0 0 0 0 0 0 0 0 0 0 0 0 0 0 0 0 0 0 0 0 0 0 0 0 0 0 0 0 0 0 0 0 0 0 0 0 0 0 0 0 0 0 0 0 0 0 0 0 0 0 0 0 0 0 0 0 0 0 0 0 0 0 0 0 0 0 0 0 0 0 0 0 0 0 0 0 0 0 0 0 0 0 0 0 0 0 0 0 0 0 0 0 0 0 0 0 0 
0 0 0 0 0 0 0 0 0 0 0 0 0 0 0 0 0 0 0 0 0 0 0 0 0 0 0 0 0 0 0 0 0 0 0 0 0 0 0 0 0 0 0 0 0 0 0 0 0 0 0 0 0 0 0 0 0 0 0 0 0 0 0 0 0 0 0 0 0 0 0 0 0 0 0 0 0 0 0 0 0 0 0 0 0 0 0 0 0 0 0 0 0 0 0 0 0 0 0 0 
0 0 0 0 0 0 0 0 0 0 0 0 0 0 0 0 0 0 0 0 0 0 0 0 0 0 0 0 0 0 0 0 0 0 0 0 0 0 0 0 0 0 0 0 0 0 0 0 0 0 0 0 0 0 0 0 0 0 0 0 0 0 0 0 0 0 0 0 0 0 0 0 0 0 0 0 0 0 0 0 0 0 0 0 0 0 0 0 0 0 0 0 0 0 0 0 0 0 0 0 
0 0 0 0 0 0 0 0 0 0 0 0 0 0 0 0 0 0 0 0 0 0 0 0 0 0 0 0 0 0 0 0 0 0 0 0 0 0 0 0 0 0 0 0 0 0 0 0 0 0 0 0 0 0 0 0 0 0 0 0 0 0 0 0 0 0 0 0 0 0 0 0 0 0 0 0 0 0 0 0 0 0 0 0 0 0 0 0 0 0 0 0 0 0 0 0 0 0 0 0 
0 0 0 0 0 0 0 0 0 0 0 0 0 0 0 0 0 0 0 0 0 0 0 0 0 0 0 0 0 0 0 0 0 0 0 0 0 0 0 0 0 0 0 0 0 0 0 0 0 0 0 0 0 0 0 0 0 0 0 0 0 0 0 0 0 0 0 0 0 0 0 0 0 0 0 0 0 0 0 0 0 0 0 0 0 0 0 0 0 0 0 0 0 0 0 0 0 0 0 0 
0 0 0 0 0 0 0 0 0 0 0 0 0 0 0 0 0 0 0 0 0 0 0 0 0 0 0 0 0 0 0 0 0 0 0 0 0 0 0 0 0 0 0 0 0 0 0 0 0 0 0 0 0 0 0 0 0 0 0 0 0 0 0 0 0 0 0 0 0 0 0 0 0 0 0 0 0 0 0 0 0 0 0 0 0 0 0 0 0 0 0 0 0 0 0 0 0 0 0 0 
0 0 0 0 0 0 0 0 0 0 0 0 0 0 0 0 0 0 0 0 0 0 0 0 0 0 0 0 0 0 0 0 0 0 0 0 0 0 0 0 0 0 0 0 0 0 0 0 0 0 0 0 0 0 0 0 0 0 0 0 0 0 0 0 0 0 0 0 0 0 0 0 0 0 0 0 0 0 0 0 0 0 0 0 0 0 0 0 0 0 0 0 0 0 0 0 0 0 0 0 
0 0 0 0 0 0 0 0 0 0 0 0 0 0 0 0 0 0 0 0 0 0 0 0 0 0 0 0 0 0 0 0 0 0 0 0 0 0 0 0 0 0 0 0 0 0 0 0 0 0 0 0 0 0 0 0 0 0 0 0 0 0 0 0 0 0 0 0 0 0 0 0 0 0 0 0 0 0 0 0 0 0 0 0 0 0 0 0 0 0 0 0 0 0 0 0 0 0 0 0 
0 0 0 0 0 0 0 0 0 0 0 0 0 0 0 0 0 0 0 0 0 0 0 0 0 0 0 0 0 0 0 0 0 0 0 0 0 0 0 0 0 0 0 0 0 0 0 0 0 0 0 0 0 0 0 0 0 0 0 0 0 0 0 0 0 0 0 0 0 0 0 0 0 0 0 0 0 0 0 0 0 0 0 0 0 0 0 0 0 0 0 0 0 0 0 0 0 0 0 0 
0 0 0 0 0 0 0 0 0 0 0 0 0 0 0 0 0 0 0 0 0 0 0 0 0 0 0 0 0 0 0 0 0 0 0 0 0 0 0 0 0 0 0 0 0 0 0 0 0 0 0 0 0 0 0 0 0 0 0 0 0 0 0 0 0 0 0 0 0 0 0 0 0 0 0 0 0 0 0 0 0 0 0 0 0 0 0 0 0 0 0 0 0 0 0 0 0 0 0 0 
0 0 0 0 0 0 0 0 0 0 0 0 0 0 0 0 0 0 0 0 0 0 0 0 0 0 0 0 0 0 0 0 0 0 0 0 0 0 0 0 0 0 0 0 0 0 0 0 0 0 0 0 0 0 0 0 0 0 0 0 0 0 0 0 0 0 0 0 0 0 0 0 0 0 0 0 0 0 0 0 0 0 0 0 0 0 0 0 0 0 0 0 0 0 0 0 0 0 0 0 
0 0 0 0 0 0 0 0 0 0 0 0 0 0 0 0 0 0 0 0 0 0 0 0 0 0 0 0 0 0 0 0 0 0 0 0 0 0 0 0 0 0 0 0 0 0 0 0 0 0 0 0 0 0 0 0 0 0 0 0 0 0 0 0 0 0 0 0 0 0 0 0 0 0 0 0 0 0 0 0 0 0 0 0 0 0 0 0 0 0 0 0 0 0 0 0 0 0 0 0 
0 0 0 0 0 0 0 0 0 0 0 0 0 0 0 0 0 0 0 0 0 0 0 0 0 0 0 0 0 0 0 0 0 0 0 0 0 0 0 0 0 0 0 0 0 0 0 0 0 0 0 0 0 0 0 0 0 0 0 0 0 0 0 0 0 0 0 0 0 0 0 0 0 0 0 0 0 0 0 0 0 0 0 0 0 0 0 0 0 0 0 0 0 0 0 0 0 0 0 0 
0 0 0 0 0 0 0 0 0 0 0 0 0 0 0 0 0 0 0 0 0 0 0 0 0 0 0 0 0 0 0 0 0 0 0 0 0 0 0 0 0 0 0 0 0 0 0 0 0 0 0 0 0 0 0 0 0 0 0 0 0 0 0 0 0 0 0 0 0 0 0 0 0 0 0 0 0 0 0 0 0 0 0 0 0 0 0 0 0 0 0 0 0 0 0 0 0 0 0 0 
0 0 0 0 0 0 0 0 0 0 0 0 0 0 0 0 0 0 0 0 0 0 0 0 0 0 0 0 0 0 0 0 0 0 0 0 0 0 0 0 0 0 0 0 0 0 0 0 0 0 0 0 0 0 0 0 0 0 0 0 0 0 0 0 0 0 0 0 0 0 0 0 0 0 0 0 0 0 0 0 0 0 0 0 0 0 0 0 0 0 0 0 0 0 0 0 0 0 0 0 
0 0 0 0 0 0 0 0 0 0 0 0 0 0 0 0 0 0 0 0 0 0 0 0 0 0 0 0 0 0 0 0 0 0 0 0 0 0 0 0 0 0 0 0 0 0 0 0 0 0 0 0 0 0 0 0 0 0 0 0 0 0 0 0 0 0 0 0 0 0 0 0 0 0 0 0 0 0 0 0 0 0 0 0 0 0 0 0 0 0 0 0 0 0 0 0 0 0 0 0 
0 0 0 0 0 0 0 0 0 0 0 0 0 0 0 0 0 0 0 0 0 0 0 0 0 0 0 0 0 0 0 0 0 0 0 0 0 0 0 0 0 0 0 0 0 0 0 0 0 0 0 0 0 0 0 0 0 0 0 0 0 0 0 0 0 0 0 0 0 0 0 0 0 0 0 0 0 0 0 0 0 0 0 0 0 0 0 0 0 0 0 0 0 0 0 0 0 0 0 0 
0 0 0 0 0 0 0 0 0 0 0 0 0 0 0 0 0 0 0 0 0 0 0 0 0 0 0 0 0 0 0 0 0 0 0 0 0 0 0 0 0 0 0 0 0 0 0 0 0 0 0 0 0 0 0 0 0 0 0 0 0 0 0 0 0 0 0 0 0 0 0 0 0 0 0 0 0 0 0 0 0 0 0 0 0 0 0 0 0 0 0 0 0 0 0 0 0 0 0 0 
0 0 0 0 0 0 0 0 0 0 0 0 0 0 0 0 0 0 0 0 0 0 0 0 0 0 0 0 0 0 0 0 0 0 0 0 0 0 0 0 0 0 0 0 0 0 0 0 0 0 0 0 0 0 0 0 0 0 0 0 0 0 0 0 0 0 0 0 0 0 0 0 0 0 0 0 0 0 0 0 0 0 0 0 0 0 0 0 0 0 0 0 0 0 0 0 0 0 0 0 
0 0 0 0 0 0 0 0 0 0 0 0 0 0 0 0 0 0 0 0 0 0 0 0 0 0 0 0 0 0 0 0 0 0 0 0 0 0 0 0 0 0 0 0 0 0 0 0 0 0 0 0 0 0 0 0 0 0 0 0 0 0 0 0 0 0 0 0 0 0 0 0 0 0 0 0 0 0 0 0 0 0 0 0 0 0 0 0 0 0 0 0 0 0 0 0 0 0 0 0 
14 2 19400 19401 0 0 14 2 19402 19403 0 0 14 2 19404 19405 0 0 14 2 19406 19407 0 0 14 2 19408 19409 0 0 14 2 19410 19411 0 0 14 2 19412 19413 0 0 14 2 19414 19415 0 0 14 2 19416 19417 0 0 14 2 19418 19419 0 0 14 2 19420 19421 0 0 14 2 19422 19423 0 0 14 2 19424 19425 0 0 14 2 19426 19427 0 0 14 2 19428 19429 0 0 14 2 19430 19431 0 0 14 2 19432 19433 0 0 14 2 19434 19435 0 0 14 2 19436 19437 0 0 14 2 19438 19439 0 0 14 2 19440 19441 0 0 14 2 19442 19443 0 0 14 2 19444 19445 0 0 14 2 19446 19447 0 0 14 2 19448 19449 0 0 14 2 19450 19451 0 0 14 2 19452 19453 0 0 14 2 19454 19455 0 0 14 2 19456 19457 0 0 14 2 19458 19459 0 0 14 2 19460 19461 0 0 14 2 19462 19463 0 0 14 2 19464 19465 0 0 14 2 19466 19467 0 0 14 2 19468 19469 0 0 14 2 19470 19471 0 0 14 2 19472 19473 0 0 14 2 19474 19475 0 0 14 2 19476 19477 0 0 14 2 19478 19479 0 0 14 2 19480 19481 0 0 14 2 19482 19483 0 0 14 2 19484 19485 0 0 14 2 19486 19487 0 0 14 2 19488 19489 0 0 14 2 19490 19491 0 0 14 2 19492 19493 0 0 14 2 19494 19495 0 0 14 2 19496 19497 0 0 14 2 19498 19499 0 0 14 2 19500 19501 0 0 14 2 19502 19503 0 0 14 2 19504 19505 0 0 14 2 19506 19507 0 0 14 2 19508 19509 0 0 14 2 19510 19511 0 0 14 2 19512 19513 0 0 14 2 19514 19515 0 0 14 2 19516 19517 0 0 14 2 19518 19519 0 0 14 2 19520 19521 0 0 14 2 19522 19523 0 0 14 2 19524 19525 0 0 14 2 19526 19527 0 0 14 2 19528 19529 0 0 14 2 19530 19531 0 0 14 2 19532 19533 0 0 14 2 19534 19535 0 0 14 2 19536 19537 0 0 14 2 19538 19539 0 0 14 2 19540 19541 0 0 14 2 19542 19543 0 0 14 2 19544 19545 0 0 14 2 19546 19547 0 0 14 2 19548 19549 0 0 14 2 19550 19551 0 0 14 2 19552 19553 0 0 14 2 19554 19555 0 0 14 2 19556 19557 0 0 14 2 19558 19559 0 0 14 2 19560 19561 0 0 14 2 19562 19563 0 0 14 2 19564 19565 0 0 14 2 19566 19567 0 0 14 2 19568 19569 0 0 14 2 19570 19571 0 0 14 2 19572 19573 0 0 14 2 19574 19575 0 0 14 2 19576 19577 0 0 14 2 19578 19579 0 0 14 2 19580 19581 0 0 14 2 19582 19583 0 0 14 2 19584 19585 0 0 14 2 19586 19587 0 0 14 2 19588 19589 0 0 14 2 19590 19591 0 0 14 2 19592 19593 0 0 14 2 19594 19595 0 0 14 2 19596 19597 0 0 14 2 19598 19599 0 0 
14 2 19600 19601 0 0 14 2 19602 19603 0 0 14 2 19604 19605 0 0 14 2 19606 19607 0 0 14 2 19608 19609 0 0 14 2 19610 19611 0 0 14 2 19612 19613 0 0 14 2 19614 19615 0 0 14 2 19616 19617 0 0 14 2 19618 19619 0 0 14 2 19620 19621 0 0 14 2 19622 19623 0 0 14 2 19624 19625 0 0 14 2 19626 19627 0 0 14 2 19628 19629 0 0 14 2 19630 19631 0 0 14 2 19632 19633 0 0 14 2 19634 19635 0 0 14 2 19636 19637 0 0 14 2 19638 19639 0 0 14 2 19640 19641 0 0 14 2 19642 19643 0 0 14 2 19644 19645 0 0 14 2 19646 19647 0 0 14 2 19648 19649 0 0 14 2 19650 19651 0 0 14 2 19652 19653 0 0 14 2 19654 19655 0 0 14 2 19656 19657 0 0 14 2 19658 19659 0 0 14 2 19660 19661 0 0 14 2 19662 19663 0 0 14 2 19664 19665 0 0 14 2 19666 19667 0 0 14 2 19668 19669 0 0 14 2 19670 19671 0 0 14 2 19672 19673 0 0 14 2 19674 19675 0 0 14 2 19676 19677 0 0 14 2 19678 19679 0 0 14 2 19680 19681 0 0 14 2 19682 19683 0 0 14 2 19684 19685 0 0 14 2 19686 19687 0 0 14 2 19688 19689 0 0 14 2 19690 19691 0 0 14 2 19692 19693 0 0 14 2 19694 19695 0 0 14 2 19696 19697 0 0 14 2 19698 19699 0 0 14 2 19700 19701 0 0 14 2 19702 19703 0 0 14 2 19704 19705 0 0 14 2 19706 19707 0 0 14 2 19708 19709 0 0 14 2 19710 19711 0 0 14 2 19712 19713 0 0 14 2 19714 19715 0 0 14 2 19716 19717 0 0 14 2 19718 19719 0 0 14 2 19720 19721 0 0 14 2 19722 19723 0 0 14 2 19724 19725 0 0 14 2 19726 19727 0 0 14 2 19728 19729 0 0 14 2 19730 19731 0 0 14 2 19732 19733 0 0 14 2 19734 19735 0 0 14 2 19736 19737 0 0 14 2 19738 19739 0 0 14 2 19740 19741 0 0 14 2 19742 19743 0 0 14 2 19744 19745 0 0 14 2 19746 19747 0 0 14 2 19748 19749 0 0 14 2 19750 19751 0 0 14 2 19752 19753 0 0 14 2 19754 19755 0 0 14 2 19756 19757 0 0 14 2 19758 19759 0 0 14 2 19760 19761 0 0 14 2 19762 19763 0 0 14 2 19764 19765 0 0 14 2 19766 19767 0 0 14 2 19768 19769 0 0 14 2 19770 19771 0 0 14 2 19772 19773 0 0 14 2 19774 19775 0 0 14 2 19776 19777 0 0 14 2 19778 19779 0 0 14 2 19780 19781 0 0 14 2 19782 19783 0 0 14 2 19784 19785 0 0 14 2 19786 19787 0 0 14 2 19788 19789 0 0 14 2 19790 19791 0 0 14 2 19792 19793 0 0 14 2 19794 19795 0 0 14 2 19796 19797 0 0 14 2 19798 19799 0 0 
14 2 19800 19801 0 0 14 2 19802 19803 0 0 14 2 19804 19805 0 0 14 2 19806 19807 0 0 14 2 19808 19809 0 0 14 2 19810 19811 0 0 14 2 19812 19813 0 0 14 2 19814 19815 0 0 14 2 19816 19817 0 0 14 2 19818 19819 0 0 14 2 19820 19821 0 0 14 2 19822 19823 0 0 14 2 19824 19825 0 0 14 2 19826 19827 0 0 14 2 19828 19829 0 0 14 2 19830 19831 0 0 14 2 19832 19833 0 0 14 2 19834 19835 0 0 14 2 19836 19837 0 0 14 2 19838 19839 0 0 14 2 19840 19841 0 0 14 2 19842 19843 0 0 14 2 19844 19845 0 0 14 2 19846 19847 0 0 14 2 19848 19849 0 0 14 2 19850 19851 0 0 14 2 19852 19853 0 0 14 2 19854 19855 0 0 14 2 19856 19857 0 0 14 2 19858 19859 0 0 14 2 19860 19861 0 0 14 2 19862 19863 0 0 14 2 19864 19865 0 0 14 2 19866 19867 0 0 14 2 19868 19869 0 0 14 2 19870 19871 0 0 14 2 19872 19873 0 0 14 2 19874 19875 0 0 14 2 19876 19877 0 0 14 2 19878 19879 0 0 14 2 19880 19881 0 0 14 2 19882 19883 0 0 14 2 19884 19885 0 0 14 2 19886 19887 0 0 14 2 19888 19889 0 0 14 2 19890 19891 0 0 14 2 19892 19893 0 0 14 2 19894 19895 0 0 14 2 19896 19897 0 0 14 2 19898 19899 0 0 14 2 19900 19901 0 0 14 2 19902 19903 0 0 14 2 19904 19905 0 0 14 2 19906 19907 0 0 14 2 19908 19909 0 0 14 2 19910 19911 0 0 14 2 19912 19913 0 0 14 2 19914 19915 0 0 14 2 19916 19917 0 0 14 2 19918 19919 0 0 14 2 19920 19921 0 0 14 2 19922 19923 0 0 14 2 19924 19925 0 0 14 2 19926 19927 0 0 14 2 19928 19929 0 0 14 2 19930 19931 0 0 14 2 19932 19933 0 0 14 2 19934 19935 0 0 14 2 19936 19937 0 0 14 2 19938 19939 0 0 14 2 19940 19941 0 0 14 2 19942 19943 0 0 14 2 19944 19945 0 0 14 2 19946 19947 0 0 14 2 19948 19949 0 0 14 2 19950 19951 0 0 14 2 19952 19953 0 0 14 2 19954 19955 0 0 14 2 19956 19957 0 0 14 2 19958 19959 0 0 14 2 19960 19961 0 0 14 2 19962 19963 0 0 14 2 19964 19965 0 0 14 2 19966 19967 0 0 14 2 19968 19969 0 0 14 2 19970 19971 0 0 14 2 19972 19973 0 0 14 2 19974 19975 0 0 14 2 19976 19977 0 0 14 2 19978 19979 0 0 14 2 19980 19981 0 0 14 2 19982 19983 0 0 14 2 19984 19985 0 0 14 2 19986 19987 0 0 14 2 19988 19989 0 0 14 2 19990 19991 0 0 14 2 19992 19993 0 0 14 2 19994 19995 0 0 14 2 19996 19997 0 0 14 2 19998 19999 0 0 

14 2 0 1 0 0 14 2 2 3 0 0 14 2 4 5 0 0 14 2 6 7 0 0 14 2 8 9 0 0 14 2 10 11 0 0 14 2 12 13 0 0 14 2 14 15 0 0 14 2 16 17 0 0 14 2 18 19 0 0 14 2 20 21 0 0 14 2 22 23 0 0 14 2 24 25 0 0 14 2 26 27 0 0 14 2 28 29 0 0 14 2 30 31 0 0 14 2 32 33 0 0 14 2 34 35 0 0 14 2 36 37 0 0 14 2 38 39 0 0 14 2 40 41 0 0 14 2 42 43 0 0 14 2 44 45 0 0 14 2 46 47 0 0 14 2 48 49 0 0 14 2 50 51 0 0 14 2 52 53 0 0 14 2 54 55 0 0 14 2 56 57 0 0 14 2 58 59 0 0 14 2 60 61 0 0 14 2 62 63 0 0 14 2 64 65 0 0 14 2 66 67 0 0 14 2 68 69 0 0 14 2 70 71 0 0 14 2 72 73 0 0 14 2 74 75 0 0 14 2 76 77 0 0 14 2 78 79 0 0 14 2 80 81 0 0 14 2 82 83 0 0 14 2 84 85 0 0 14 2 86 87 0 0 14 2 88 89 0 0 14 2 90 91 0 0 14 2 92 93 0 0 14 2 94 95 0 0 14 2 96 97 0 0 14 2 98 99 0 0 14 2 100 101 0 0 14 2 102 103 0 0 14 2 104 105 0 0 14 2 106 107 0 0 14 2 108 109 0 0 14 2 110 111 0 0 14 2 112 113 0 0 14 2 114 115 0 0 14 2 116 117 0 0 14 2 118 119 0 0 14 2 120 121 0 0 14 2 122 123 0 0 14 2 124 125 0 0 14 2 126 127 0 0 14 2 128 129 0 0 14 2 130 131 0 0 14 2 132 133 0 0 14 2 134 135 0 0 14 2 136 137 0 0 14 2 138 139 0 0 14 2 140 141 0 0 14 2 142 143 0 0 14 2 144 145 0 0 14 2 146 147 0 0 14 2 148 149 0 0 14 2 150 151 0 0 14 2 152 153 0 0 14 2 154 155 0 0 14 2 156 157 0 0 14 2 158 159 0 0 14 2 160 161 0 0 14 2 162 163 0 0 14 2 164 165 0 0 14 2 166 167 0 0 14 2 168 169 0 0 14 2 170 171 0 0 14 2 172 173 0 0 14 2 174 175 0 0 14 2 176 177 0 0 14 2 178 179 0 0 14 2 180 181 0 0 14 2 182 183 0 0 14 2 184 185 0 0 14 2 186 187 0 0 14 2 188 189 0 0 14 2 190 191 0 0 14 2 192 193 0 0 14 2 194 195 0 0 14 2 196 197 0 0 14 2 198 199 0 0 
14 2 200 201 0 0 14 2 202 203 0 0 14 2 204 205 0 0 14 2 206 207 0 0 14 2 208 209 0 0 14 2 210 211 0 0 14 2 212 213 0 0 14 2 214 215 0 0 14 2 216 217 0 0 14 2 218 219 0 0 14 2 220 221 0 0 14 2 222 223 0 0 14 2 224 225 0 0 14 2 226 227 0 0 14 2 228 229 0 0 14 2 230 231 0 0 14 2 232 233 0 0 14 2 234 235 0 0 14 2 236 237 0 0 14 2 238 239 0 0 14 2 240 241 0 0 14 2 242 243 0 0 14 2 244 245 0 0 14 2 246 247 0 0 14 2 248 249 0 0 14 2 250 251 0 0 14 2 252 253 0 0 14 2 254 255 0 0 14 2 256 257 0 0 14 2 258 259 0 0 14 2 260 261 0 0 14 2 262 263 0 0 14 2 264 265 0 0 14 2 266 267 0 0 14 2 268 269 0 0 14 2 270 271 0 0 14 2 272 273 0 0 14 2 274 275 0 0 14 2 276 277 0 0 14 2 278 279 0 0 14 2 280 281 0 0 14 2 282 283 0 0 14 2 284 285 0 0 14 2 286 287 0 0 14 2 288 289 0 0 14 2 290 291 0 0 14 2 292 293 0 0 14 2 294 295 0 0 14 2 296 297 0 0 14 2 298 299 0 0 14 2 300 301 0 0 14 2 302 303 0 0 14 2 304 305 0 0 14 2 306 307 0 0 14 2 308 309 0 0 14 2 310 311 0 0 14 2 312 313 0 0 14 2 314 315 0 0 14 2 316 317 0 0 14 2 318 319 0 0 14 2 320 321 0 0 14 2 322 323 0 0 14 2 324 325 0 0 14 2 326 327 0 0 14 2 328 329 0 0 14 2 330 331 0 0 14 2 332 333 0 0 14 2 334 335 0 0 14 2 336 337 0 0 14 2 338 339 0 0 14 2 340 341 0 0 14 2 342 343 0 0 14 2 344 345 0 0 14 2 346 347 0 0 14 2 348 349 0 0 14 2 350 351 0 0 14 2 352 353 0 0 14 2 354 355 0 0 14 2 356 357 0 0 14 2 358 359 0 0 14 2 360 361 0 0 14 2 362 363 0 0 14 2 364 365 0 0 14 2 366 367 0 0 14 2 368 369 0 0 14 2 370 371 0 0 14 2 372 373 0 0 14 2 374 375 0 0 14 2 376 377 0 0 14 2 378 379 0 0 14 2 380 381 0 0 14 2 382 383 0 0 14 2 384 385 0 0 14 2 386 387 0 0 14 2 388 389 0 0 14 2 390 391 0 0 14 2 392 393 0 0 14 2 394 395 0 0 14 2 396 397 0 0 14 2 398 399 0 0 
0 0 0 0 0 0 0 0 0 0 0 0 0 0 0 0 0 0 0 0 0 0 0 0 0 0 0 0 0 0 0 0 0 0 0 0 0 0 0 0 0 0 0 0 0 0 0 0 0 0 0 0 0 0 0 0 0 0 0 0 0 0 0 0 0 0 0 0 0 0 0 0 0 0 0 0 0 0 0 0 0 0 0 0 0 0 0 0 0 0 0 0 0 0 0 0 0 0 0 0 
0 0 0 0 0 0 0 0 0 0 0 0 0 0 0 0 0 0 0 0 0 0 0 0 0 0 0 0 0 0 0 0 0 0 0 0 0 0 0 0 0 0 0 0 0 0 0 0 0 0 0 0 0 0 0 0 0 0 0 0 0 0 0 0 0 0 0 0 0 0 0 0 0 0 0 0 0 0 0 0 0 0 0 0 0 0 0 0 0 0 0 0 0 0 0 0 0 0 0 0 
0 0 0 0 0 0 0 0 0 0 0 0 0 0 0 0 0 0 0 0 0 0 0 0 0 0 0 0 0 0 0 0 0 0 0 0 0 0 0 0 0 0 0 0 0 0 0 0 0 0 0 0 0 0 0 0 0 0 0 0 0 0 0 0 0 0 0 0 0 0 0 0 0 0 0 0 0 0 0 0 0 0 0 0 0 0 0 0 0 0 0 0 0 0 0 0 0 0 0 0 
0 0 0 0 0 0 0 0 0 0 0 0 0 0 0 0 0 0 0 0 0 0 0 0 0 0 0 0 0 0 0 0 0 0 0 0 0 0 0 0 0 0 0 0 0 0 0 0 0 0 0 0 0 0 0 0 0 0 0 0 0 0 0 0 0 0 0 0 0 0 0 0 0 0 0 0 0 0 0 0 0 0 0 0 0 0 0 0 0 0 0 0 0 0 0 0 0 0 0 0 
0 0 0 0 0 0 0 0 0 0 0 0 0 0 0 0 0 0 0 0 0 0 0 0 0 0 0 0 0 0 0 0 0 0 0 0 0 0 0 0 0 0 0 0 0 0 0 0 0 0 0 0 0 0 0 0 0 0 0 0 0 0 0 0 0 0 0 0 0 0 0 0 0 0 0 0 0 0 0 0 0 0 0 0 0 0 0 0 0 0 0 0 0 0 0 0 0 0 0 0 
0 0 0 0 0 0 0 0 0 0 0 0 0 0 0 0 0 0 0 0 0 0 0 0 0 0 0 0 0 0 0 0 0 0 0 0 0 0 0 0 0 0 0 0 0 0 0 0 0 0 0 0 0 0 0 0 0 0 0 0 0 0 0 0 0 0 0 0 0 0 0 0 0 0 0 0 0 0 0 0 0 0 0 0 0 0 0 0 0 0 0 0 0 0 0 0 0 0 0 0 
0 0 0 0 0 0 0 0 0 0 0 0 0 0 0 0 0 0 0 0 0 0 0 0 0 0 0 0 0 0 0 0 0 0 0 0 0 0 0 0 0 0 0 0 0 0 0 0 0 0 0 0 0 0 0 0 0 0 0 0 0 0 0 0 0 0 0 0 0 0 0 0 0 0 0 0 0 0 0 0 0 0 0 0 0 0 0 0 0 0 0 0 0 0 0 0 0 0 0 0 
0 0 0 0 0 0 0 0 0 0 0 0 0 0 0 0 0 0 0 0 0 0 0 0 0 0 0 0 0 0 0 0 0 0 0 0 0 0 0 0 0 0 0 0 0 0 0 0 0 0 0 0 0 0 0 0 0 0 0 0 0 0 0 0 0 0 0 0 0 0 0 0 0 0 0 0 0 0 0 0 0 0 0 0 0 0 0 0 0 0 0 0 0 0 0 0 0 0 0 0 
0 0 0 0 0 0 0 0 0 0 0 0 0 0 0 0 0 0 0 0 0 0 0 0 0 0 0 0 0 0 0 0 0 0 0 0 0 0 0 0 0 0 0 0 0 0 0 0 0 0 0 0 0 0 0 0 0 0 0 0 0 0 0 0 0 0 0 0 0 0 0 0 0 0 0 0 0 0 0 0 0 0 0 0 0 0 0 0 0 0 0 0 0 0 0 0 0 0 0 0 
0 0 0 0 0 0 0 0 0 0 0 0 0 0 0 0 0 0 0 0 0 0 0 0 0 0 0 0 0 0 0 0 0 0 0 0 0 0 0 0 0 0 0 0 0 0 0 0 0 0 0 0 0 0 0 0 0 0 0 0 0 0 0 0 0 0 0 0 0 0 0 0 0 0 0 0 0 0 0 0 0 0 0 0 0 0 0 0 0 0 0 0 0 0 0 0 0 0 0 0 
0 0 0 0 0 0 0 0 0 0 0 0 0 0 0 0 0 0 0 0 0 0 0 0 0 0 0 0 0 0 0 0 0 0 0 0 0 0 0 0 0 0 0 0 0 0 0 0 0 0 0 0 0 0 0 0 0 0 0 0 0 0 0 0 0 0 0 0 0 0 0 0 0 0 0 0 0 0 0 0 0 0 0 0 0 0 0 0 0 0 0 0 0 0 0 0 0 0 0 0 
0 0 0 0 0 0 0 0 0 0 0 0 0 0 0 0 0 0 0 0 0 0 0 0 0 0 0 0 0 0 0 0 0 0 0 0 0 0 0 0 0 0 0 0 0 0 0 0 0 0 0 0 0 0 0 0 0 0 0 0 0 0 0 0 0 0 0 0 0 0 0 0 0 0 0 0 0 0 0 0 0 0 0 0 0 0 0 0 0 0 0 0 0 0 0 0 0 0 0 0 
0 0 0 0 0 0 0 0 0 0 0 0 0 0 0 0 0 0 0 0 0 0 0 0 0 0 0 0 0 0 0 0 0 0 0 0 0 0 0 0 0 0 0 0 0 0 0 0 0 0 0 0 0 0 0 0 0 0 0 0 0 0 0 0 0 0 0 0 0 0 0 0 0 0 0 0 0 0 0 0 0 0 0 0 0 0 0 0 0 0 0 0 0 0 0 0 0 0 0 0 
0 0 0 0 0 0 0 0 0 0 0 0 0 0 0 0 0 0 0 0 0 0 0 0 0 0 0 0 0 0 0 0 0 0 0 0 0 0 0 0 0 0 0 0 0 0 0 0 0 0 0 0 0 0 0 0 0 0 0 0 0 0 0 0 0 0 0 0 0 0 0 0 0 0 0 0 0 0 0 0 0 0 0 0 0 0 0 0 0 0 0 0 0 0 0 0 0 0 0 0 
0 0 0 0 0 0 0 0 0 0 0 0 0 0 0 0 0 0 0 0 0 0 0 0 0 0 0 0 0 0 0 0 0 0 0 0 0 0 0 0 0 0 0 0 0 0 0 0 0 0 0 0 0 0 0 0 0 0 0 0 0 0 0 0 0 0 0 0 0 0 0 0 0 0 0 0 0 0 0 0 0 0 0 0 0 0 0 0 0 0 0 0 0 0 0 0 0 0 0 0 
0 0 0 0 0 0 0 0 0 0 0 0 0 0 0 0 0 0 0 0 0 0 0 0 0 0 0 0 0 0 0 0 0 0 0 0 0 0 0 0 0 0 0 0 0 0 0 0 0 0 0 0 0 0 0 0 0 0 0 0 0 0 0 0 0 0 0 0 0 0 0 0 0 0 0 0 0 0 0 0 0 0 0 0 0 0 0 0 0 0 0 0 0 0 0 0 0 0 0 0 
0 0 0 0 0 0 0 0 0 0 0 0 0 0 0 0 0 0 0 0 0 0 0 0 0 0 0 0 0 0 0 0 0 0 0 0 0 0 0 0 0 0 0 0 0 0 0 0 0 0 0 0 0 0 0 0 0 0 0 0 0 0 0 0 0 0 0 0 0 0 0 0 0 0 0 0 0 0 0 0 0 0 0 0 0 0 0 0 0 0 0 0 0 0 0 0 0 0 0 0 
0 0 0 0 0 0 0 0 0 0 0 0 0 0 0 0 0 0 0 0 0 0 0 0 0 0 0 0 0 0 0 0 0 0 0 0 0 0 0 0 0 0 0 0 0 0 0 0 0 0 0 0 0 0 0 0 0 0 0 0 0 0 0 0 0 0 0 0 0 0 0 0 0 0 0 0 0 0 0 0 0 0 0 0 0 0 0 0 0 0 0 0 0 0 0 0 0 0 0 0 
0 0 0 0 0 0 0 0 0 0 0 0 0 0 0 0 0 0 0 0 0 0 0 0 0 0 0 0 0 0 0 0 0 0 0 0 0 0 0 0 0 0 0 0 0 0 0 0 0 0 0 0 0 0 0 0 0 0 0 0 0 0 0 0 0 0 0 0 0 0 0 0 0 0 0 0 0 0 0 0 0 0 0 0 0 0 0 0 0 0 0 0 0 0 0 0 0 0 0 0 
0 0 0 0 0 0 0 0 0 0 0 0 0 0 0 0 0 0 0 0 0 0 0 0 0 0 0 0 0 0 0 0 0 0 0 0 0 0 0 0 0 0 0 0 0 0 0 0 0 0 0 0 0 0 0 0 0 0 0 0 0 0 0 0 0 0 0 0 0 0 0 0 0 0 0 0 0 0 0 0 0 0 0 0 0 0 0 0 0 0 0 0 0 0 0 0 0 0 0 0 
0 0 0 0 0 0 0 0 0 0 0 0 0 0 0 0 0 0 0 0 0 0 0 0 0 0 0 0 0 0 0 0 0 0 0 0 0 0 0 0 0 0 0 0 0 0 0 0 0 0 0 0 0 0 0 0 0 0 0 0 0 0 0 0 0 0 0 0 0 0 0 0 0 0 0 0 0 0 0 0 0 0 0 0 0 0 0 0 0 0 0 0 0 0 0 0 0 0 0 0 
0 0 0 0 0 0 0 0 0 0 0 0 0 0 0 0 0 0 0 0 0 0 0 0 0 0 0 0 0 0 0 0 0 0 0 0 0 0 0 0 0 0 0 0 0 0 0 0 0 0 0 0 0 0 0 0 0 0 0 0 0 0 0 0 0 0 0 0 0 0 0 0 0 0 0 0 0 0 0 0 0 0 0 0 0 0 0 0 0 0 0 0 0 0 0 0 0 0 0 0 
0 0 0 0 0 0 0 0 0 0 0 0 0 0 0 0 0 0 0 0 0 0 0 0 0 0 0 0 0 0 0 0 0 0 0 0 0 0 0 0 0 0 0 0 0 0 0 0 0 0 0 0 0 0 0 0 0 0 0 0 0 0 0 0 0 0 0 0 0 0 0 0 0 0 0 0 0 0 0 0 0 0 0 0 0 0 0 0 0 0 0 0 0 0 0 0 0 0 0 0 
0 0 0 0 0 0 0 0 0 0 0 0 0 0 0 0 0 0 0 0 0 0 0 0 0 0 0 0 0 0 0 0 0 0 0 0 0 0 0 0 0 0 0 0 0 0 0 0 0 0 0 0 0 0 0 0 0 0 0 0 0 0 0 0 0 0 0 0 0 0 0 0 0 0 0 0 0 0 0 0 0 0 0 0 0 0 0 0 0 0 0 0 0 0 0 0 0 0 0 0 
0 0 0 0 0 0 0 0 0 0 0 0 0 0 0 0 0 0 0 0 0 0 0 0 0 0 0 0 0 0 0 0 0 0 0 0 0 0 0 0 0 0 0 0 0 0 0 0 0 0 0 0 0 0 0 0 0 0 0 0 0 0 0 0 0 0 0 0 0 0 0 0 0 0 0 0 0 0 0 0 0 0 0 0 0 0 0 0 0 0 0 0 0 0 0 0 0 0 0 0 
0 0 0 0 0 0 0 0 0 0 0 0 0 0 0 0 0 0 0 0 0 0 0 0 0 0 0 0 0 0 0 0 0 0 0 0 0 0 0 0 0 0 0 0 0 0 0 0 0 0 0 0 0 0 0 0 0 0 0 0 0 0 0 0 0 0 0 0 0 0 0 0 0 0 0 0 0 0 0 0 0 0 0 0 0 0 0 0 0 0 0 0 0 0 0 0 0 0 0 0 
0 0 0 0 0 0 0 0 0 0 0 0 0 0 0 0 0 0 0 0 0 0 0 0 0 0 0 0 0 0 0 0 0 0 0 0 0 0 0 0 0 0 0 0 0 0 0 0 0 0 0 0 0 0 0 0 0 0 0 0 0 0 0 0 0 0 0 0 0 0 0 0 0 0 0 0 0 0 0 0 0 0 0 0 0 0 0 0 0 0 0 0 0 0 0 0 0 0 0 0 
0 0 0 0 0 0 0 0 0 0 0 0 0 0 0 0 0 0 0 0 0 0 0 0 0 0 0 0 0 0 0 0 0 0 0 0 0 0 0 0 0 0 0 0 0 0 0 0 0 0 0 0 0 0 0 0 0 0 0 0 0 0 0 0 0 0 0 0 0 0 0 0 0 0 0 0 0 0 0 0 0 0 0 0 0 0 0 0 0 0 0 0 0 0 0 0 0 0 0 0 
0 0 0 0 0 0 0 0 0 0 0 0 0 0 0 0 0 0 0 0 0 0 0 0 0 0 0 0 0 0 0 0 0 0 0 0 0 0 0 0 0 0 0 0 0 0 0 0 0 0 0 0 0 0 0 0 0 0 0 0 0 0 0 0 0 0 0 0 0 0 0 0 0 0 0 0 0 0 0 0 0 0 0 0 0 0 0 0 0 0 0 0 0 0 0 0 0 0 0 0 
0 0 0 0 0 0 0 0 0 0 0 0 0 0 0 0 0 0 0 0 0 0 0 0 0 0 0 0 0 0 0 0 0 0 0 0 0 0 0 0 0 0 0 0 0 0 0 0 0 0 0 0 0 0 0 0 0 0 0 0 0 0 0 0 0 0 0 0 0 0 0 0 0 0 0 0 0 0 0 0 0 0 0 0 0 0 0 0 0 0 0 0 0 0 0 0 0 0 0 0 
0 0 0 0 0 0 0 0 0 0 0 0 0 0 0 0 0 0 0 0 0 0 0 0 0 0 0 0 0 0 0 0 0 0 0 0 0 0 0 0 0 0 0 0 0 0 0 0 0 0 0 0 0 0 0 0 0 0 0 0 0 0 0 0 0 0 0 0 0 0 0 0 0 0 0 0 0 0 0 0 0 0 0 0 0 0 0 0 0 0 0 0 0 0 0 0 0 0 0 0 
0 0 0 0 0 0 0 0 0 0 0 0 0 0 0 0 0 0 0 0 0 0 0 0 0 0 0 0 0 0 0 0 0 0 0 0 0 0 0 0 0 0 0 0 0 0 0 0 0 0 0 0 0 0 0 0 0 0 0 0 0 0 0 0 0 0 0 0 0 0 0 0 0 0 0 0 0 0 0 0 0 0 0 0 0 0 0 0 0 0 0 0 0 0 0 0 0 0 0 0 
0 0 0 0 0 0 0 0 0 0 0 0 0 0 0 0 0 0 0 0 0 0 0 0 0 0 0 0 0 0 0 0 0 0 0 0 0 0 0 0 0 0 0 0 0 0 0 0 0 0 0 0 0 0 0 0 0 0 0 0 0 0 0 0 0 0 0 0 0 0 0 0 0 0 0 0 0 0 0 0 0 0 0 0 0 0 0 0 0 0 0 0 0 0 0 0 0 0 0 0 
0 0 0 0 0 0 0 0 0 0 0 0 0 0 0 0 0 0 0 0 0 0 0 0 0 0 0 0 0 0 0 0 0 0 0 0 0 0 0 0 0 0 0 0 0 0 0 0 0 0 0 0 0 0 0 0 0 0 0 0 0 0 0 0 0 0 0 0 0 0 0 0 0 0 0 0 0 0 0 0 0 0 0 0 0 0 0 0 0 0 0 0 0 0 0 0 0 0 0 0 
0 0 0 0 0 0 0 0 0 0 0 0 0 0 0 0 0 0 0 0 0 0 0 0 0 0 0 0 0 0 0 0 0 0 0 0 0 0 0 0 0 0 0 0 0 0 0 0 0 0 0 0 0 0 0 0 0 0 0 0 0 0 0 0 0 0 0 0 0 0 0 0 0 0 0 0 0 0 0 0 0 0 0 0 0 0 0 0 0 0 0 0 0 0 0 0 0 0 0 0 
0 0 0 0 0 0 0 0 0 0 0 0 0 0 0 0 0 0 0 0 0 0 0 0 0 0 0 0 0 0 0 0 0 0 0 0 0 0 0 0 0 0 0 0 0 0 0 0 0 0 0 0 0 0 0 0 0 0 0 0 0 0 0 0 0 0 0 0 0 0 0 0 0 0 0 0 0 0 0 0 0 0 0 0 0 0 0 0 0 0 0 0 0 0 0 0 0 0 0 0 
0 0 0 0 0 0 0 0 0 0 0 0 0 0 0 0 0 0 0 0 0 0 0 0 0 0 0 0 0 0 0 0 0 0 0 0 0 0 0 0 0 0 0 0 0 0 0 0 0 0 0 0 0 0 0 0 0 0 0 0 0 0 0 0 0 0 0 0 0 0 0 0 0 0 0 0 0 0 0 0 0 0 0 0 0 0 0 0 0 0 0 0 0 0 0 0 0 0 0 0 
0 0 0 0 0 0 0 0 0 0 0 0 0 0 0 0 0 0 0 0 0 0 0 0 0 0 0 0 0 0 0 0 0 0 0 0 0 0 0 0 0 0 0 0 0 0 0 0 0 0 0 0 0 0 0 0 0 0 0 0 0 0 0 0 0 0 0 0 0 0 0 0 0 0 0 0 0 0 0 0 0 0 0 0 0 0 0 0 0 0 0 0 0 0 0 0 0 0 0 0 
0 0 0 0 0 0 0 0 0 0 0 0 0 0 0 0 0 0 0 0 0 0 0 0 0 0 0 0 0 0 0 0 0 0 0 0 0 0 0 0 0 0 0 0 0 0 0 0 0 0 0 0 0 0 0 0 0 0 0 0 0 0 0 0 0 0 0 0 0 0 0 0 0 0 0 0 0 0 0 0 0 0 0 0 0 0 0 0 0 0 0 0 0 0 0 0 0 0 0 0 
0 0 0 0 0 0 0 0 0 0 0 0 0 0 0 0 0 0 0 0 0 0 0 0 0 0 0 0 0 0 0 0 0 0 0 0 0 0 0 0 0 0 0 0 0 0 0 0 0 0 0 0 0 0 0 0 0 0 0 0 0 0 0 0 0 0 0 0 0 0 0 0 0 0 0 0 0 0 0 0 0 0 0 0 0 0 0 0 0 0 0 0 0 0 0 0 0 0 0 0 
0 0 0 0 0 0 0 0 0 0 0 0 0 0 0 0 0 0 0 0 0 0 0 0 0 0 0 0 0 0 0 0 0 0 0 0 0 0 0 0 0 0 0 0 0 0 0 0 0 0 0 0 0 0 0 0 0 0 0 0 0 0 0 0 0 0 0 0 0 0 0 0 0 0 0 0 0 0 0 0 0 0 0 0 0 0 0 0 0 0 0 0 0 0 0 0 0 0 0 0 
0 0 0 0 0 0 0 0 0 0 0 0 0 0 0 0 0 0 0 0 0 0 0 0 0 0 0 0 0 0 0 0 0 0 0 0 0 0 0 0 0 0 0 0 0 0 0 0 0 0 0 0 0 0 0 0 0 0 0 0 0 0 0 0 0 0 0 0 0 0 0 0 0 0 0 0 0 0 0 0 0 0 0 0 0 0 0 0 0 0 0 0 0 0 0 0 0 0 0 0 
0 0 0 0 0 0 0 0 0 0 0 0 0 0 0 0 0 0 0 0 0 0 0 0 0 0 0 0 0 0 0 0 0 0 0 0 0 0 0 0 0 0 0 0 0 0 0 0 0 0 0 0 0 0 0 0 0 0 0 0 0 0 0 0 0 0 0 0 0 0 0 0 0 0 0 0 0 0 0 0 0 0 0 0 0 0 0 0 0 0 0 0 0 0 0 0 0 0 0 0 
0 0 0 0 0 0 0 0 0 0 0 0 0 0 0 0 0 0 0 0 0 0 0 0 0 0 0 0 0 0 0 0 0 0 0 0 0 0 0 0 0 0 0 0 0 0 0 0 0 0 0 0 0 0 0 0 0 0 0 0 0 0 0 0 0 0 0 0 0 0 0 0 0 0 0 0 0 0 0 0 0 0 0 0 0 0 0 0 0 0 0 0 0 0 0 0 0 0 0 0 
0 0 0 0 0 0 0 0 0 0 0 0 0 0 0 0 0 0 0 0 0 0 0 0 0 0 0 0 0 0 0 0 0 0 0 0 0 0 0 0 0 0 0 0 0 0 0 0 0 0 0 0 0 0 0 0 0 0 0 0 0 0 0 0 0 0 0 0 0 0 0 0 0 0 0 0 0 0 0 0 0 0 0 0 0 0 0 0 0 0 0 0 0 0 0 0 0 0 0 0 
14 2 9400 9401 0 0 14 2 9402 9403 0 0 14 2 9404 9405 0 0 14 2 9406 9407 0 0 14 2 9408 9409 0 0 14 2 9410 9411 0 0 14 2 9412 9413 0 0 14 2 9414 9415 0 0 14 2 9416 9417 0 0 14 2 9418 9419 0 0 14 2 9420 9421 0 0 14 2 9422 9423 0 0 14 2 9424 9425 0 0 14 2 9426 9427 0 0 14 2 9428 9429 0 0 14 2 9430 9431 0 0 14 2 9432 9433 0 0 14 2 9434 9435 0 0 14 2 9436 9437 0 0 14 2 9438 9439 0 0 14 2 9440 9441 0 0 14 2 9442 9443 0 0 14 2 9444 9445 0 0 14 2 9446 9447 0 0 14 2 9448 9449 0 0 14 2 9450 9451 0 0 14 2 9452 9453 0 0 14 2 9454 9455 0 0 14 2 9456 9457 0 0 14 2 9458 9459 0 0 14 2 9460 9461 0 0 14 2 9462 9463 0 0 14 2 9464 9465 0 0 14 2 9466 9467 0 0 14 2 9468 9469 0 0 14 2 9470 9471 0 0 14 2 9472 9473 0 0 14 2 9474 9475 0 0 14 2 9476 9477 0 0 14 2 9478 9479 0 0 14 2 9480 9481 0 0 14 2 9482 9483 0 0 14 2 9484 9485 0 0 14 2 9486 9487 0 0 14 2 9488 9489 0 0 14 2 9490 9491 0 0 14 2 9492 9493 0 0 14 2 9494 9495 0 0 14 2 9496 9497 0 0 14 2 9498 9499 0 0 14 2 9500 9501 0 0 14 2 9502 9503 0 0 14 2 9504 9505 0 0 14 2 9506 9507 0 0 14 2 9508 9509 0 0 14 2 9510 9511 0 0 14 2 9512 9513 0 0 14 2 9514 9515 0 0 14 2 9516 9517 0 0 14 2 9518 9519 0 0 14 2 9520 9521 0 0 14 2 9522 9523 0 0 14 2 9524 9525 0 0 14 2 9526 9527 0 0 14 2 9528 9529 0 0 14 2 9530 9531 0 0 14 2 9532 9533 0 0 14 2 9534 9535 0 0 14 2 9536 9537 0 0 14 2 9538 9539 0 0 14 2 9540 9541 0 0 14 2 9542 9543 0 0 14 2 9544 9545 0 0 14 2 9546 9547 0 0 14 2 9548 9549 0 0 14 2 9550 9551 0 0 14 2 9552 9553 0 0 14 2 9554 9555 0 0 14 2 9556 9557 0 0 14 2 9558 9559 0 0 14 2 9560 9561 0 0 14 2 9562 9563 0 0 14 2 9564 9565 0 0 14 2 9566 9567 0 0 14 2 9568 9569 0 0 14 2 9570 9571 0 0 14 2 9572 9573 0 0 14 2 9574 9575 0 0 14 2 9576 9577 0 0 14 2 9578 9579 0 0 14 2 9580 9581 0 0 14 2 9582 9583 0 0 14 2 9584 9585 0 0 14 2 9586 9587 0 0 14 2 9588 9589 0 0 14 2 9590 9591 0 0 14 2 9592 9593 0 0 14 2 9594 9595 0 0 14 2 9596 9597 0 0 14 2 9598 9599 0 0 
14 2 9600 9601 0 0 14 2 9602 9603 0 0 14 2 9604 9605 0 0 14 2 9606 9607 0 0 14 2 9608 9609 0 0 14 2 9610 9611 0 0 14 2 9612 9613 0 0 14 2 9614 9615 0 0 14 2 9616 9617 0 0 14 2 9618 9619 0 0 14 2 9620 9621 0 0 14 2 9622 9623 0 0 14 2 9624 9625 0 0 14 2 9626 9627 0 0 14 2 9628 9629 0 0 14 2 9630 9631 0 0 14 2 9632 9633 0 0 14 2 9634 9635 0 0 14 2 9636 9637 0 0 14 2 9638 9639 0 0 14 2 9640 9641 0 0 14 2 9642 9643 0 0 14 2 9644 9645 0 0 14 2 9646 9647 0 0 14 2 9648 9649 0 0 14 2 9650 9651 0 0 14 2 9652 9653 0 0 14 2 9654 9655 0 0 14 2 9656 9657 0 0 14 2 9658 9659 0 0 14 2 9660 9661 0 0 14 2 9662 9663 0 0 14 2 9664 9665 0 0 14 2 9666 9667 0 0 14 2 9668 9669 0 0 14 2 9670 9671 0 0 14 2 9672 9673 0 0 14 2 9674 9675 0 0 14 2 9676 9677 0 0 14 2 9678 9679 0 0 14 2 9680 9681 0 0 14 2 9682 9683 0 0 14 2 9684 9685 0 0 14 2 9686 9687 0 0 14 2 9688 9689 0 0 14 2 9690 9691 0 0 14 2 9692 9693 0 0 14 2 9694 9695 0 0 14 2 9696 9697 0 0 14 2 9698 9699 0 0 14 2 9700 9701 0 0 14 2 9702 9703 0 0 14 2 9704 9705 0 0 14 2 9706 9707 0 0 14 2 9708 9709 0 0 14 2 9710 9711 0 0 14 2 9712 9713 0 0 14 2 9714 9715 0 0 14 2 9716 9717 0 0 14 2 9718 9719 0 0 14 2 9720 9721 0 0 14 2 9722 9723 0 0 14 2 9724 9725 0 0 14 2 9726 9727 0 0 14 2 9728 9729 0 0 14 2 9730 9731 0 0 14 2 9732 9733 0 0 14 2 9734 9735 0 0 14 2 9736 9737 0 0 14 2 9738 9739 0 0 14 2 9740 9741 0 0 14 2 9742 9743 0 0 14 2 9744 9745 0 0 14 2 9746 9747 0 0 14 2 9748 9749 0 0 14 2 9750 9751 0 0 14 2 9752 9753 0 0 14 2 9754 9755 0 0 14 2 9756 9757 0 0 14 2 9758 9759 0 0 14 2 9760 9761 0 0 14 2 9762 9763 0 0 14 2 9764 9765 0 0 14 2 9766 9767 0 0 14 2 9768 9769 0 0 14 2 9770 9771 0 0 14 2 9772 9773 0 0 14 2 9774 9775 0 0 14 2 9776 9777 0 0 14 2 9778 9779 0 0 14 2 9780 9781 0 0 14 2 9782 9783 0 0 14 2 9784 9785 0 0 14 2 9786 9787 0 0 14 2 9788 9789 0 0 14 2 9790 9791 0 0 14 2 9792 9793 0 0 14 2 9794 9795 0 0 14 2 9796 9797 0 0 14 2 9798 9799 0 0 
14 2 9800 9801 0 0 14 2 9802 9803 0 0 14 2 9804 9805 0 0 14 2 9806 9807 0 0 14 2 9808 9809 0 0 14 2 9810 9811 0 0 14 2 9812 9813 0 0 14 2 9814 9815 0 0 14 2 9816 9817 0 0 14 2 9818 9819 0 0 14 2 9820 9821 0 0 14 2 9822 9823 0 0 14 2 9824 9825 0 0 14 2 9826 9827 0 0 14 2 9828 9829 0 0 14 2 9830 9831 0 0 14 2 9832 9833 0 0 14 2 9834 9835 0 0 14 2 9836 9837 0 0 14 2 9838 9839 0 0 14 2 9840 9841 0 0 14 2 9842 9843 0 0 14 2 9844 9845 0 0 14 2 9846 9847 0 0 14 2 9848 9849 0 0 14 2 9850 9851 0 0 14 2 9852 9853 0 0 14 2 9854 9855 0 0 14 2 9856 9857 0 0 14 2 9858 9859 0 0 14 2 9860 9861 0 0 14 2 9862 9863 0 0 14 2 9864 9865 0 0 14 2 9866 9867 0 0 14 2 9868 9869 0 0 14 2 9870 9871 0 0 14 2 9872 9873 0 0 14 2 9874 9875 0 0 14 2 9876 9877 0 0 14 2 9878 9879 0 0 14 2 9880 9881 0 0 14 2 9882 9883 0 0 14 2 9884 9885 0 0 14 2 9886 9887 0 0 14 2 9888 9889 0 0 14 2 9890 9891 0 0 14 2 9892 9893 0 0 14 2 9894 9895 0 0 14 2 9896 9897 0 0 14 2 9898 9899 0 0 14 2 9900 9901 0 0 14 2 9902 9903 0 0 14 2 9904 9905 0 0 14 2 9906 9907 0 0 14 2 9908 9909 0 0 14 2 9910 9911 0 0 14 2 9912 9913 0 0 14 2 9914 9915 0 0 14 2 9916 9917 0 0 14 2 9918 9919 0 0 14 2 9920 9921 0 0 14 2 9922 9923 0 0 14 2 9924 9925 0 0 14 2 9926 9927 0 0 14 2 9928 9929 0 0 14 2 9930 9931 0 0 14 2 9932 9933 0 0 14 2 9934 9935 0 0 14 2 9936 9937 0 0 14 2 9938 9939 0 0 14 2 9940 9941 0 0 14 2 9942 9943 0 0 14 2 9944 9945 0 0 14 2 9946 9947 0 0 14 2 9948 9949 0 0 14 2 9950 9951 0 0 14 2 9952 9953 0 0 14 2 9954 9955 0 0 14 2 9956 9957 0 0 14 2 9958 9959 0 0 14 2 9960 9961 0 0 14 2 9962 9963 0 0 14 2 9964 9965 0 0 14 2 9966 9967 0 0 14 2 9968 9969 0 0 14 2 9970 9971 0 0 14 2 9972 9973 0 0 14 2 9974 9975 0 0 14 2 9976 9977 0 0 14 2 9978 9979 0 0 14 2 9980 9981 0 0 14 2 9982 9983 0 0 14 2 9984 9985 0 0 14 2 9986 9987 0 0 14 2 9988 9989 0 0 14 2 9990 9991 0 0 14 2 9992 9993 0 0 14 2 9994 9995 0 0 14 2 9996 9997 0 0 14 2 9998 9999 0 0 
0 0 0 0 0 0 0 0 0 0 0 0 0 0 0 0 0 0 0 0 0 0 0 0 0 0 0 0 0 0 0 0 0 0 0 0 0 0 0 0 0 0 0 0 0 0 0 0 0 0 0 0 0 0 0 0 0 0 0 0 0 0 0 0 0 0 0 0 0 0 0 0 0 0 0 0 0 0 0 0 0 0 0 0 0 0 0 0 0 0 0 0 0 0 0 0 0 0 0 0 
0 0 0 0 0 0 0 0 0 0 0 0 0 0 0 0 0 0 0 0 0 0 0 0 0 0 0 0 0 0 0 0 0 0 0 0 0 0 0 0 0 0 0 0 0 0 0 0 0 0 0 0 0 0 0 0 0 0 0 0 0 0 0 0 0 0 0 0 0 0 0 0 0 0 0 0 0 0 0 0 0 0 0 0 0 0 0 0 0 0 0 0 0 0 0 0 0 0 0 0 
0 0 0 0 0 0 0 0 0 0 0 0 0 0 0 0 0 0 0 0 0 0 0 0 0 0 0 0 0 0 0 0 0 0 0 0 0 0 0 0 0 0 0 0 0 0 0 0 0 0 0 0 0 0 0 0 0 0 0 0 0 0 0 0 0 0 0 0 0 0 0 0 0 0 0 0 0 0 0 0 0 0 0 0 0 0 0 0 0 0 0 0 0 0 0 0 0 0 0 0 
0 0 0 0 0 0 0 0 0 0 0 0 0 0 0 0 0 0 0 0 0 0 0 0 0 0 0 0 0 0 0 0 0 0 0 0 0 0 0 0 0 0 0 0 0 0 0 0 0 0 0 0 0 0 0 0 0 0 0 0 0 0 0 0 0 0 0 0 0 0 0 0 0 0 0 0 0 0 0 0 0 0 0 0 0 0 0 0 0 0 0 0 0 0 0 0 0 0 0 0 
0 0 0 0 0 0 0 0 0 0 0 0 0 0 0 0 0 0 0 0 0 0 0 0 0 0 0 0 0 0 0 0 0 0 0 0 0 0 0 0 0 0 0 0 0 0 0 0 0 0 0 0 0 0 0 0 0 0 0 0 0 0 0 0 0 0 0 0 0 0 0 0 0 0 0 0 0 0 0 0 0 0 0 0 0 0 0 0 0 0 0 0 0 0 0 0 0 0 0 0 
0 0 0 0 0 0 0 0 0 0 0 0 0 0 0 0 0 0 0 0 0 0 0 0 0 0 0 0 0 0 0 0 0 0 0 0 0 0 0 0 0 0 0 0 0 0 0 0 0 0 0 0 0 0 0 0 0 0 0 0 0 0 0 0 0 0 0 0 0 0 0 0 0 0 0 0 0 0 0 0 0 0 0 0 0 0 0 0 0 0 0 0 0 0 0 0 0 0 0 0 
0 0 0 0 0 0 0 0 0 0 0 0 0 0 0 0 0 0 0 0 0 0 0 0 0 0 0 0 0 0 0 0 0 0 0 0 0 0 0 0 0 0 0 0 0 0 0 0 0 0 0 0 0 0 0 0 0 0 0 0 0 0 0 0 0 0 0 0 0 0 0 0 0 0 0 0 0 0 0 0 0 0 0 0 0 0 0 0 0 0 0 0 0 0 0 0 0 0 0 0 
0 0 0 0 0 0 0 0 0 0 0 0 0 0 0 0 0 0 0 0 0 0 0 0 0 0 0 0 0 0 0 0 0 0 0 0 0 0 0 0 0 0 0 0 0 0 0 0 0 0 0 0 0 0 0 0 0 0 0 0 0 0 0 0 0 0 0 0 0 0 0 0 0 0 0 0 0 0 0 0 0 0 0 0 0 0 0 0 0 0 0 0 0 0 0 0 0 0 0 0 
0 0 0 0 0 0 0 0 0 0 0 0 0 0 0 0 0 0 0 0 0 0 0 0 0 0 0 0 0 0 0 0 0 0 0 0 0 0 0 0 0 0 0 0 0 0 0 0 0 0 0 0 0 0 0 0 0 0 0 0 0 0 0 0 0 0 0 0 0 0 0 0 0 0 0 0 0 0 0 0 0 0 0 0 0 0 0 0 0 0 0 0 0 0 0 0 0 0 0 0 
0 0 0 0 0 0 0 0 0 0 0 0 0 0 0 0 0 0 0 0 0 0 0 0 0 0 0 0 0 0 0 0 0 0 0 0 0 0 0 0 0 0 0 0 0 0 0 0 0 0 0 0 0 0 0 0 0 0 0 0 0 0 0 0 0 0 0 0 0 0 0 0 0 0 0 0 0 0 0 0 0 0 0 0 0 0 0 0 0 0 0 0 0 0 0 0 0 0 0 0 
0 0 0 0 0 0 0 0 0 0 0 0 0 0 0 0 0 0 0 0 0 0 0 0 0 0 0 0 0 0 0 0 0 0 0 0 0 0 0 0 0 0 0 0 0 0 0 0 0 0 0 0 0 0 0 0 0 0 0 0 0 0 0 0 0 0 0 0 0 0 0 0 0 0 0 0 0 0 0 0 0 0 0 0 0 0 0 0 0 0 0 0 0 0 0 0 0 0 0 0 
0 0 0 0 0 0 0 0 0 0 0 0 0 0 0 0 0 0 0 0 0 0 0 0 0 0 0 0 0 0 0 0 0 0 0 0 0 0 0 0 0 0 0 0 0 0 0 0 0 0 0 0 0 0 0 0 0 0 0 0 0 0 0 0 0 0 0 0 0 0 0 0 0 0 0 0 0 0 0 0 0 0 0 0 0 0 0 0 0 0 0 0 0 0 0 0 0 0 0 0 
0 0 0 0 0 0 0 0 0 0 0 0 0 0 0 0 0 0 0 0 0 0 0 0 0 0 0 0 0 0 0 0 0 0 0 0 0 0 0 0 0 0 0 0 0 0 0 0 0 0 0 0 0 0 0 0 0 0 0 0 0 0 0 0 0 0 0 0 0 0 0 0 0 0 0 0 0 0 0 0 0 0 0 0 0 0 0 0 0 0 0 0 0 0 0 0 0 0 0 0 
0 0 0 0 0 0 0 0 0 0 0 0 0 0 0 0 0 0 0 0 0 0 0 0 0 0 0 0 0 0 0 0 0 0 0 0 0 0 0 0 0 0 0 0 0 0 0 0 0 0 0 0 0 0 0 0 0 0 0 0 0 0 0 0 0 0 0 0 0 0 0 0 0 0 0 0 0 0 0 0 0 0 0 0 0 0 0 0 0 0 0 0 0 0 0 0 0 0 0 0 
0 0 0 0 0 0 0 0 0 0 0 0 0 0 0 0 0 0 0 0 0 0 0 0 0 0 0 0 0 0 0 0 0 0 0 0 0 0 0 0 0 0 0 0 0 0 0 0 0 0 0 0 0 0 0 0 0 0 0 0 0 0 0 0 0 0 0 0 0 0 0 0 0 0 0 0 0 0 0 0 0 0 0 0 0 0 0 0 0 0 0 0 0 0 0 0 0 0 0 0 
0 0 0 0 0 0 0 0 0 0 0 0 0 0 0 0 0 0 0 0 0 0 0 0 0 0 0 0 0 0 0 0 0 0 0 0 0 0 0 0 0 0 0 0 0 0 0 0 0 0 0 0 0 0 0 0 0 0 0 0 0 0 0 0 0 0 0 0 0 0 0 0 0 0 0 0 0 0 0 0 0 0 0 0 0 0 0 0 0 0 0 0 0 0 0 0 0 0 0 0 
0 0 0 0 0 0 0 0 0 0 0 0 0 0 0 0 0 0 0 0 0 0 0 0 0 0 0 0 0 0 0 0 0 0 0 0 0 0 0 0 0 0 0 0 0 0 0 0 0 0 0 0 0 0 0 0 0 0 0 0 0 0 0 0 0 0 0 0 0 0 0 0 0 0 0 0 0 0 0 0 0 0 0 0 0 0 0 0 0 0 0 0 0 0 0 0 0 0 0 0 
0 0 0 0 0 0 0 0 0 0 0 0 0 0 0 0 0 0 0 0 0 0 0 0 0 0 0 0 0 0 0 0 0 0 0 0 0 0 0 0 0 0 0 0 0 0 0 0 0 0 0 0 0 0 0 0 0 0 0 0 0 0 0 0 0 0 0 0 0 0 0 0 0 0 0 0 0 0 0 0 0 0 0 0 0 0 0 0 0 0 0 0 0 0 0 0 0 0 0 0 
0 0 0 0 0 0 0 0 0 0 0 0 0 0 0 0 0 0 0 0 0 0 0 0 0 0 0 0 0 0 0 0 0 0 0 0 0 0 0 0 0 0 0 0 0 0 0 0 0 0 0 0 0 0 0 0 0 0 0 0 0 0 0 0 0 0 0 0 0 0 0 0 0 0 0 0 0 0 0 0 0 0 0 0 0 0 0 0 0 0 0 0 0 0 0 0 0 0 0 0 
0 0 0 0 0 0 0 0 0 0 0 0 0 0 0 0 0 0 0 0 0 0 0 0 0 0 0 0 0 0 0 0 0 0 0 0 0 0 0 0 0 0 0 0 0 0 0 0 0 0 0 0 0 0 0 0 0 0 0 0 0 0 0 0 0 0 0 0 0 0 0 0 0 0 0 0 0 0 0 0 0 0 0 0 0 0 0 0 0 0 0 0 0 0 0 0 0 0 0 0 
0 0 0 0 0 0 0 0 0 0 0 0 0 0 0 0 0 0 0 0 0 0 0 0 0 0 0 0 0 0 0 0 0 0 0 0 0 0 0 0 0 0 0 0 0 0 0 0 0 0 0 0 0 0 0 0 0 0 0 0 0 0 0 0 0 0 0 0 0 0 0 0 0 0 0 0 0 0 0 0 0 0 0 0 0 0 0 0 0 0 0 0 0 0 0 0 0 0 0 0 
0 0 0 0 0 0 0 0 0 0 0 0 0 0 0 0 0 0 0 0 0 0 0 0 0 0 0 0 0 0 0 0 0 0 0 0 0 0 0 0 0 0 0 0 0 0 0 0 0 0 0 0 0 0 0 0 0 0 0 0 0 0 0 0 0 0 0 0 0 0 0 0 0 0 0 0 0 0 0 0 0 0 0 0 0 0 0 0 0 0 0 0 0 0 0 0 0 0 0 0 
0 0 0 0 0 0 0 0 0 0 0 0 0 0 0 0 0 0 0 0 0 0 0 0 0 0 0 0 0 0 0 0 0 0 0 0 0 0 0 0 0 0 0 0 0 0 0 0 0 0 0 0 0 0 0 0 0 0 0 0 0 0 0 0 0 0 0 0 0 0 0 0 0 0 0 0 0 0 0 0 0 0 0 0 0 0 0 0 0 0 0 0 0 0 0 0 0 0 0 0 
0 0 0 0 0 0 0 0 0 0 0 0 0 0 0 0 0 0 0 0 0 0 0 0 0 0 0 0 0 0 0 0 0 0 0 0 0 0 0 0 0 0 0 0 0 0 0 0 0 0 0 0 0 0 0 0 0 0 0 0 0 0 0 0 0 0 0 0 0 0 0 0 0 0 0 0 0 0 0 0 0 0 0 0 0 0 0 0 0 0 0 0 0 0 0 0 0 0 0 0 
0 0 0 0 0 0 0 0 0 0 0 0 0 0 0 0 0 0 0 0 0 0 0 0 0 0 0 0 0 0 0 0 0 0 0 0 0 0 0 0 0 0 0 0 0 0 0 0 0 0 0 0 0 0 0 0 0 0 0 0 0 0 0 0 0 0 0 0 0 0 0 0 0 0 0 0 0 0 0 0 0 0 0 0 0 0 0 0 0 0 0 0 0 0 0 0 0 0 0 0 
0 0 0 0 0 0 0 0 0 0 0 0 0 0 0 0 0 0 0 0 0 0 0 0 0 0 0 0 0 0 0 0 0 0 0 0 0 0 0 0 0 0 0 0 0 0 0 0 0 0 0 0 0 0 0 0 0 0 0 0 0 0 0 0 0 0 0 0 0 0 0 0 0 0 0 0 0 0 0 0 0 0 0 0 0 0 0 0 0 0 0 0 0 0 0 0 0 0 0 0 
0 0 0 0 0 0 0 0 0 0 0 0 0 0 0 0 0 0 0 0 0 0 0 0 0 0 0 0 0 0 0 0 0 0 0 0 0 0 0 0 0 0 0 0 0 0 0 0 0 0 0 0 0 0 0 0 0 0 0 0 0 0 0 0 0 0 0 0 0 0 0 0 0 0 0 0 0 0 0 0 0 0 0 0 0 0 0 0 0 0 0 0 0 0 0 0 0 0 0 0 
0 0 0 0 0 0 0 0 0 0 0 0 0 0 0 0 0 0 0 0 0 0 0 0 0 0 0 0 0 0 0 0 0 0 0 0 0 0 0 0 0 0 0 0 0 0 0 0 0 0 0 0 0 0 0 0 0 0 0 0 0 0 0 0 0 0 0 0 0 0 0 0 0 0 0 0 0 0 0 0 0 0 0 0 0 0 0 0 0 0 0 0 0 0 0 0 0 0 0 0 
0 0 0 0 0 0 0 0 0 0 0 0 0 0 0 0 0 0 0 0 0 0 0 0 0 0 0 0 0 0 0 0 0 0 0 0 0 0 0 0 0 0 0 0 0 0 0 0 0 0 0 0 0 0 0 0 0 0 0 0 0 0 0 0 0 0 0 0 0 0 0 0 0 0 0 0 0 0 0 0 0 0 0 0 0 0 0 0 0 0 0 0 0 0 0 0 0 0 0 0 
0 0 0 0 0 0 0 0 0 0 0 0 0 0 0 0 0 0 0 0 0 0 0 0 0 0 0 0 0 0 0 0 0 0 0 0 0 0 0 0 0 0 0 0 0 0 0 0 0 0 0 0 0 0 0 0 0 0 0 0 0 0 0 0 0 0 0 0 0 0 0 0 0 0 0 0 0 0 0 0 0 0 0 0 0 0 0 0 0 0 0 0 0 0 0 0 0 0 0 0 
0 0 0 0 0 0 0 0 0 0 0 0 0 0 0 0 0 0 0 0 0 0 0 0 0 0 0 0 0 0 0 0 0 0 0 0 0 0 0 0 0 0 0 0 0 0 0 0 0 0 0 0 0 0 0 0 0 0 0 0 0 0 0 0 0 0 0 0 0 0 0 0 0 0 0 0 0 0 0 0 0 0 0 0 0 0 0 0 0 0 0 0 0 0 0 0 0 0 0 0 
0 0 0 0 0 0 0 0 0 0 0 0 0 0 0 0 0 0 0 0 0 0 0 0 0 0 0 0 0 0 0 0 0 0 0 0 0 0 0 0 0 0 0 0 0 0 0 0 0 0 0 0 0 0 0 0 0 0 0 0 0 0 0 0 0 0 0 0 0 0 0 0 0 0 0 0 0 0 0 0 0 0 0 0 0 0 0 0 0 0 0 0 0 0 0 0 0 0 0 0 
0 0 0 0 0 0 0 0 0 0 0 0 0 0 0 0 0 0 0 0 0 0 0 0 0 0 0 0 0 0 0 0 0 0 0 0 0 0 0 0 0 0 0 0 0 0 0 0 0 0 0 0 0 0 0 0 0 0 0 0 0 0 0 0 0 0 0 0 0 0 0 0 0 0 0 0 0 0 0 0 0 0 0 0 0 0 0 0 0 0 0 0 0 0 0 0 0 0 0 0 
0 0 0 0 0 0 0 0 0 0 0 0 0 0 0 0 0 0 0 0 0 0 0 0 0 0 0 0 0 0 0 0 0 0 0 0 0 0 0 0 0 0 0 0 0 0 0 0 0 0 0 0 0 0 0 0 0 0 0 0 0 0 0 0 0 0 0 0 0 0 0 0 0 0 0 0 0 0 0 0 0 0 0 0 0 0 0 0 0 0 0 0 0 0 0 0 0 0 0 0 
0 0 0 0 0 0 0 0 0 0 0 0 0 0 0 0 0 0 0 0 0 0 0 0 0 0 0 0 0 0 0 0 0 0 0 0 0 0 0 0 0 0 0 0 0 0 0 0 0 0 0 0 0 0 0 0 0 0 0 0 0 0 0 0 0 0 0 0 0 0 0 0 0 0 0 0 0 0 0 0 0 0 0 0 0 0 0 0 0 0 0 0 0 0 0 0 0 0 0 0 
0 0 0 0 0 0 0 0 0 0 0 0 0 0 0 0 0 0 0 0 0 0 0 0 0 0 0 0 0 0 0 0 0 0 0 0 0 0 0 0 0 0 0 0 0 0 0 0 0 0 0 0 0 0 0 0 0 0 0 0 0 0 0 0 0 0 0 0 0 0 0 0 0 0 0 0 0 0 0 0 0 0 0 0 0 0 0 0 0 0 0 0 0 0 0 0 0 0 0 0 
0 0 0 0 0 0 0 0 0 0 0 0 0 0 0 0 0 0 0 0 0 0 0 0 0 0 0 0 0 0 0 0 0 0 0 0 0 0 0 0 0 0 0 0 0 0 0 0 0 0 0 0 0 0 0 0 0 0 0 0 0 0 0 0 0 0 0 0 0 0 0 0 0 0 0 0 0 0 0 0 0 0 0 0 0 0 0 0 0 0 0 0 0 0 0 0 0 0 0 0 
0 0 0 0 0 0 0 0 0 0 0 0 0 0 0 0 0 0 0 0 0 0 0 0 0 0 0 0 0 0 0 0 0 0 0 0 0 0 0 0 0 0 0 0 0 0 0 0 0 0 0 0 0 0 0 0 0 0 0 0 0 0 0 0 0 0 0 0 0 0 0 0 0 0 0 0 0 0 0 0 0 0 0 0 0 0 0 0 0 0 0 0 0 0 0 0 0 0 0 0 
0 0 0 0 0 0 0 0 0 0 0 0 0 0 0 0 0 0 0 0 0 0 0 0 0 0 0 0 0 0 0 0 0 0 0 0 0 0 0 0 0 0 0 0 0 0 0 0 0 0 0 0 0 0 0 0 0 0 0 0 0 0 0 0 0 0 0 0 0 0 0 0 0 0 0 0 0 0 0 0 0 0 0 0 0 0 0 0 0 0 0 0 0 0 0 0 0 0 0 0 
0 0 0 0 0 0 0 0 0 0 0 0 0 0 0 0 0 0 0 0 0 0 0 0 0 0 0 0 0 0 0 0 0 0 0 0 0 0 0 0 0 0 0 0 0 0 0 0 0 0 0 0 0 0 0 0 0 0 0 0 0 0 0 0 0 0 0 0 0 0 0 0 0 0 0 0 0 0 0 0 0 0 0 0 0 0 0 0 0 0 0 0 0 0 0 0 0 0 0 0 
0 0 0 0 0 0 0 0 0 0 0 0 0 0 0 0 0 0 0 0 0 0 0 0 0 0 0 0 0 0 0 0 0 0 0 0 0 0 0 0 0 0 0 0 0 0 0 0 0 0 0 0 0 0 0 0 0 0 0 0 0 0 0 0 0 0 0 0 0 0 0 0 0 0 0 0 0 0 0 0 0 0 0 0 0 0 0 0 0 0 0 0 0 0 0 0 0 0 0 0 
0 0 0 0 0 0 0 0 0 0 0 0 0 0 0 0 0 0 0 0 0 0 0 0 0 0 0 0 0 0 0 0 0 0 0 0 0 0 0 0 0 0 0 0 0 0 0 0 0 0 0 0 0 0 0 0 0 0 0 0 0 0 0 0 0 0 0 0 0 0 0 0 0 0 0 0 0 0 0 0 0 0 0 0 0 0 0 0 0 0 0 0 0 0 0 0 0 0 0 0 
0 0 0 0 0 0 0 0 0 0 0 0 0 0 0 0 0 0 0 0 0 0 0 0 0 0 0 0 0 0 0 0 0 0 0 0 0 0 0 0 0 0 0 0 0 0 0 0 0 0 0 0 0 0 0 0 0 0 0 0 0 0 0 0 0 0 0 0 0 0 0 0 0 0 0 0 0 0 0 0 0 0 0 0 0 0 0 0 0 0 0 0 0 0 0 0 0 0 0 0 
0 0 0 0 0 0 0 0 0 0 0 0 0 0 0 0 0 0 0 0 0 0 0 0 0 0 0 0 0 0 0 0 0 0 0 0 0 0 0 0 0 0 0 0 0 0 0 0 0 0 0 0 0 0 0 0 0 0 0 0 0 0 0 0 0 0 0 0 0 0 0 0 0 0 0 0 0 0 0 0 0 0 0 0 0 0 0 0 0 0 0 0 0 0 0 0 0 0 0 0 
0 0 0 0 0 0 0 0 0 0 0 0 0 0 0 0 0 0 0 0 0 0 0 0 0 0 0 0 0 0 0 0 0 0 0 0 0 0 0 0 0 0 0 0 0 0 0 0 0 0 0 0 0 0 0 0 0 0 0 0 0 0 0 0 0 0 0 0 0 0 0 0 0 0 0 0 0 0 0 0 0 0 0 0 0 0 0 0 0 0 0 0 0 0 0 0 0 0 0 0 
0 0 0 0 0 0 0 0 0 0 0 0 0 0 0 0 0 0 0 0 0 0 0 0 0 0 0 0 0 0 0 0 0 0 0 0 0 0 0 0 0 0 0 0 0 0 0 0 0 0 0 0 0 0 0 0 0 0 0 0 0 0 0 0 0 0 0 0 0 0 0 0 0 0 0 0 0 0 0 0 0 0 0 0 0 0 0 0 0 0 0 0 0 0 0 0 0 0 0 0 
0 0 0 0 0 0 0 0 0 0 0 0 0 0 0 0 0 0 0 0 0 0 0 0 0 0 0 0 0 0 0 0 0 0 0 0 0 0 0 0 0 0 0 0 0 0 0 0 0 0 0 0 0 0 0 0 0 0 0 0 0 0 0 0 0 0 0 0 0 0 0 0 0 0 0 0 0 0 0 0 0 0 0 0 0 0 0 0 0 0 0 0 0 0 0 0 0 0 0 0 
0 0 0 0 0 0 0 0 0 0 0 0 0 0 0 0 0 0 0 0 0 0 0 0 0 0 0 0 0 0 0 0 0 0 0 0 0 0 0 0 0 0 0 0 0 0 0 0 0 0 0 0 0 0 0 0 0 0 0 0 0 0 0 0 0 0 0 0 0 0 0 0 0 0 0 0 0 0 0 0 0 0 0 0 0 0 0 0 0 0 0 0 0 0 0 0 0 0 0 0 
0 0 0 0 0 0 0 0 0 0 0 0 0 0 0 0 0 0 0 0 0 0 0 0 0 0 0 0 0 0 0 0 0 0 0 0 0 0 0 0 0 0 0 0 0 0 0 0 0 0 0 0 0 0 0 0 0 0 0 0 0 0 0 0 0 0 0 0 0 0 0 0 0 0 0 0 0 0 0 0 0 0 0 0 0 0 0 0 0 0 0 0 0 0 0 0 0 0 0 0 
0 0 0 0 0 0 0 0 0 0 0 0 0 0 0 0 0 0 0 0 0 0 0 0 0 0 0 0 0 0 0 0 0 0 0 0 0 0 0 0 0 0 0 0 0 0 0 0 0 0 0 0 0 0 0 0 0 0 0 0 0 0 0 0 0 0 0 0 0 0 0 0 0 0 0 0 0 0 0 0 0 0 0 0 0 0 0 0 0 0 0 0 0 0 0 0 0 0 0 0 

0 0 0 0 0 0 0 0 0 0 0 0 0 0 0 0 0 0 0 0 0 0 0 0 0 0 0 0 0 0 0 0 0 0 0 0 0 0 0 0 0 0 0 0 0 0 0 0 0 0 0 0 0 0 0 0 0 0 0 0 0 0 0 0 0 0 0 0 0 0 0 0 0 0 0 0 0 0 0 0 0 0 0 0 0 0 0 0 0 0 0 0 0 0 0 0 0 0 0 0 
14 2 200 201 0 0 14 2 202 203 0 0 14 2 204 205 0 0 14 2 206 207 0 0 14 2 208 209 0 0 14 2 210 211 0 0 14 2 212 213 0 0 14 2 214 215 0 0 14 2 216 217 0 0 14 2 218 219 0 0 14 2 220 221 0 0 14 2 222 223 0 0 14 2 224 225 0 0 14 2 226 227 0 0 14 2 228 229 0 0 14 2 230 231 0 0 14 2 232 233 0 0 14 2 234 235 0 0 14 2 236 237 0 0 14 2 238 239 0 0 14 2 240 241 0 0 14 2 242 243 0 0 14 2 244 245 0 0 14 2 246 247 0 0 14 2 248 249 0 0 14 2 250 251 0 0 14 2 252 253 0 0 14 2 254 255 0 0 14 2 256 257 0 0 14 2 258 259 0 0 14 2 260 261 0 0 14 2 262 263 0 0 14 2 264 265 0 0 14 2 266 267 0 0 14 2 268 269 0 0 14 2 270 271 0 0 14 2 272 273 0 0 14 2 274 275 0 0 14 2 276 277 0 0 14 2 278 279 0 0 14 2 280 281 0 0 14 2 282 283 0 0 14 2 284 285 0 0 14 2 286 287 0 0 14 2 288 289 0 0 14 2 290 291 0 0 14 2 292 293 0 0 14 2 294 295 0 0 14 2 296 297 0 0 14 2 298 299 0 0 14 2 300 301 0 0 14 2 302 303 0 0 14 2 304 305 0 0 14 2 306 307 0 0 14 2 308 309 0 0 14 2 310 311 0 0 14 2 312 313 0 0 14 2 314 315 0 0 14 2 316 317 0 0 14 2 318 319 0 0 14 2 320 321 0 0 14 2 322 323 0 0 14 2 324 325 0 0 14 2 326 327 0 0 14 2 328 329 0 0 14 2 330 331 0 0 14 2 332 333 0 0 14 2 334 335 0 0 14 2 336 337 0 0 14 2 338 339 0 0 14 2 340 341 0 0 14 2 342 343 0 0 14 2 344 345 0 0 14 2 346 347 0 0 14 2 348 349 0 0 14 2 350 351 0 0 14 2 352 353 0 0 14 2 354 355 0 0 14 2 356 357 0 0 14 2 358 359 0 0 14 2 360 361 0 0 14 2 362 363 0 0 14 2 364 365 0 0 14 2 366 367 0 0 14 2 368 369 0 0 14 2 370 371 0 0 14 2 372 373 0 0 14 2 374 375 0 0 14 2 376 377 0 0 14 2 378 379 0 0 14 2 380 381 0 0 14 2 382 383 0 0 14 2 384 385 0 0 14 2 386 387 0 0 14 2 388 389 0 0 14 2 390 391 0 0 14 2 392 393 0 0 14 2 394 395 0 0 14 2 396 397 0 0 14 2 398 399 0 0 
14 2 400 401 0 0 14 2 402 403 0 0 14 2 404 405 0 0 14 2 406 407 0 0 14 2 408 409 0 0 14 2 410 411 0 0 14 2 412 413 0 0 14 2 414 415 0 0 14 2 416 417 0 0 14 2 418 419 0 0 14 2 420 421 0 0 14 2 422 423 0 0 14 2 424 425 0 0 14 2 426 427 0 0 14 2 428 429 0 0 14 2 430 431 0 0 14 2 432 433 0 0 14 2 434 435 0 0 14 2 436 437 0 0 14 2 438 439 0 0 14 2 440 441 0 0 14 2 442 443 0 0 14 2 444 445 0 0 14 2 446 447 0 0 14 2 448 449 0 0 14 2 450 451 0 0 14 2 452 453 0 0 14 2 454 455 0 0 14 2 456 457 0 0 14 2 458 459 0 0 14 2 460 461 0 0 14 2 462 463 0 0 14 2 464 465 0 0 14 2 466 467 0 0 14 2 468 469 0 0 14 2 470 471 0 0 14 2 472 473 0 0 14 2 474 475 0 0 14 2 476 477 0 0 14 2 478 479 0 0 14 2 480 481 0 0 14 2 482 483 0 0 14 2 484 485 0 0 14 2 486 487 0 0 14 2 488 489 0 0 14 2 490 491 0 0 14 2 492 493 0 0 14 2 494 495 0 0 14 2 496 497 0 0 14 2 498 499 0 0 14 2 500 501 0 0 14 2 502 503 0 0 14 2 504 505 0 0 14 2 506 507 0 0 14 2 508 509 0 0 14 2 510 511 0 0 14 2 512 513 0 0 14 2 514 515 0 0 14 2 516 517 0 0 14 2 518 519 0 0 14 2 520 521 0 0 14 2 522 523 0 0 14 2 524 525 0 0 14 2 526 527 0 0 14 2 528 529 0 0 14 2 530 531 0 0 14 2 532 533 0 0 14 2 534 535 0 0 14 2 536 537 0 0 14 2 538 539 0 0 14 2 540 541 0 0 14 2 542 543 0 0 14 2 544 545 0 0 14 2 546 547 0 0 14 2 548 549 0 0 14 2 550 551 0 0 14 2 552 553 0 0 14 2 554 555 0 0 14 2 556 557 0 0 14 2 558 559 0 0 14 2 560 561 0 0 14 2 562 563 0 0 14 2 564 565 0 0 14 2 566 567 0 0 14 2 568 569 0 0 14 2 570 571 0 0 14 2 572 573 0 0 14 2 574 575 0 0 14 2 576 577 0 0 14 2 578 579 0 0 14 2 580 581 0 0 14 2 582 583 0 0 14 2 584 585 0 0 14 2 586 587 0 0 14 2 588 589 0 0 14 2 590 591 0 0 14 2 592 593 0 0 14 2 594 595 0 0 14 2 596 597 0 0 14 2 598 599 0 0 
14 2 600 601 0 0 14 2 602 603 0 0 14 2 604 605 0 0 14 2 606 607 0 0 14 2 608 609 0 0 14 2 610 611 0 0 14 2 612 613 0 0 14 2 614 615 0 0 14 2 616 617 0 0 14 2 618 619 0 0 14 2 620 621 0 0 14 2 622 623 0 0 14 2 624 625 0 0 14 2 626 627 0 0 14 2 628 629 0 0 14 2 630 631 0 0 14 2 632 633 0 0 14 2 634 635 0 0 14 2 636 637 0 0 14 2 638 639 0 0 14 2 640 641 0 0 14 2 642 643 0 0 14 2 644 645 0 0 14 2 646 647 0 0 14 2 648 649 0 0 14 2 650 651 0 0 14 2 652 653 0 0 14 2 654 655 0 0 14 2 656 657 0 0 14 2 658 659 0 0 14 2 660 661 0 0 14 2 662 663 0 0 14 2 664 665 0 0 14 2 666 667 0 0 14 2 668 669 0 0 14 2 670 671 0 0 14 2 672 673 0 0 14 2 674 675 0 0 14 2 676 677 0 0 14 2 678 679 0 0 14 2 680 681 0 0 14 2 682 683 0 0 14 2 684 685 0 0 14 2 686 687 0 0 14 2 688 689 0 0 14 2 690 691 0 0 14 2 692 693 0 0 14 2 694 695 0 0 14 2 696 697 0 0 14 2 698 699 0 0 14 2 700 701 0 0 14 2 702 703 0 0 14 2 704 705 0 0 14 2 706 707 0 0 14 2 708 709 0 0 14 2 710 711 0 0 14 2 712 713 0 0 14 2 714 715 0 0 14 2 716 717 0 0 14 2 718 719 0 0 14 2 720 721 0 0 14 2 722 723 0 0 14 2 724 725 0 0 14 2 726 727 0 0 14 2 728 729 0 0 14 2 730 731 0 0 14 2 732 733 0 0 14 2 734 735 0 0 14 2 736 737 0 0 14 2 738 739 0 0 14 2 740 741 0 0 14 2 742 743 0 0 14 2 744 745 0 0 14 2 746 747 0 0 14 2 748 749 0 0 14 2 750 751 0 0 14 2 752 753 0 0 14 2 754 755 0 0 14 2 756 757 0 0 14 2 758 759 0 0 14 2 760 761 0 0 14 2 762 763 0 0 14 2 764 765 0 0 14 2 766 767 0 0 14 2 768 769 0 0 14 2 770 771 0 0 14 2 772 773 0 0 14 2 774 775 0 0 14 2 776 777 0 0 14 2 778 779 0 0 14 2 780 781 0 0 14 2 782 783 0 0 14 2 784 785 0 0 14 2 786 787 0 0 14 2 788 789 0 0 14 2 790 791 0 0 14 2 792 793 0 0 14 2 794 795 0 0 14 2 796 797 0 0 14 2 798 799 0 0 
0 0 0 0 0 0 0 0 0 0 0 0 0 0 0 0 0 0 0 0 0 0 0 0 0 0 0 0 0 0 0 0 0 0 0 0 0 0 0 0 0 0 0 0 0 0 0 0 0 0 0 0 0 0 0 0 0 0 0 0 0 0 0 0 0 0 0 0 0 0 0 0 0 0 0 0 0 0 0 0 0 0 0 0 0 0 0 0 0 0 0 0 0 0 0 0 0 0 0 0 
0 0 0 0 0 0 0 0 0 0 0 0 0 0 0 0 0 0 0 0 0 0 0 0 0 0 0 0 0 0 0 0 0 0 0 0 0 0 0 0 0 0 0 0 0 0 0 0 0 0 0 0 0 0 0 0 0 0 0 0 0 0 0 0 0 0 0 0 0 0 0 0 0 0 0 0 0 0 0 0 0 0 0 0 0 0 0 0 0 0 0 0 0 0 0 0 0 0 0 0 
0 0 0 0 0 0 0 0 0 0 0 0 0 0 0 0 0 0 0 0 0 0 0 0 0 0 0 0 0 0 0 0 0 0 0 0 0 0 0 0 0 0 0 0 0 0 0 0 0 0 0 0 0 0 0 0 0 0 0 0 0 0 0 0 0 0 0 0 0 0 0 0 0 0 0 0 0 0 0 0 0 0 0 0 0 0 0 0 0 0 0 0 0 0 0 0 0 0 0 0 
0 0 0 0 0 0 0 0 0 0 0 0 0 0 0 0 0 0 0 0 0 0 0 0 0 0 0 0 0 0 0 0 0 0 0 0 0 0 0 0 0 0 0 0 0 0 0 0 0 0 0 0 0 0 0 0 0 0 0 0 0 0 0 0 0 0 0 0 0 0 0 0 0 0 0 0 0 0 0 0 0 0 0 0 0 0 0 0 0 0 0 0 0 0 0 0 0 0 0 0 
0 0 0 0 0 0 0 0 0 0 0 0 0 0 0 0 0 0 0 0 0 0 0 0 0 0 0 0 0 0 0 0 0 0 0 0 0 0 0 0 0 0 0 0 0 0 0 0 0 0 0 0 0 0 0 0 0 0 0 0 0 0 0 0 0 0 0 0 0 0 0 0 0 0 0 0 0 0 0 0 0 0 0 0 0 0 0 0 0 0 0 0 0 0 0 0 0 0 0 0 
0 0 0 0 0 0 0 0 0 0 0 0 0 0 0 0 0 0 0 0 0 0 0 0 0 0 0 0 0 0 0 0 0 0 0 0 0 0 0 0 0 0 0 0 0 0 0 0 0 0 0 0 0 0 0 0 0 0 0 0 0 0 0 0 0 0 0 0 0 0 0 0 0 0 0 0 0 0 0 0 0 0 0 0 0 0 0 0 0 0 0 0 0 0 0 0 0 0 0 0 
0 0 0 0 0 0 0 0 0 0 0 0 0 0 0 0 0 0 0 0 0 0 0 0 0 0 0 0 0 0 0 0 0 0 0 0 0 0 0 0 0 0 0 0 0 0 0 0 0 0 0 0 0 0 0 0 0 0 0 0 0 0 0 0 0 0 0 0 0 0 0 0 0 0 0 0 0 0 0 0 0 0 0 0 0 0 0 0 0 0 0 0 0 0 0 0 0 0 0 0 
0 0 0 0 0 0 0 0 0 0 0 0 0 0 0 0 0 0 0 0 0 0 0 0 0 0 0 0 0 0 0 0 0 0 0 0 0 0 0 0 0 0 0 0 0 0 0 0 0 0 0 0 0 0 0 0 0 0 0 0 0 0 0 0 0 0 0 0 0 0 0 0 0 0 0 0 0 0 0 0 0 0 0 0 0 0 0 0 0 0 0 0 0 0 0 0 0 0 0 0 
0 0 0 0 0 0 0 0 0 0 0 0 0 0 0 0 0 0 0 0 0 0 0 0 0 0 0 0 0 0 0 0 0 0 0 0 0 0 0 0 0 0 0 0 0 0 0 0 0 0 0 0 0 0 0 0 0 0 0 0 0 0 0 0 0 0 0 0 0 0 0 0 0 0 0 0 0 0 0 0 0 0 0 0 0 0 0 0 0 0 0 0 0 0 0 0 0 0 0 0 
0 0 0 0 0 0 0 0 0 0 0 0 0 0 0 0 0 0 0 0 0 0 0 0 0 0 0 0 0 0 0 0 0 0 0 0 0 0 0 0 0 0 0 0 0 0 0 0 0 0 0 0 0 0 0 0 0 0 0 0 0 0 0 0 0 0 0 0 0 0 0 0 0 0 0 0 0 0 0 0 0 0 0 0 0 0 0 0 0 0 0 0 0 0 0 0 0 0 0 0 
0 0 0 0 0 0 0 0 0 0 0 0 0 0 0 0 0 0 0 0 0 0 0 0 0 0 0 0 0 0 0 0 0 0 0 0 0 0 0 0 0 0 0 0 0 0 0 0 0 0 0 0 0 0 0 0 0 0 0 0 0 0 0 0 0 0 0 0 0 0 0 0 0 0 0 0 0 0 0 0 0 0 0 0 0 0 0 0 0 0 0 0 0 0 0 0 0 0 0 0 
0 0 0 0 0 0 0 0 0 0 0 0 0 0 0 0 0 0 0 0 0 0 0 0 0 0 0 0 0 0 0 0 0 0 0 0 0 0 0 0 0 0 0 0 0 0 0 0 0 0 0 0 0 0 0 0 0 0 0 0 0 0 0 0 0 0 0 0 0 0 0 0 0 0 0 0 0 0 0 0 0 0 0 0 0 0 0 0 0 0 0 0 0 0 0 0 0 0 0 0 
0 0 0 0 0 0 0 0 0 0 0 0 0 0 0 0 0 0 0 0 0 0 0 0 0 0 0 0 0 0 0 0 0 0 0 0 0 0 0 0 0 0 0 0 0 0 0 0 0 0 0 0 0 0 0 0 0 0 0 0 0 0 0 0 0 0 0 0 0 0 0 0 0 0 0 0 0 0 0 0 0 0 0 0 0 0 0 0 0 0 0 0 0 0 0 0 0 0 0 0 
0 0 0 0 0 0 0 0 0 0 0 0 0 0 0 0 0 0 0 0 0 0 0 0 0 0 0 0 0 0 0 0 0 0 0 0 0 0 0 0 0 0 0 0 0 0 0 0 0 0 0 0 0 0 0 0 0 0 0 0 0 0 0 0 0 0 0 0 0 0 0 0 0 0 0 0 0 0 0 0 0 0 0 0 0 0 0 0 0 0 0 0 0 0 0 0 0 0 0 0 
0 0 0 0 0 0 0 0 0 0 0 0 0 0 0 0 0 0 0 0 0 0 0 0 0 0 0 0 0 0 0 0 0 0 0 0 0 0 0 0 0 0 0 0 0 0 0 0 0 0 0 0 0 0 0 0 0 0 0 0 0 0 0 0 0 0 0 0 0 0 0 0 0 0 0 0 0 0 0 0 0 0 0 0 0 0 0 0 0 0 0 0 0 0 0 0 0 0 0 0 
0 0 0 0 0 0 0 0 0 0 0 0 0 0 0 0 0 0 0 0 0 0 0 0 0 0 0 0 0 0 0 0 0 0 0 0 0 0 0 0 0 0 0 0 0 0 0 0 0 0 0 0 0 0 0 0 0 0 0 0 0 0 0 0 0 0 0 0 0 0 0 0 0 0 0 0 0 0 0 0 0 0 0 0 0 0 0 0 0 0 0 0 0 0 0 0 0 0 0 0 
0 0 0 0 0 0 0 0 0 0 0 0 0 0 0 0 0 0 0 0 0 0 0 0 0 0 0 0 0 0 0 0 0 0 0 0 0 0 0 0 0 0 0 0 0 0 0 0 0 0 0 0 0 0 0 0 0 0 0 0 0 0 0 0 0 0 0 0 0 0 0 0 0 0 0 0 0 0 0 0 0 0 0 0 0 0 0 0 0 0 0 0 0 0 0 0 0 0 0 0 
0 0 0 0 0 0 0 0 0 0 0 0 0 0 0 0 0 0 0 0 0 0 0 0 0 0 0 0 0 0 0 0 0 0 0 0 0 0 0 0 0 0 0 0 0 0 0 0 0 0 0 0 0 0 0 0 0 0 0 0 0 0 0 0 0 0 0 0 0 0 0 0 0 0 0 0 0 0 0 0 0 0 0 0 0 0 0 0 0 0 0 0 0 0 0 0 0 0 0 0 
0 0 0 0 0 0 0 0 0 0 0 0 0 0 0 0 0 0 0 0 0 0 0 0 0 0 0 0 0 0 0 0 0 0 0 0 0 0 0 0 0 0 0 0 0 0 0 0 0 0 0 0 0 0 0 0 0 0 0 0 0 0 0 0 0 0 0 0 0 0 0 0 0 0 0 0 0 0 0 0 0 0 0 0 0 0 0 0 0 0 0 0 0 0 0 0 0 0 0 0 
0 0 0 0 0 0 0 0 0 0 0 0 0 0 0 0 0 0 0 0 0 0 0 0 0 0 0 0 0 0 0 0 0 0 0 0 0 0 0 0 0 0 0 0 0 0 0 0 0 0 0 0 0 0 0 0 0 0 0 0 0 0 0 0 0 0 0 0 0 0 0 0 0 0 0 0 0 0 0 0 0 0 0 0 0 0 0 0 0 0 0 0 0 0 0 0 0 0 0 0 
0 0 0 0 0 0 0 0 0 0 0 0 0 0 0 0 0 0 0 0 0 0 0 0 0 0 0 0 0 0 0 0 0 0 0 0 0 0 0 0 0 0 0 0 0 0 0 0 0 0 0 0 0 0 0 0 0 0 0 0 0 0 0 0 0 0 0 0 0 0 0 0 0 0 0 0 0 0 0 0 0 0 0 0 0 0 0 0 0 0 0 0 0 0 0 0 0 0 0 0 
0 0 0 0 0 0 0 0 0 0 0 0 0 0 0 0 0 0 0 0 0 0 0 0 0 0 0 0 0 0 0 0 0 0 0 0 0 0 0 0 0 0 0 0 0 0 0 0 0 0 0 0 0 0 0 0 0 0 0 0 0 0 0 0 0 0 0 0 0 0 0 0 0 0 0 0 0 0 0 0 0 0 0 0 0 0 0 0 0 0 0 0 0 0 0 0 0 0 0 0 
0 0 0 0 0 0 0 0 0 0 0 0 0 0 0 0 0 0 0 0 0 0 0 0 0 0 0 0 0 0 0 0 0 0 0 0 0 0 0 0 0 0 0 0 0 0 0 0 0 0 0 0 0 0 0 0 0 0 0 0 0 0 0 0 0 0 0 0 0 0 0 0 0 0 0 0 0 0 0 0 0 0 0 0 0 0 0 0 0 0 0 0 0 0 0 0 0 0 0 0 
0 0 0 0 0 0 0 0 0 0 0 0 0 0 0 0 0 0 0 0 0 0 0 0 0 0 0 0 0 0 0 0 0 0 0 0 0 0 0 0 0 0 0 0 0 0 0 0 0 0 0 0 0 0 0 0 0 0 0 0 0 0 0 0 0 0 0 0 0 0 0 0 0 0 0 0 0 0 0 0 0 0 0 0 0 0 0 0 0 0 0 0 0 0 0 0 0 0 0 0 
0 0 0 0 0 0 0 0 0 0 0 0 0 0 0 0 0 0 0 0 0 0 0 0 0 0 0 0 0 0 0 0 0 0 0 0 0 0 0 0 0 0 0 0 0 0 0 0 0 0 0 0 0 0 0 0 0 0 0 0 0 0 0 0 0 0 0 0 0 0 0 0 0 0 0 0 0 0 0 0 0 0 0 0 0 0 0 0 0 0 0 0 0 0 0 0 0 0 0 0 
0 0 0 0 0 0 0 0 0 0 0 0 0 0 0 0 0 0 0 0 0 0 0 0 0 0 0 0 0 0 0 0 0 0 0 0 0 0 0 0 0 0 0 0 0 0 0 0 0 0 0 0 0 0 0 0 0 0 0 0 0 0 0 0 0 0 0 0 0 0 0 0 0 0 0 0 0 0 0 0 0 0 0 0 0 0 0 0 0 0 0 0 0 0 0 0 0 0 0 0 
0 0 0 0 0 0 0 0 0 0 0 0 0 0 0 0 0 0 0 0 0 0 0 0 0 0 0 0 0 0 0 0 0 0 0 0 0 0 0 0 0 0 0 0 0 0 0 0 0 0 0 0 0 0 0 0 0 0 0 0 0 0 0 0 0 0 0 0 0 0 0 0 0 0 0 0 0 0 0 0 0 0 0 0 0 0 0 0 0 0 0 0 0 0 0 0 0 0 0 0 
0 0 0 0 0 0 0 0 0 0 0 0 0 0 0 0 0 0 0 0 0 0 0 0 0 0 0 0 0 0 0 0 0 0 0 0 0 0 0 0 0 0 0 0 0 0 0 0 0 0 0 0 0 0 0 0 0 0 0 0 0 0 0 0 0 0 0 0 0 0 0 0 0 0 0 0 0 0 0 0 0 0 0 0 0 0 0 0 0 0 0 0 0 0 0 0 0 0 0 0 
0 0 0 0 0 0 0 0 0 0 0 0 0 0 0 0 0 0 0 0 0 0 0 0 0 0 0 0 0 0 0 0 0 0 0 0 0 0 0 0 0 0 0 0 0 0 0 0 0 0 0 0 0 0 0 0 0 0 0 0 0 0 0 0 0 0 0 0 0 0 0 0 0 0 0 0 0 0 0 0 0 0 0 0 0 0 0 0 0 0 0 0 0 0 0 0 0 0 0 0 
0 0 0 0 0 0 0 0 0 0 0 0 0 0 0 0 0 0 0 0 0 0 0 0 0 0 0 0 0 0 0 0 0 0 0 0 0 0 0 0 0 0 0 0 0 0 0 0 0 0 0 0 0 0 0 0 0 0 0 0 0 0 0 0 0 0 0 0 0 0 0 0 0 0 0 0 0 0 0 0 0 0 0 0 0 0 0 0 0 0 0 0 0 0 0 0 0 0 0 0 
0 0 0 0 0 0 0 0 0 0 0 0 0 0 0 0 0 0 0 0 0 0 0 0 0 0 0 0 0 0 0 0 0 0 0 0 0 0 0 0 0 0 0 0 0 0 0 0 0 0 0 0 0 0 0 0 0 0 0 0 0 0 0 0 0 0 0 0 0 0 0 0 0 0 0 0 0 0 0 0 0 0 0 0 0 0 0 0 0 0 0 0 0 0 0 0 0 0 0 0 
0 0 0 0 0 0 0 0 0 0 0 0 0 0 0 0 0 0 0 0 0 0 0 0 0 0 0 0 0 0 0 0 0 0 0 0 0 0 0 0 0 0 0 0 0 0 0 0 0 0 0 0 0 0 0 0 0 0 0 0 0 0 0 0 0 0 0 0 0 0 0 0 0 0 0 0 0 0 0 0 0 0 0 0 0 0 0 0 0 0 0 0 0 0 0 0 0 0 0 0 
0 0 0 0 0 0 0 0 0 0 0 0 0 0 0 0 0 0 0 0 0 0 0 0 0 0 0 0 0 0 0 0 0 0 0 0 0 0 0 0 0 0 0 0 0 0 0 0 0 0 0 0 0 0 0 0 0 0 0 0 0 0 0 0 0 0 0 0 0 0 0 0 0 0 0 0 0 0 0 0 0 0 0 0 0 0 0 0 0 0 0 0 0 0 0 0 0 0 0 0 
0 0 0 0 0 0 0 0 0 0 0 0 0 0 0 0 0 0 0 0 0 0 0 0 0 0 0 0 0 0 0 0 0 0 0 0 0 0 0 0 0 0 0 0 0 0 0 0 0 0 0 0 0 0 0 0 0 0 0 0 0 0 0 0 0 0 0 0 0 0 0 0 0 0 0 0 0 0 0 0 0 0 0 0 0 0 0 0 0 0 0 0 0 0 0 0 0 0 0 0 
0 0 0 0 0 0 0 0 0 0 0 0 0 0 0 0 0 0 0 0 0 0 0 0 0 0 0 0 0 0 0 0 0 0 0 0 0 0 0 0 0 0 0 0 0 0 0 0 0 0 0 0 0 0 0 0 0 0 0 0 0 0 0 0 0 0 0 0 0 0 0 0 0 0 0 0 0 0 0 0 0 0 0 0 0 0 0 0 0 0 0 0 0 0 0 0 0 0 0 0 
0 0 0 0 0 0 0 0 0 0 0 0 0 0 0 0 0 0 0 0 0 0 0 0 0 0 0 0 0 0 0 0 0 0 0 0 0 0 0 0 0 0 0 0 0 0 0 0 0 0 0 0 0 0 0 0 0 0 0 0 0 0 0 0 0 0 0 0 0 0 0 0 0 0 0 0 0 0 0 0 0 0 0 0 0 0 0 0 0 0 0 0 0 0 0 0 0 0 0 0 
0 0 0 0 0 0 0 0 0 0 0 0 0 0 0 0 0 0 0 0 0 0 0 0 0 0 0 0 0 0 0 0 0 0 0 0 0 0 0 0 0 0 0 0 0 0 0 0 0 0 0 0 0 0 0 0 0 0 0 0 0 0 0 0 0 0 0 0 0 0 0 0 0 0 0 0 0 0 0 0 0 0 0 0 0 0 0 0 0 0 0 0 0 0 0 0 0 0 0 0 
0 0 0 0 0 0 0 0 0 0 0 0 0 0 0 0 0 0 0 0 0 0 0 0 0 0 0 0 0 0 0 0 0 0 0 0 0 0 0 0 0 0 0 0 0 0 0 0 0 0 0 0 0 0 0 0 0 0 0 0 0 0 0 0 0 0 0 0 0 0 0 0 0 0 0 0 0 0 0 0 0 0 0 0 0 0 0 0 0 0 0 0 0 0 0 0 0 0 0 0 
0 0 0 0 0 0 0 0 0 0 0 0 0 0 0 0 0 0 0 0 0 0 0 0 0 0 0 0 0 0 0 0 0 0 0 0 0 0 0 0 0 0 0 0 0 0 0 0 0 0 0 0 0 0 0 0 0 0 0 0 0 0 0 0 0 0 0 0 0 0 0 0 0 0 0 0 0 0 0 0 0 0 0 0 0 0 0 0 0 0 0 0 0 0 0 0 0 0 0 0 
0 0 0 0 0 0 0 0 0 0 0 0 0 0 0 0 0 0 0 0 0 0 0 0 0 0 0 0 0 0 0 0 0 0 0 0 0 0 0 0 0 0 0 0 0 0 0 0 0 0 0 0 0 0 0 0 0 0 0 0 0 0 0 0 0 0 0 0 0 0 0 0 0 0 0 0 0 0 0 0 0 0 0 0 0 0 0 0 0 0 0 0 0 0 0 0 0 0 0 0 
0 0 0 0 0 0 0 0 0 0 0 0 0 0 0 0 0 0 0 0 0 0 0 0 0 0 0 0 0 0 0 0 0 0 0 0 0 0 0 0 0 0 0 0 0 0 0 0 0 0 0 0 0 0 0 0 0 0 0 0 0 0 0 0 0 0 0 0 0 0 0 0 0 0 0 0 0 0 0 0 0 0 0 0 0 0 0 0 0 0 0 0 0 0 0 0 0 0 0 0 
0 0 0 0 0 0 0 0 0 0 0 0 0 0 0 0 0 0 0 0 0 0 0 0 0 0 0 0 0 0 0 0 0 0 0 0 0 0 0 0 0 0 0 0 0 0 0 0 0 0 0 0 0 0 0 0 0 0 0 0 0 0 0 0 0 0 0 0 0 0 0 0 0 0 0 0 0 0 0 0 0 0 0 0 0 0 0 0 0 0 0 0 0 0 0 0 0 0 0 0 
14 2 9200 9201 0 0 14 2 9202 9203 0 0 14 2 9204 9205 0 0 14 2 9206 9207 0 0 14 2 9208 9209 0 0 14 2 9210 9211 0 0 14 2 9212 9213 0 0 14 2 9214 9215 0 0 14 2 9216 9217 0 0 14 2 9218 9219 0 0 14 2 9220 9221 0 0 14 2 9222 9223 0 0 14 2 9224 9225 0 0 14 2 9226 9227 0 0 14 2 9228 9229 0 0 14 2 9230 9231 0 0 14 2 9232 9233 0 0 14 2 9234 9235 0 0 14 2 9236 9237 0 0 14 2 9238 9239 0 0 14 2 9240 9241 0 0 14 2 9242 9243 0 0 14 2 9244 9245 0 0 14 2 9246 9247 0 0 14 2 9248 9249 0 0 14 2 9250 9251 0 0 14 2 9252 9253 0 0 14 2 9254 9255 0 0 14 2 9256 9257 0 0 14 2 9258 9259 0 0 14 2 9260 9261 0 0 14 2 9262 9263 0 0 14 2 9264 9265 0 0 14 2 9266 9267 0 0 14 2 9268 9269 0 0 14 2 9270 9271 0 0 14 2 9272 9273 0 0 14 2 9274 9275 0 0 14 2 9276 9277 0 0 14 2 9278 9279 0 0 14 2 9280 9281 0 0 14 2 9282 9283 0 0 14 2 9284 9285 0 0 14 2 9286 9287 0 0 14 2 9288 9289 0 0 14 2 9290 9291 0 0 14 2 9292 9293 0 0 14 2 9294 9295 0 0 14 2 9296 9297 0 0 14 2 9298 9299 0 0 14 2 9300 9301 0 0 14 2 9302 9303 0 0 14 2 9304 9305 0 0 14 2 9306 9307 0 0 14 2 9308 9309 0 0 14 2 9310 9311 0 0 14 2 9312 9313 0 0 14 2 9314 9315 0 0 14 2 9316 9317 0 0 14 2 9318 9319 0 0 14 2 9320 9321 0 0 14 2 9322 9323 0 0 14 2 9324 9325 0 0 14 2 9326 9327 0 0 14 2 9328 9329 0 0 14 2 9330 9331 0 0 14 2 9332 9333 0 0 14 2 9334 9335 0 0 14 2 9336 9337 0 0 14 2 9338 9339 0 0 14 2 9340 9341 0 0 14 2 9342 9343 0 0 14 2 9344 9345 0 0 14 2 9346 9347 0 0 14 2 9348 9349 0 0 14 2 9350 9351 0 0 14 2 9352 9353 0 0 14 2 9354 9355 0 0 14 2 9356 9357 0 0 14 2 9358 9359 0 0 14 2 9360 9361 0 0 14 2 9362 9363 0 0 14 2 9364 9365 0 0 14 2 9366 9367 0 0 14 2 9368 9369 0 0 14 2 9370 9371 0 0 14 2 9372 9373 0 0 14 2 9374 9375 0 0 14 2 9376 9377 0 0 14 2 9378 9379 0 0 14 2 9380 9381 0 0 14 2 9382 9383 0 0 14 2 9384 9385 0 0 14 2 9386 9387 0 0 14 2 9388 9389 0 0 14 2 9390 9391 0 0 14 2 9392 9393 0 0 14 2 9394 9395 0 0 14 2 9396 9397 0 0 14 2 9398 9399 0 0 
14 2 9400 9401 0 0 14 2 9402 9403 0 0 14 2 9404 9405 0 0 14 2 9406 9407 0 0 14 2 9408 9409 0 0 14 2 9410 9411 0 0 14 2 9412 9413 0 0 14 2 9414 9415 0 0 14 2 9416 9417 0 0 14 2 9418 9419 0 0 14 2 9420 9421 0 0 14 2 9422 9423 0 0 14 2 9424 9425 0 0 14 2 9426 9427 0 0 14 2 9428 9429 0 0 14 2 9430 9431 0 0 14 2 9432 9433 0 0 14 2 9434 9435 0 0 14 2 9436 9437 0 0 14 2 9438 9439 0 0 14 2 9440 9441 0 0 14 2 9442 9443 0 0 14 2 9444 9445 0 0 14 2 9446 9447 0 0 14 2 9448 9449 0 0 14 2 9450 9451 0 0 14 2 9452 9453 0 0 14 2 9454 9455 0 0 14 2 9456 9457 0 0 14 2 9458 9459 0 0 14 2 9460 9461 0 0 14 2 9462 9463 0 0 14 2 9464 9465 0 0 14 2 9466 9467 0 0 14 2 9468 9469 0 0 14 2 9470 9471 0 0 14 2 9472 9473 0 0 14 2 9474 9475 0 0 14 2 9476 9477 0 0 14 2 9478 9479 0 0 14 2 9480 9481 0 0 14 2 9482 9483 0 0 14 2 9484 9485 0 0 14 2 9486 9487 0 0 14 2 9488 9489 0 0 14 2 9490 9491 0 0 14 2 9492 9493 0 0 14 2 9494 9495 0 0 14 2 9496 9497 0 0 14 2 9498 9499 0 0 14 2 9500 9501 0 0 14 2 9502 9503 0 0 14 2 9504 9505 0 0 14 2 9506 9507 0 0 14 2 9508 9509 0 0 14 2 9510 9511 0 0 14 2 9512 9513 0 0 14 2 9514 9515 0 0 14 2 9516 9517 0 0 14 2 9518 9519 0 0 14 2 9520 9521 0 0 14 2 9522 9523 0 0 14 2 9524 9525 0 0 14 2 9526 9527 0 0 14 2 9528 9529 0 0 14 2 9530 9531 0 0 14 2 9532 9533 0 0 14 2 9534 9535 0 0 14 2 9536 9537 0 0 14 2 9538 9539 0 0 14 2 9540 9541 0 0 14 2 9542 9543 0 0 14 2 9544 9545 0 0 14 2 9546 9547 0 0 14 2 9548 9549 0 0 14 2 9550 9551 0 0 14 2 9552 9553 0 0 14 2 9554 9555 0 0 14 2 9556 9557 0 0 14 2 9558 9559 0 0 14 2 9560 9561 0 0 14 2 9562 9563 0 0 14 2 9564 9565 0 0 14 2 9566 9567 0 0 14 2 9568 9569 0 0 14 2 9570 9571 0 0 14 2 9572 9573 0 0 14 2 9574 9575 0 0 14 2 9576 9577 0 0 14 2 9578 9579 0 0 14 2 9580 9581 0 0 14 2 9582 9583 0 0 14 2 9584 9585 0 0 14 2 9586 9587 0 0 14 2 9588 9589 0 0 14 2 9590 9591 0 0 14 2 9592 9593 0 0 14 2 9594 9595 0 0 14 2 9596 9597 0 0 14 2 9598 9599 0 0 
0 0 0 0 0 0 0 0 0 0 0 0 0 0 0 0 0 0 0 0 0 0 0 0 0 0 0 0 0 0 0 0 0 0 0 0 0 0 0 0 0 0 0 0 0 0 0 0 0 0 0 0 0 0 0 0 0 0 0 0 0 0 0 0 0 0 0 0 0 0 0 0 0 0 0 0 0 0 0 0 0 0 0 0 0 0 0 0 0 0 0 0 0 0 0 0 0 0 0 0 
0 0 0 0 0 0 0 0 0 0 0 0 0 0 0 0 0 0 0 0 0 0 0 0 0 0 0 0 0 0 0 0 0 0 0 0 0 0 0 0 0 0 0 0 0 0 0 0 0 0 0 0 0 0 0 0 0 0 0 0 0 0 0 0 0 0 0 0 0 0 0 0 0 0 0 0 0 0 0 0 0 0 0 0 0 0 0 0 0 0 0 0 0 0 0 0 0 0 0 0 
0 0 0 0 0 0 0 0 0 0 0 0 0 0 0 0 0 0 0 0 0 0 0 0 0 0 0 0 0 0 0 0 0 0 0 0 0 0 0 0 0 0 0 0 0 0 0 0 0 0 0 0 0 0 0 0 0 0 0 0 0 0 0 0 0 0 0 0 0 0 0 0 0 0 0 0 0 0 0 0 0 0 0 0 0 0 0 0 0 0 0 0 0 0 0 0 0 0 0 0 
0 0 0 0 0 0 0 0 0 0 0 0 0 0 0 0 0 0 0 0 0 0 0 0 0 0 0 0 0 0 0 0 0 0 0 0 0 0 0 0 0 0 0 0 0 0 0 0 0 0 0 0 0 0 0 0 0 0 0 0 0 0 0 0 0 0 0 0 0 0 0 0 0 0 0 0 0 0 0 0 0 0 0 0 0 0 0 0 0 0 0 0 0 0 0 0 0 0 0 0 
0 0 0 0 0 0 0 0 0 0 0 0 0 0 0 0 0 0 0 0 0 0 0 0 0 0 0 0 0 0 0 0 0 0 0 0 0 0 0 0 0 0 0 0 0 0 0 0 0 0 0 0 0 0 0 0 0 0 0 0 0 0 0 0 0 0 0 0 0 0 0 0 0 0 0 0 0 0 0 0 0 0 0 0 0 0 0 0 0 0 0 0 0 0 0 0 0 0 0 0 
0 0 0 0 0 0 0 0 0 0 0 0 0 0 0 0 0 0 0 0 0 0 0 0 0 0 0 0 0 0 0 0 0 0 0 0 0 0 0 0 0 0 0 0 0 0 0 0 0 0 0 0 0 0 0 0 0 0 0 0 0 0 0 0 0 0 0 0 0 0 0 0 0 0 0 0 0 0 0 0 0 0 0 0 0 0 0 0 0 0 0 0 0 0 0 0 0 0 0 0 
0 0 0 0 0 0 0 0 0 0 0 0 0 0 0 0 0 0 0 0 0 0 0 0 0 0 0 0 0 0 0 0 0 0 0 0 0 0 0 0 0 0 0 0 0 0 0 0 0 0 0 0 0 0 0 0 0 0 0 0 0 0 0 0 0 0 0 0 0 0 0 0 0 0 0 0 0 0 0 0 0 0 0 0 0 0 0 0 0 0 0 0 0 0 0 0 0 0 0 0 
0 0 0 0 0 0 0 0 0 0 0 0 0 0 0 0 0 0 0 0 0 0 0 0 0 0 0 0 0 0 0 0 0 0 0 0 0 0 0 0 0 0 0 0 0 0 0 0 0 0 0 0 0 0 0 0 0 0 0 0 0 0 0 0 0 0 0 0 0 0 0 0 0 0 0 0 0 0 0 0 0 0 0 0 0 0 0 0 0 0 0 0 0 0 0 0 0 0 0 0 
0 0 0 0 0 0 0 0 0 0 0 0 0 0 0 0 0 0 0 0 0 0 0 0 0 0 0 0 0 0 0 0 0 0 0 0 0 0 0 0 0 0 0 0 0 0 0 0 0 0 0 0 0 0 0 0 0 0 0 0 0 0 0 0 0 0 0 0 0 0 0 0 0 0 0 0 0 0 0 0 0 0 0 0 0 0 0 0 0 0 0 0 0 0 0 0 0 0 0 0 
0 0 0 0 0 0 0 0 0 0 0 0 0 0 0 0 0 0 0 0 0 0 0 0 0 0 0 0 0 0 0 0 0 0 0 0 0 0 0 0 0 0 0 0 0 0 0 0 0 0 0 0 0 0 0 0 0 0 0 0 0 0 0 0 0 0 0 0 0 0 0 0 0 0 0 0 0 0 0 0 0 0 0 0 0 0 0 0 0 0 0 0 0 0 0 0 0 0 0 0 
0 0 0 0 0 0 0 0 0 0 0 0 0 0 0 0 0 0 0 0 0 0 0 0 0 0 0 0 0 0 0 0 0 0 0 0 0 0 0 0 0 0 0 0 0 0 0 0 0 0 0 0 0 0 0 0 0 0 0 0 0 0 0 0 0 0 0 0 0 0 0 0 0 0 0 0 0 0 0 0 0 0 0 0 0 0 0 0 0 0 0 0 0 0 0 0 0 0 0 0 
0 0 0 0 0 0 0 0 0 0 0 0 0 0 0 0 0 0 0 0 0 0 0 0 0 0 0 0 0 0 0 0 0 0 0 0 0 0 0 0 0 0 0 0 0 0 0 0 0 0 0 0 0 0 0 0 0 0 0 0 0 0 0 0 0 0 0 0 0 0 0 0 0 0 0 0 0 0 0 0 0 0 0 0 0 0 0 0 0 0 0 0 0 0 0 0 0 0 0 0 
0 0 0 0 0 0 0 0 0 0 0 0 0 0 0 0 0 0 0 0 0 0 0 0 0 0 0 0 0 0 0 0 0 0 0 0 0 0 0 0 0 0 0 0 0 0 0 0 0 0 0 0 0 0 0 0 0 0 0 0 0 0 0 0 0 0 0 0 0 0 0 0 0 0 0 0 0 0 0 0 0 0 0 0 0 0 0 0 0 0 0 0 0 0 0 0 0 0 0 0 
0 0 0 0 0 0 0 0 0 0 0 0 0 0 0 0 0 0 0 0 0 0 0 0 0 0 0 0 0 0 0 0 0 0 0 0 0 0 0 0 0 0 0 0 0 0 0 0 0 0 0 0 0 0 0 0 0 0 0 0 0 0 0 0 0 0 0 0 0 0 0 0 0 0 0 0 0 0 0 0 0 0 0 0 0 0 0 0 0 0 0 0 0 0 0 0 0 0 0 0 
0 0 0 0 0 0 0 0 0 0 0 0 0 0 0 0 0 0 0 0 0 0 0 0 0 0 0 0 0 0 0 0 0 0 0 0 0 0 0 0 0 0 0 0 0 0 0 0 0 0 0 0 0 0 0 0 0 0 0 0 0 0 0 0 0 0 0 0 0 0 0 0 0 0 0 0 0 0 0 0 0 0 0 0 0 0 0 0 0 0 0 0 0 0 0 0 0 0 0 0 
0 0 0 0 0 0 0 0 0 0 0 0 0 0 0 0 0 0 0 0 0 0 0 0 0 0 0 0 0 0 0 0 0 0 0 0 0 0 0 0 0 0 0 0 0 0 0 0 0 0 0 0 0 0 0 0 0 0 0 0 0 0 0 0 0 0 0 0 0 0 0 0 0 0 0 0 0 0 0 0 0 0 0 0 0 0 0 0 0 0 0 0 0 0 0 0 0 0 0 0 
0 0 0 0 0 0 0 0 0 0 0 0 0 0 0 0 0 0 0 0 0 0 0 0 0 0 0 0 0 0 0 0 0 0 0 0 0 0 0 0 0 0 0 0 0 0 0 0 0 0 0 0 0 0 0 0 0 0 0 0 0 0 0 0 0 0 0 0 0 0 0 0 0 0 0 0 0 0 0 0 0 0 0 0 0 0 0 0 0 0 0 0 0 0 0 0 0 0 0 0 
0 0 0 0 0 0 0 0 0 0 0 0 0 0 0 0 0 0 0 0 0 0 0 0 0 0 0 0 0 0 0 0 0 0 0 0 0 0 0 0 0 0 0 0 0 0 0 0 0 0 0 0 0 0 0 0 0 0 0 0 0 0 0 0 0 0 0 0 0 0 0 0 0 0 0 0 0 0 0 0 0 0 0 0 0 0 0 0 0 0 0 0 0 0 0 0 0 0 0 0 
0 0 0 0 0 0 0 0 0 0 0 0 0 0 0 0 0 0 0 0 0 0 0 0 0 0 0 0 0 0 0 0 0 0 0 0 0 0 0 0 0 0 0 0 0 0 0 0 0 0 0 0 0 0 0 0 0 0 0 0 0 0 0 0 0 0 0 0 0 0 0 0 0 0 0 0 0 0 0 0 0 0 0 0 0 0 0 0 0 0 0 0 0 0 0 0 0 0 0 0 
0 0 0 0 0 0 0 0 0 0 0 0 0 0 0 0 0 0 0 0 0 0 0 0 0 0 0 0 0 0 0 0 0 0 0 0 0 0 0 0 0 0 0 0 0 0 0 0 0 0 0 0 0 0 0 0 0 0 0 0 0 0 0 0 0 0 0 0 0 0 0 0 0 0 0 0 0 0 0 0 0 0 0 0 0 0 0 0 0 0 0 0 0 0 0 0 0 0 0 0 
0 0 0 0 0 0 0 0 0 0 0 0 0 0 0 0 0 0 0 0 0 0 0 0 0 0 0 0 0 0 0 0 0 0 0 0 0 0 0 0 0 0 0 0 0 0 0 0 0 0 0 0 0 0 0 0 0 0 0 0 0 0 0 0 0 0 0 0 0 0 0 0 0 0 0 0 0 0 0 0 0 0 0 0 0 0 0 0 0 0 0 0 0 0 0 0 0 0 0 0 
0 0 0 0 0 0 0 0 0 0 0 0 0 0 0 0 0 0 0 0 0 0 0 0 0 0 0 0 0 0 0 0 0 0 0 0 0 0 0 0 0 0 0 0 0 0 0 0 0 0 0 0 0 0 0 0 0 0 0 0 0 0 0 0 0 0 0 0 0 0 0 0 0 0 0 0 0 0 0 0 0 0 0 0 0 0 0 0 0 0 0 0 0 0 0 0 0 0 0 0 
0 0 0 0 0 0 0 0 0 0 0 0 0 0 0 0 0 0 0 0 0 0 0 0 0 0 0 0 0 0 0 0 0 0 0 0 0 0 0 0 0 0 0 0 0 0 0 0 0 0 0 0 0 0 0 0 0 0 0 0 0 0 0 0 0 0 0 0 0 0 0 0 0 0 0 0 0 0 0 0 0 0 0 0 0 0 0 0 0 0 0 0 0 0 0 0 0 0 0 0 
0 0 0 0 0 0 0 0 0 0 0 0 0 0 0 0 0 0 0 0 0 0 0 0 0 0 0 0 0 0 0 0 0 0 0 0 0 0 0 0 0 0 0 0 0 0 0 0 0 0 0 0 0 0 0 0 0 0 0 0 0 0 0 0 0 0 0 0 0 0 0 0 0 0 0 0 0 0 0 0 0 0 0 0 0 0 0 0 0 0 0 0 0 0 0 0 0 0 0 0 
0 0 0 0 0 0 0 0 0 0 0 0 0 0 0 0 0 0 0 0 0 0 0 0 0 0 0 0 0 0 0 0 0 0 0 0 0 0 0 0 0 0 0 0 0 0 0 0 0 0 0 0 0 0 0 0 0 0 0 0 0 0 0 0 0 0 0 0 0 0 0 0 0 0 0 0 0 0 0 0 0 0 0 0 0 0 0 0 0 0 0 0 0 0 0 0 0 0 0 0 
0 0 0 0 0 0 0 0 0 0 0 0 0 0 0 0 0 0 0 0 0 0 0 0 0 0 0 0 0 0 0 0 0 0 0 0 0 0 0 0 0 0 0 0 0 0 0 0 0 0 0 0 0 0 0 0 0 0 0 0 0 0 0 0 0 0 0 0 0 0 0 0 0 0 0 0 0 0 0 0 0 0 0 0 0 0 0 0 0 0 0 0 0 0 0 0 0 0 0 0 
0 0 0 0 0 0 0 0 0 0 0 0 0 0 0 0 0 0 0 0 0 0 0 0 0 0 0 0 0 0 0 0 0 0 0 0 0 0 0 0 0 0 0 0 0 0 0 0 0 0 0 0 0 0 0 0 0 0 0 0 0 0 0 0 0 0 0 0 0 0 0 0 0 0 0 0 0 0 0 0 0 0 0 0 0 0 0 0 0 0 0 0 0 0 0 0 0 0 0 0 
0 0 0 0 0 0 0 0 0 0 0 0 0 0 0 0 0 0 0 0 0 0 0 0 0 0 0 0 0 0 0 0 0 0 0 0 0 0 0 0 0 0 0 0 0 0 0 0 0 0 0 0 0 0 0 0 0 0 0 0 0 0 0 0 0 0 0 0 0 0 0 0 0 0 0 0 0 0 0 0 0 0 0 0 0 0 0 0 0 0 0 0 0 0 0 0 0 0 0 0 
0 0 0 0 0 0 0 0 0 0 0 0 0 0 0 0 0 0 0 0 0 0 0 0 0 0 0 0 0 0 0 0 0 0 0 0 0 0 0 0 0 0 0 0 0 0 0 0 0 0 0 0 0 0 0 0 0 0 0 0 0 0 0 0 0 0 0 0 0 0 0 0 0 0 0 0 0 0 0 0 0 0 0 0 0 0 0 0 0 0 0 0 0 0 0 0 0 0 0 0 
0 0 0 0 0 0 0 0 0 0 0 0 0 0 0 0 0 0 0 0 0 0 0 0 0 0 0 0 0 0 0 0 0 0 0 0 0 0 0 0 0 0 0 0 0 0 0 0 0 0 0 0 0 0 0 0 0 0 0 0 0 0 0 0 0 0 0 0 0 0 0 0 0 0 0 0 0 0 0 0 0 0 0 0 0 0 0 0 0 0 0 0 0 0 0 0 0 0 0 0 
0 0 0 0 0 0 0 0 0 0 0 0 0 0 0 0 0 0 0 0 0 0 0 0 0 0 0 0 0 0 0 0 0 0 0 0 0 0 0 0 0 0 0 0 0 0 0 0 0 0 0 0 0 0 0 0 0 0 0 0 0 0 0 0 0 0 0 0 0 0 0 0 0 0 0 0 0 0 0 0 0 0 0 0 0 0 0 0 0 0 0 0 0 0 0 0 0 0 0 0 
0 0 0 0 0 0 0 0 0 0 0 0 0 0 0 0 0 0 0 0 0 0 0 0 0 0 0 0 0 0 0 0 0 0 0 0 0 0 0 0 0 0 0 0 0 0 0 0 0 0 0 0 0 0 0 0 0 0 0 0 0 0 0 0 0 0 0 0 0 0 0 0 0 0 0 0 0 0 0 0 0 0 0 0 0 0 0 0 0 0 0 0 0 0 0 0 0 0 0 0 
0 0 0 0 0 0 0 0 0 0 0 0 0 0 0 0 0 0 0 0 0 0 0 0 0 0 0 0 0 0 0 0 0 0 0 0 0 0 0 0 0 0 0 0 0 0 0 0 0 0 0 0 0 0 0 0 0 0 0 0 0 0 0 0 0 0 0 0 0 0 0 0 0 0 0 0 0 0 0 0 0 0 0 0 0 0 0 0 0 0 0 0 0 0 0 0 0 0 0 0 
0 0 0 0 0 0 0 0 0 0 0 0 0 0 0 0 0 0 0 0 0 0 0 0 0 0 0 0 0 0 0 0 0 0 0 0 0 0 0 0 0 0 0 0 0 0 0 0 0 0 0 0 0 0 0 0 0 0 0 0 0 0 0 0 0 0 0 0 0 0 0 0 0 0 0 0 0 0 0 0 0 0 0 0 0 0 0 0 0 0 0 0 0 0 0 0 0 0 0 0 
0 0 0 0 0 0 0 0 0 0 0 0 0 0 0 0 0 0 0 0 0 0 0 0 0 0 0 0 0 0 0 0 0 0 0 0 0 0 0 0 0 0 0 0 0 0 0 0 0 0 0 0 0 0 0 0 0 0 0 0 0 0 0 0 0 0 0 0 0 0 0 0 0 0 0 0 0 0 0 0 0 0 0 0 0 0 0 0 0 0 0 0 0 0 0 0 0 0 0 0 
0 0 0 0 0 0 0 0 0 0 0 0 0 0 0 0 0 0 0 0 0 0 0 0 0 0 0 0 0 0 0 0 0 0 0 0 0 0 0 0 0 0 0 0 0 0 0 0 0 0 0 0 0 0 0 0 0 0 0 0 0 0 0 0 0 0 0 0 0 0 0 0 0 0 0 0 0 0 0 0 0 0 0 0 0 0 0 0 0 0 0 0 0 0 0 0 0 0 0 0 
0 0 0 0 0 0 0 0 0 0 0 0 0 0 0 0 0 0 0 0 0 0 0 0 0 0 0 0 0 0 0 0 0 0 0 0 0 0 0 0 0 0 0 0 0 0 0 0 0 0 0 0 0 0 0 0 0 0 0 0 0 0 0 0 0 0 0 0 0 0 0 0 0 0 0 0 0 0 0 0 0 0 0 0 0 0 0 0 0 0 0 0 0 0 0 0 0 0 0 0 
0 0 0 0 0 0 0 0 0 0 0 0 0 0 0 0 0 0 0 0 0 0 0 0 0 0 0 0 0 0 0 0 0 0 0 0 0 0 0 0 0 0 0 0 0 0 0 0 0 0 0 0 0 0 0 0 0 0 0 0 0 0 0 0 0 0 0 0 0 0 0 0 0 0 0 0 0 0 0 0 0 0 0 0 0 0 0 0 0 0 0 0 0 0 0 0 0 0 0 0 
0 0 0 0 0 0 0 0 0 0 0 0 0 0 0 0 0 0 0 0 0 0 0 0 0 0 0 0 0 0 0 0 0 0 0 0 0 0 0 0 0 0 0 0 0 0 0 0 0 0 0 0 0 0 0 0 0 0 0 0 0 0 0 0 0 0 0 0 0 0 0 0 0 0 0 0 0 0 0 0 0 0 0 0 0 0 0 0 0 0 0 0 0 0 0 0 0 0 0 0 
0 0 0 0 0 0 0 0 0 0 0 0 0 0 0 0 0 0 0 0 0 0 0 0 0 0 0 0 0 0 0 0 0 0 0 0 0 0 0 0 0 0 0 0 0 0 0 0 0 0 0 0 0 0 0 0 0 0 0 0 0 0 0 0 0 0 0 0 0 0 0 0 0 0 0 0 0 0 0 0 0 0 0 0 0 0 0 0 0 0 0 0 0 0 0 0 0 0 0 0 
0 0 0 0 0 0 0 0 0 0 0 0 0 0 0 0 0 0 0 0 0 0 0 0 0 0 0 0 0 0 0 0 0 0 0 0 0 0 0 0 0 0 0 0 0 0 0 0 0 0 0 0 0 0 0 0 0 0 0 0 0 0 0 0 0 0 0 0 0 0 0 0 0 0 0 0 0 0 0 0 0 0 0 0 0 0 0 0 0 0 0 0 0 0 0 0 0 0 0 0 
0 0 0 0 0 0 0 0 0 0 0 0 0 0 0 0 0 0 0 0 0 0 0 0 0 0 0 0 0 0 0 0 0 0 0 0 0 0 0 0 0 0 0 0 0 0 0 0 0 0 0 0 0 0 0 0 0 0 0 0 0 0 0 0 0 0 0 0 0 0 0 0 0 0 0 0 0 0 0 0 0 0 0 0 0 0 0 0 0 0 0 0 0 0 0 0 0 0 0 0 
0 0 0 0 0 0 0 0 0 0 0 0 0 0 0 0 0 0 0 0 0 0 0 0 0 0 0 0 0 0 0 0 0 0 0 0 0 0 0 0 0 0 0 0 0 0 0 0 0 0 0 0 0 0 0 0 0 0 0 0 0 0 0 0 0 0 0 0 0 0 0 0 0 0 0 0 0 0 0 0 0 0 0 0 0 0 0 0 0 0 0 0 0 0 0 0 0 0 0 0 
0 0 0 0 0 0 0 0 0 0 0 0 0 0 0 0 0 0 0 0 0 0 0 0 0 0 0 0 0 0 0 0 0 0 0 0 0 0 0 0 0 0 0 0 0 0 0 0 0 0 0 0 0 0 0 0 0 0 0 0 0 0 0 0 0 0 0 0 0 0 0 0 0 0 0 0 0 0 0 0 0 0 0 0 0 0 0 0 0 0 0 0 0 0 0 0 0 0 0 0 
0 0 0 0 0 0 0 0 0 0 0 0 0 0 0 0 0 0 0 0 0 0 0 0 0 0 0 0 0 0 0 0 0 0 0 0 0 0 0 0 0 0 0 0 0 0 0 0 0 0 0 0 0 0 0 0 0 0 0 0 0 0 0 0 0 0 0 0 0 0 0 0 0 0 0 0 0 0 0 0 0 0 0 0 0 0 0 0 0 0 0 0 0 0 0 0 0 0 0 0 
0 0 0 0 0 0 0 0 0 0 0 0 0 0 0 0 0 0 0 0 0 0 0 0 0 0 0 0 0 0 0 0 0 0 0 0 0 0 0 0 0 0 0 0 0 0 0 0 0 0 0 0 0 0 0 0 0 0 0 0 0 0 0 0 0 0 0 0 0 0 0 0 0 0 0 0 0 0 0 0 0 0 0 0 0 0 0 0 0 0 0 0 0 0 0 0 0 0 0 0 
0 0 0 0 0 0 0 0 0 0 0 0 0 0 0 0 0 0 0 0 0 0 0 0 0 0 0 0 0 0 0 0 0 0 0 0 0 0 0 0 0 0 0 0 0 0 0 0 0 0 0 0 0 0 0 0 0 0 0 0 0 0 0 0 0 0 0 0 0 0 0 0 0 0 0 0 0 0 0 0 0 0 0 0 0 0 0 0 0 0 0 0 0 0 0 0 0 0 0 0 
0 0 0 0 0 0 0 0 0 0 0 0 0 0 0 0 0 0 0 0 0 0 0 0 0 0 0 0 0 0 0 0 0 0 0 0 0 0 0 0 0 0 0 0 0 0 0 0 0 0 0 0 0 0 0 0 0 0 0 0 0 0 0 0 0 0 0 0 0 0 0 0 0 0 0 0 0 0 0 0 0 0 0 0 0 0 0 0 0 0 0 0 0 0 0 0 0 0 0 0 
0 0 0 0 0 0 0 0 0 0 0 0 0 0 0 0 0 0 0 0 0 0 0 0 0 0 0 0 0 0 0 0 0 0 0 0 0 0 0 0 0 0 0 0 0 0 0 0 0 0 0 0 0 0 0 0 0 0 0 0 0 0 0 0 0 0 0 0 0 0 0 0 0 0 0 0 0 0 0 0 0 0 0 0 0 0 0 0 0 0 0 0 0 0 0 0 0 0 0 0 
0 0 0 0 0 0 0 0 0 0 0 0 0 0 0 0 0 0 0 0 0 0 0 0 0 0 0 0 0 0 0 0 0 0 0 0 0 0 0 0 0 0 0 0 0 0 0 0 0 0 0 0 0 0 0 0 0 0 0 0 0 0 0 0 0 0 0 0 0 0 0 0 0 0 0 0 0 0 0 0 0 0 0 0 0 0 0 0 0 0 0 0 0 0 0 0 0 0 0 0 
0 0 0 0 0 0 0 0 0 0 0 0 0 0 0 0 0 0 0 0 0 0 0 0 0 0 0 0 0 0 0 0 0 0 0 0 0 0 0 0 0 0 0 0 0 0 0 0 0 0 0 0 0 0 0 0 0 0 0 0 0 0 0 0 0 0 0 0 0 0 0 0 0 0 0 0 0 0 0 0 0 0 0 0 0 0 0 0 0 0 0 0 0 0 0 0 0 0 0 0 
0 0 0 0 0 0 0 0 0 0 0 0 0 0 0 0 0 0 0 0 0 0 0 0 0 0 0 0 0 0 0 0 0 0 0 0 0 0 0 0 0 0 0 0 0 0 0 0 0 0 0 0 0 0 0 0 0 0 0 0 0 0 0 0 0 0 0 0 0 0 0 0 0 0 0 0 0 0 0 0 0 0 0 0 0 0 0 0 0 0 0 0 0 0 0 0 0 0 0 0 

0 0 0 0 0 0 0 0 0 0 0 0 0 0 0 0 0 0 0 0 0 0 0 0 0 0 0 0 0 0 0 0 0 0 0 0 0 0 0 0 0 0 0 0 0 0 0 0 0 0 0 0 0 0 0 0 0 0 0 0 0 0 0 0 0 0 0 0 0 0 0 0 0 0 0 0 0 0 0 0 0 0 0 0 0 0 0 0 0 0 0 0 0 0 0 0 0 0 0 0 
0 0 0 0 0 0 0 0 0 0 0 0 0 0 0 0 0 0 0 0 0 0 0 0 0 0 0 0 0 0 0 0 0 0 0 0 0 0 0 0 0 0 0 0 0 0 0 0 0 0 0 0 0 0 0 0 0 0 0 0 0 0 0 0 0 0 0 0 0 0 0 0 0 0 0 0 0 0 0 0 0 0 0 0 0 0 0 0 0 0 0 0 0 0 0 0 0 0 0 0 
0 0 0 0 0 0 0 0 0 0 0 0 0 0 0 0 0 0 0 0 0 0 0 0 0 0 0 0 0 0 0 0 0 0 0 0 0 0 0 0 0 0 0 0 0 0 0 0 0 0 0 0 0 0 0 0 0 0 0 0 0 0 0 0 0 0 0 0 0 0 0 0 0 0 0 0 0 0 0 0 0 0 0 0 0 0 0 0 0 0 0 0 0 0 0 0 0 0 0 0 
14 2 600 601 0 0 14 2 602 603 0 0 14 2 604 605 0 0 14 2 606 607 0 0 14 2 608 609 0 0 14 2 610 611 0 0 14 2 612 613 0 0 14 2 614 615 0 0 14 2 616 617 0 0 14 2 618 619 0 0 14 2 620 621 0 0 14 2 622 623 0 0 14 2 624 625 0 0 14 2 626 627 0 0 14 2 628 629 0 0 14 2 630 631 0 0 14 2 632 633 0 0 14 2 634 635 0 0 14 2 636 637 0 0 14 2 638 639 0 0 14 2 640 641 0 0 14 2 642 643 0 0 14 2 644 645 0 0 14 2 646 647 0 0 14 2 648 649 0 0 14 2 650 651 0 0 14 2 652 653 0 0 14 2 654 655 0 0 14 2 656 657 0 0 14 2 658 659 0 0 14 2 660 661 0 0 14 2 662 663 0 0 14 2 664 665 0 0 14 2 666 667 0 0 14 2 668 669 0 0 14 2 670 671 0 0 14 2 672 673 0 0 14 2 674 675 0 0 14 2 676 677 0 0 14 2 678 679 0 0 14 2 680 681 0 0 14 2 682 683 0 0 14 2 684 685 0 0 14 2 686 687 0 0 14 2 688 689 0 0 14 2 690 691 0 0 14 2 692 693 0 0 14 2 694 695 0 0 14 2 696 697 0 0 14 2 698 699 0 0 14 2 700 701 0 0 14 2 702 703 0 0 14 2 704 705 0 0 14 2 706 707 0 0 14 2 708 709 0 0 14 2 710 711 0 0 14 2 712 713 0 0 14 2 714 715 0 0 14 2 716 717 0 0 14 2 718 719 0 0 14 2 720 721 0 0 14 2 722 723 0 0 14 2 724 725 0 0 14 2 726 727 0 0 14 2 728 729 0 0 14 2 730 731 0 0 14 2 732 733 0 0 14 2 734 735 0 0 14 2 736 737 0 0 14 2 738 739 0 0 14 2 740 741 0 0 14 2 742 743 0 0 14 2 744 745 0 0 14 2 746 747 0 0 14 2 748 749 0 0 14 2 750 751 0 0 14 2 752 753 0 0 14 2 754 755 0 0 14 2 756 757 0 0 14 2 758 759 0 0 14 2 760 761 0 0 14 2 762 763 0 0 14 2 764 765 0 0 14 2 766 767 0 0 14 2 768 769 0 0 14 2 770 771 0 0 14 2 772 773 0 0 14 2 774 775 0 0 14 2 776 777 0 0 14 2 778 779 0 0 14 2 780 781 0 0 14 2 782 783 0 0 14 2 784 785 0 0 14 2 786 787 0 0 14 2 788 789 0 0 14 2 790 791 0 0 14 2 792 793 0 0 14 2 794 795 0 0 14 2 796 797 0 0 14 2 798 799 0 0 
14 2 800 801 0 0 14 2 802 803 0 0 14 2 804 805 0 0 14 2 806 807 0 0 14 2 808 809 0 0 14 2 810 811 0 0 14 2 812 813 0 0 14 2 814 815 0 0 14 2 816 817 0 0 14 2 818 819 0 0 14 2 820 821 0 0 14 2 822 823 0 0 14 2 824 825 0 0 14 2 826 827 0 0 14 2 828 829 0 0 14 2 830 831 0 0 14 2 832 833 0 0 14 2 834 835 0 0 14 2 836 837 0 0 14 2 838 839 0 0 14 2 840 841 0 0 14 2 842 843 0 0 14 2 844 845 0 0 14 2 846 847 0 0 14 2 848 849 0 0 14 2 850 851 0 0 14 2 852 853 0 0 14 2 854 855 0 0 14 2 856 857 0 0 14 2 858 859 0 0 14 2 860 861 0 0 14 2 862 863 0 0 14 2 864 865 0 0 14 2 866 867 0 0 14 2 868 869 0 0 14 2 870 871 0 0 14 2 872 873 0 0 14 2 874 875 0 0 14 2 876 877 0 0 14 2 878 879 0 0 14 2 880 881 0 0 14 2 882 883 0 0 14 2 884 885 0 0 14 2 886 887 0 0 14 2 888 889 0 0 14 2 890 891 0 0 14 2 892 893 0 0 14 2 894 895 0 0 14 2 896 897 0 0 14 2 898 899 0 0 14 2 900 901 0 0 14 2 902 903 0 0 14 2 904 905 0 0 14 2 906 907 0 0 14 2 908 909 0 0 14 2 910 911 0 0 14 2 912 913 0 0 14 2 914 915 0 0 14 2 916 917 0 0 14 2 918 919 0 0 14 2 920 921 0 0 14 2 922 923 0 0 14 2 924 925 0 0 14 2 926 927 0 0 14 2 928 929 0 0 14 2 930 931 0 0 14 2 932 933 0 0 14 2 934 935 0 0 14 2 936 937 0 0 14 2 938 939 0 0 14 2 940 941 0 0 14 2 942 943 0 0 14 2 944 945 0 0 14 2 946 947 0 0 14 2 948 949 0 0 14 2 950 951 0 0 14 2 952 953 0 0 14 2 954 955 0 0 14 2 956 957 0 0 14 2 958 959 0 0 14 2 960 961 0 0 14 2 962 963 0 0 14 2 964 965 0 0 14 2 966 967 0 0 14 2 968 969 0 0 14 2 970 971 0 0 14 2 972 973 0 0 14 2 974 975 0 0 14 2 976 977 0 0 14 2 978 979 0 0 14 2 980 981 0 0 14 2 982 983 0 0 14 2 984 985 0 0 14 2 986 987 0 0 14 2 988 989 0 0 14 2 990 991 0 0 14 2 992 993 0 0 14 2 994 995 0 0 14 2 996 997 0 0 14 2 998 999 0 0 
0 0 0 0 0 0 0 0 0 0 0 0 0 0 0 0 0 0 0 0 0 0 0 0 0 0 0 0 0 0 0 0 0 0 0 0 0 0 0 0 0 0 0 0 0 0 0 0 0 0 0 0 0 0 0 0 0 0 0 0 0 0 0 0 0 0 0 0 0 0 0 0 0 0 0 0 0 0 0 0 0 0 0 0 0 0 0 0 0 0 0 0 0 0 0 0 0 0 0 0 
0 0 0 0 0 0 0 0 0 0 0 0 0 0 0 0 0 0 0 0 0 0 0 0 0 0 0 0 0 0 0 0 0 0 0 0 0 0 0 0 0 0 0 0 0 0 0 0 0 0 0 0 0 0 0 0 0 0 0 0 0 0 0 0 0 0 0 0 0 0 0 0 0 0 0 0 0 0 0 0 0 0 0 0 0 0 0 0 0 0 0 0 0 0 0 0 0 0 0 0 
0 0 0 0 0 0 0 0 0 0 0 0 0 0 0 0 0 0 0 0 0 0 0 0 0 0 0 0 0 0 0 0 0 0 0 0 0 0 0 0 0 0 0 0 0 0 0 0 0 0 0 0 0 0 0 0 0 0 0 0 0 0 0 0 0 0 0 0 0 0 0 0 0 0 0 0 0 0 0 0 0 0 0 0 0 0 0 0 0 0 0 0 0 0 0 0 0 0 0 0 
0 0 0 0 0 0 0 0 0 0 0 0 0 0 0 0 0 0 0 0 0 0 0 0 0 0 0 0 0 0 0 0 0 0 0 0 0 0 0 0 0 0 0 0 0 0 0 0 0 0 0 0 0 0 0 0 0 0 0 0 0 0 0 0 0 0 0 0 0 0 0 0 0 0 0 0 0 0 0 0 0 0 0 0 0 0 0 0 0 0 0 0 0 0 0 0 0 0 0 0 
0 0 0 0 0 0 0 0 0 0 0 0 0 0 0 0 0 0 0 0 0 0 0 0 0 0 0 0 0 0 0 0 0 0 0 0 0 0 0 0 0 0 0 0 0 0 0 0 0 0 0 0 0 0 0 0 0 0 0 0 0 0 0 0 0 0 0 0 0 0 0 0 0 0 0 0 0 0 0 0 0 0 0 0 0 0 0 0 0 0 0 0 0 0 0 0 0 0 0 0 
0 0 0 0 0 0 0 0 0 0 0 0 0 0 0 0 0 0 0 0 0 0 0 0 0 0 0 0 0 0 0 0 0 0 0 0 0 0 0 0 0 0 0 0 0 0 0 0 0 0 0 0 0 0 0 0 0 0 0 0 0 0 0 0 0 0 0 0 0 0 0 0 0 0 0 0 0 0 0 0 0 0 0 0 0 0 0 0 0 0 0 0 0 0 0 0 0 0 0 0 
0 0 0 0 0 0 0 0 0 0 0 0 0 0 0 0 0 0 0 0 0 0 0 0 0 0 0 0 0 0 0 0 0 0 0 0 0 0 0 0 0 0 0 0 0 0 0 0 0 0 0 0 0 0 0 0 0 0 0 0 0 0 0 0 0 0 0 0 0 0 0 0 0 0 0 0 0 0 0 0 0 0 0 0 0 0 0 0 0 0 0 0 0 0 0 0 0 0 0 0 
0 0 0 0 0 0 0 0 0 0 0 0 0 0 0 0 0 0 0 0 0 0 0 0 0 0 0 0 0 0 0 0 0 0 0 0 0 0 0 0 0 0 0 0 0 0 0 0 0 0 0 0 0 0 0 0 0 0 0 0 0 0 0 0 0 0 0 0 0 0 0 0 0 0 0 0 0 0 0 0 0 0 0 0 0 0 0 0 0 0 0 0 0 0 0 0 0 0 0 0 
0 0 0 0 0 0 0 0 0 0 0 0 0 0 0 0 0 0 0 0 0 0 0 0 0 0 0 0 0 0 0 0 0 0 0 0 0 0 0 0 0 0 0 0 0 0 0 0 0 0 0 0 0 0 0 0 0 0 0 0 0 0 0 0 0 0 0 0 0 0 0 0 0 0 0 0 0 0 0 0 0 0 0 0 0 0 0 0 0 0 0 0 0 0 0 0 0 0 0 0 
0 0 0 0 0 0 0 0 0 0 0 0 0 0 0 0 0 0 0 0 0 0 0 0 0 0 0 0 0 0 0 0 0 0 0 0 0 0 0 0 0 0 0 0 0 0 0 0 0 0 0 0 0 0 0 0 0 0 0 0 0 0 0 0 0 0 0 0 0 0 0 0 0 0 0 0 0 0 0 0 0 0 0 0 0 0 0 0 0 0 0 0 0 0 0 0 0 0 0 0 
0 0 0 0 0 0 0 0 0 0 0 0 0 0 0 0 0 0 0 0 0 0 0 0 0 0 0 0 0 0 0 0 0 0 0 0 0 0 0 0 0 0 0 0 0 0 0 0 0 0 0 0 0 0 0 0 0 0 0 0 0 0 0 0 0 0 0 0 0 0 0 0 0 0 0 0 0 0 0 0 0 0 0 0 0 0 0 0 0 0 0 0 0 0 0 0 0 0 0 0 
0 0 0 0 0 0 0 0 0 0 0 0 0 0 0 0 0 0 0 0 0 0 0 0 0 0 0 0 0 0 0 0 0 0 0 0 0 0 0 0 0 0 0 0 0 0 0 0 0 0 0 0 0 0 0 0 0 0 0 0 0 0 0 0 0 0 0 0 0 0 0 0 0 0 0 0 0 0 0 0 0 0 0 0 0 0 0 0 0 0 0 0 0 0 0 0 0 0 0 0 
0 0 0 0 0 0 0 0 0 0 0 0 0 0 0 0 0 0 0 0 0 0 0 0 0 0 0 0 0 0 0 0 0 0 0 0 0 0 0 0 0 0 0 0 0 0 0 0 0 0 0 0 0 0 0 0 0 0 0 0 0 0 0 0 0 0 0 0 0 0 0 0 0 0 0 0 0 0 0 0 0 0 0 0 0 0 0 0 0 0 0 0 0 0 0 0 0 0 0 0 
0 0 0 0 0 0 0 0 0 0 0 0 0 0 0 0 0 0 0 0 0 0 0 0 0 0 0 0 0 0 0 0 0 0 0 0 0 0 0 0 0 0 0 0 0 0 0 0 0 0 0 0 0 0 0 0 0 0 0 0 0 0 0 0 0 0 0 0 0 0 0 0 0 0 0 0 0 0 0 0 0 0 0 0 0 0 0 0 0 0 0 0 0 0 0 0 0 0 0 0 
0 0 0 0 0 0 0 0 0 0 0 0 0 0 0 0 0 0 0 0 0 0 0 0 0 0 0 0 0 0 0 0 0 0 0 0 0 0 0 0 0 0 0 0 0 0 0 0 0 0 0 0 0 0 0 0 0 0 0 0 0 0 0 0 0 0 0 0 0 0 0 0 0 0 0 0 0 0 0 0 0 0 0 0 0 0 0 0 0 0 0 0 0 0 0 0 0 0 0 0 
0 0 0 0 0 0 0 0 0 0 0 0 0 0 0 0 0 0 0 0 0 0 0 0 0 0 0 0 0 0 0 0 0 0 0 0 0 0 0 0 0 0 0 0 0 0 0 0 0 0 0 0 0 0 0 0 0 0 0 0 0 0 0 0 0 0 0 0 0 0 0 0 0 0 0 0 0 0 0 0 0 0 0 0 0 0 0 0 0 0 0 0 0 0 0 0 0 0 0 0 
0 0 0 0 0 0 0 0 0 0 0 0 0 0 0 0 0 0 0 0 0 0 0 0 0 0 0 0 0 0 0 0 0 0 0 0 0 0 0 0 0 0 0 0 0 0 0 0 0 0 0 0 0 0 0 0 0 0 0 0 0 0 0 0 0 0 0 0 0 0 0 0 0 0 0 0 0 0 0 0 0 0 0 0 0 0 0 0 0 0 0 0 0 0 0 0 0 0 0 0 
0 0 0 0 0 0 0 0 0 0 0 0 0 0 0 0 0 0 0 0 0 0 0 0 0 0 0 0 0 0 0 0 0 0 0 0 0 0 0 0 0 0 0 0 0 0 0 0 0 0 0 0 0 0 0 0 0 0 0 0 0 0 0 0 0 0 0 0 0 0 0 0 0 0 0 0 0 0 0 0 0 0 0 0 0 0 0 0 0 0 0 0 0 0 0 0 0 0 0 0 
0 0 0 0 0 0 0 0 0 0 0 0 0 0 0 0 0 0 0 0 0 0 0 0 0 0 0 0 0 0 0 0 0 0 0 0 0 0 0 0 0 0 0 0 0 0 0 0 0 0 0 0 0 0 0 0 0 0 0 0 0 0 0 0 0 0 0 0 0 0 0 0 0 0 0 0 0 0 0 0 0 0 0 0 0 0 0 0 0 0 0 0 0 0 0 0 0 0 0 0 
0 0 0 0 0 0 0 0 0 0 0 0 0 0 0 0 0 0 0 0 0 0 0 0 0 0 0 0 0 0 0 0 0 0 0 0 0 0 0 0 0 0 0 0 0 0 0 0 0 0 0 0 0 0 0 0 0 0 0 0 0 0 0 0 0 0 0 0 0 0 0 0 0 0 0 0 0 0 0 0 0 0 0 0 0 0 0 0 0 0 0 0 0 0 0 0 0 0 0 0 
0 0 0 0 0 0 0 0 0 0 0 0 0 0 0 0 0 0 0 0 0 0 0 0 0 0 0 0 0 0 0 0 0 0 0 0 0 0 0 0 0 0 0 0 0 0 0 0 0 0 0 0 0 0 0 0 0 0 0 0 0 0 0 0 0 0 0 0 0 0 0 0 0 0 0 0 0 0 0 0 0 0 0 0 0 0 0 0 0 0 0 0 0 0 0 0 0 0 0 0 
0 0 0 0 0 0 0 0 0 0 0 0 0 0 0 0 0 0 0 0 0 0 0 0 0 0 0 0 0 0 0 0 0 0 0 0 0 0 0 0 0 0 0 0 0 0 0 0 0 0 0 0 0 0 0 0 0 0 0 0 0 0 0 0 0 0 0 0 0 0 0 0 0 0 0 0 0 0 0 0 0 0 0 0 0 0 0 0 0 0 0 0 0 0 0 0 0 0 0 0 
0 0 0 0 0 0 0 0 0 0 0 0 0 0 0 0 0 0 0 0 0 0 0 0 0 0 0 0 0 0 0 0 0 0 0 0 0 0 0 0 0 0 0 0 0 0 0 0 0 0 0 0 0 0 0 0 0 0 0 0 0 0 0 0 0 0 0 0 0 0 0 0 0 0 0 0 0 0 0 0 0 0 0 0 0 0 0 0 0 0 0 0 0 0 0 0 0 0 0 0 
0 0 0 0 0 0 0 0 0 0 0 0 0 0 0 0 0 0 0 0 0 0 0 0 0 0 0 0 0 0 0 0 0 0 0 0 0 0 0 0 0 0 0 0 0 0 0 0 0 0 0 0 0 0 0 0 0 0 0 0 0 0 0 0 0 0 0 0 0 0 0 0 0 0 0 0 0 0 0 0 0 0 0 0 0 0 0 0 0 0 0 0 0 0 0 0 0 0 0 0 
0 0 0 0 0 0 0 0 0 0 0 0 0 0 0 0 0 0 0 0 0 0 0 0 0 0 0 0 0 0 0 0 0 0 0 0 0 0 0 0 0 0 0 0 0 0 0 0 0 0 0 0 0 0 0 0 0 0 0 0 0 0 0 0 0 0 0 0 0 0 0 0 0 0 0 0 0 0 0 0 0 0 0 0 0 0 0 0 0 0 0 0 0 0 0 0 0 0 0 0 
0 0 0 0 0 0 0 0 0 0 0 0 0 0 0 0 0 0 0 0 0 0 0 0 0 0 0 0 0 0 0 0 0 0 0 0 0 0 0 0 0 0 0 0 0 0 0 0 0 0 0 0 0 0 0 0 0 0 0 0 0 0 0 0 0 0 0 0 0 0 0 0 0 0 0 0 0 0 0 0 0 0 0 0 0 0 0 0 0 0 0 0 0 0 0 0 0 0 0 0 
0 0 0 0 0 0 0 0 0 0 0 0 0 0 0 0 0 0 0 0 0 0 0 0 0 0 0 0 0 0 0 0 0 0 0 0 0 0 0 0 0 0 0 0 0 0 0 0 0 0 0 0 0 0 0 0 0 0 0 0 0 0 0 0 0 0 0 0 0 0 0 0 0 0 0 0 0 0 0 0 0 0 0 0 0 0 0 0 0 0 0 0 0 0 0 0 0 0 0 0 
0 0 0 0 0 0 0 0 0 0 0 0 0 0 0 0 0 0 0 0 0 0 0 0 0 0 0 0 0 0 0 0 0 0 0 0 0 0 0 0 0 0 0 0 0 0 0 0 0 0 0 0 0 0 0 0 0 0 0 0 0 0 0 0 0 0 0 0 0 0 0 0 0 0 0 0 0 0 0 0 0 0 0 0 0 0 0 0 0 0 0 0 0 0 0 0 0 0 0 0 
0 0 0 0 0 0 0 0 0 0 0 0 0 0 0 0 0 0 0 0 0 0 0 0 0 0 0 0 0 0 0 0 0 0 0 0 0 0 0 0 0 0 0 0 0 0 0 0 0 0 0 0 0 0 0 0 0 0 0 0 0 0 0 0 0 0 0 0 0 0 0 0 0 0 0 0 0 0 0 0 0 0 0 0 0 0 0 0 0 0 0 0 0 0 0 0 0 0 0 0 
0 0 0 0 0 0 0 0 0 0 0 0 0 0 0 0 0 0 0 0 0 0 0 0 0 0 0 0 0 0 0 0 0 0 0 0 0 0 0 0 0 0 0 0 0 0 0 0 0 0 0 0 0 0 0 0 0 0 0 0 0 0 0 0 0 0 0 0 0 0 0 0 0 0 0 0 0 0 0 0 0 0 0 0 0 0 0 0 0 0 0 0 0 0 0 0 0 0 0 0 
0 0 0 0 0 0 0 0 0 0 0 0 0 0 0 0 0 0 0 0 0 0 0 0 0 0 0 0 0 0 0 0 0 0 0 0 0 0 0 0 0 0 0 0 0 0 0 0 0 0 0 0 0 0 0 0 0 0 0 0 0 0 0 0 0 0 0 0 0 0 0 0 0 0 0 0 0 0 0 0 0 0 0 0 0 0 0 0 0 0 0 0 0 0 0 0 0 0 0 0 
0 0 0 0 0 0 0 0 0 0 0 0 0 0 0 0 0 0 0 0 0 0 0 0 0 0 0 0 0 0 0 0 0 0 0 0 0 0 0 0 0 0 0 0 0 0 0 0 0 0 0 0 0 0 0 0 0 0 0 0 0 0 0 0 0 0 0 0 0 0 0 0 0 0 0 0 0 0 0 0 0 0 0 0 0 0 0 0 0 0 0 0 0 0 0 0 0 0 0 0 
0 0 0 0 0 0 0 0 0 0 0 0 0 0 0 0 0 0 0 0 0 0 0 0 0 0 0 0 0 0 0 0 0 0 0 0 0 0 0 0 0 0 0 0 0 0 0 0 0 0 0 0 0 0 0 0 0 0 0 0 0 0 0 0 0 0 0 0 0 0 0 0 0 0 0 0 0 0 0 0 0 0 0 0 0 0 0 0 0 0 0 0 0 0 0 0 0 0 0 0 
0 0 0 0 0 0 0 0 0 0 0 0 0 0 0 0 0 0 0 0 0 0 0 0 0 0 0 0 0 0 0 0 0 0 0 0 0 0 0 0 0 0 0 0 0 0 0 0 0 0 0 0 0 0 0 0 0 0 0 0 0 0 0 0 0 0 0 0 0 0 0 0 0 0 0 0 0 0 0 0 0 0 0 0 0 0 0 0 0 0 0 0 0 0 0 0 0 0 0 0 
0 0 0 0 0 0 0 0 0 0 0 0 0 0 0 0 0 0 0 0 0 0 0 0 0 0 0 0 0 0 0 0 0 0 0 0 0 0 0 0 0 0 0 0 0 0 0 0 0 0 0 0 0 0 0 0 0 0 0 0 0 0 0 0 0 0 0 0 0 0 0 0 0 0 0 0 0 0 0 0 0 0 0 0 0 0 0 0 0 0 0 0 0 0 0 0 0 0 0 0 
0 0 0 0 0 0 0 0 0 0 0 0 0 0 0 0 0 0 0 0 0 0 0 0 0 0 0 0 0 0 0 0 0 0 0 0 0 0 0 0 0 0 0 0 0 0 0 0 0 0 0 0 0 0 0 0 0 0 0 0 0 0 0 0 0 0 0 0 0 0 0 0 0 0 0 0 0 0 0 0 0 0 0 0 0 0 0 0 0 0 0 0 0 0 0 0 0 0 0 0 
0 0 0 0 0 0 0 0 0 0 0 0 0 0 0 0 0 0 0 0 0 0 0 0 0 0 0 0 0 0 0 0 0 0 0 0 0 0 0 0 0 0 0 0 0 0 0 0 0 0 0 0 0 0 0 0 0 0 0 0 0 0 0 0 0 0 0 0 0 0 0 0 0 0 0 0 0 0 0 0 0 0 0 0 0 0 0 0 0 0 0 0 0 0 0 0 0 0 0 0 
0 0 0 0 0 0 0 0 0 0 0 0 0 0 0 0 0 0 0 0 0 0 0 0 0 0 0 0 0 0 0 0 0 0 0 0 0 0 0 0 0 0 0 0 0 0 0 0 0 0 0 0 0 0 0 0 0 0 0 0 0 0 0 0 0 0 0 0 0 0 0 0 0 0 0 0 0 0 0 0 0 0 0 0 0 0 0 0 0 0 0 0 0 0 0 0 0 0 0 0 
0 0 0 0 0 0 0 0 0 0 0 0 0 0 0 0 0 0 0 0 0 0 0 0 0 0 0 0 0 0 0 0 0 0 0 0 0 0 0 0 0 0 0 0 0 0 0 0 0 0 0 0 0 0 0 0 0 0 0 0 0 0 0 0 0 0 0 0 0 0 0 0 0 0 0 0 0 0 0 0 0 0 0 0 0 0 0 0 0 0 0 0 0 0 0 0 0 0 0 0 
14 2 8800 8801 0 0 14 2 8802 8803 0 0 14 2 8804 8805 0 0 14 2 8806 8807 0 0 14 2 8808 8809 0 0 14 2 8810 8811 0 0 14 2 8812 8813 0 0 14 2 8814 8815 0 0 14 2 8816 8817 0 0 14 2 8818 8819 0 0 14 2 8820 8821 0 0 14 2 8822 8823 0 0 14 2 8824 8825 0 0 14 2 8826 8827 0 0 14 2 8828 8829 0 0 14 2 8830 8831 0 0 14 2 8832 8833 0 0 14 2 8834 8835 0 0 14 2 8836 8837 0 0 14 2 8838 8839 0 0 14 2 8840 8841 0 0 14 2 8842 8843 0 0 14 2 8844 8845 0 0 14 2 8846 8847 0 0 14 2 8848 8849 0 0 14 2 8850 8851 0 0 14 2 8852 8853 0 0 14 2 8854 8855 0 0 14 2 8856 8857 0 0 14 2 8858 8859 0 0 14 2 8860 8861 0 0 14 2 8862 8863 0 0 14 2 8864 8865 0 0 14 2 8866 8867 0 0 14 2 8868 8869 0 0 14 2 8870 8871 0 0 14 2 8872 8873 0 0 14 2 8874 8875 0 0 14 2 8876 8877 0 0 14 2 8878 8879 0 0 14 2 8880 8881 0 0 14 2 8882 8883 0 0 14 2 8884 8885 0 0 14 2 8886 8887 0 0 14 2 8888 8889 0 0 14 2 8890 8891 0 0 14 2 8892 8893 0 0 14 2 8894 8895 0 0 14 2 8896 8897 0 0 14 2 8898 8899 0 0 14 2 8900 8901 0 0 14 2 8902 8903 0 0 14 2 8904 8905 0 0 14 2 8906 8907 0 0 14 2 8908 8909 0 0 14 2 8910 8911 0 0 14 2 8912 8913 0 0 14 2 8914 8915 0 0 14 2 8916 8917 0 0 14 2 8918 8919 0 0 14 2 8920 8921 0 0 14 2 8922 8923 0 0 14 2 8924 8925 0 0 14 2 8926 8927 0 0 14 2 8928 8929 0 0 14 2 8930 8931 0 0 14 2 8932 8933 0 0 14 2 8934 8935 0 0 14 2 8936 8937 0 0 14 2 8938 8939 0 0 14 2 8940 8941 0 0 14 2 8942 8943 0 0 14 2 8944 8945 0 0 14 2 8946 8947 0 0 14 2 8948 8949 0 0 14 2 8950 8951 0 0 14 2 8952 8953 0 0 14 2 8954 8955 0 0 14 2 8956 8957 0 0 14 2 8958 8959 0 0 14 2 8960 8961 0 0 14 2 8962 8963 0 0 14 2 8964 8965 0 0 14 2 8966 8967 0 0 14 2 8968 8969 0 0 14 2 8970 8971 0 0 14 2 8972 8973 0 0 14 2 8974 8975 0 0 14 2 8976 8977 0 0 14 2 8978 8979 0 0 14 2 8980 8981 0 0 14 2 8982 8983 0 0 14 2 8984 8985 0 0 14 2 8986 8987 0 0 14 2 8988 8989 0 0 14 2 8990 8991 0 0 14 2 8992 8993 0 0 14 2 8994 8995 0 0 14 2 8996 8997 0 0 14 2 8998 8999 0 0 
14 2 9000 9001 0 0 14 2 9002 9003 0 0 14 2 9004 9005 0 0 14 2 9006 9007 0 0 14 2 9008 9009 0 0 14 2 9010 9011 0 0 14 2 9012 9013 0 0 14 2 9014 9015 0 0 14 2 9016 9017 0 0 14 2 9018 9019 0 0 14 2 9020 9021 0 0 14 2 9022 9023 0 0 14 2 9024 9025 0 0 14 2 9026 9027 0 0 14 2 9028 9029 0 0 14 2 9030 9031 0 0 14 2 9032 9033 0 0 14 2 9034 9035 0 0 14 2 9036 9037 0 0 14 2 9038 9039 0 0 14 2 9040 9041 0 0 14 2 9042 9043 0 0 14 2 9044 9045 0 0 14 2 9046 9047 0 0 14 2 9048 9049 0 0 14 2 9050 9051 0 0 14 2 9052 9053 0 0 14 2 9054 9055 0 0 14 2 9056 9057 0 0 14 2 9058 9059 0 0 14 2 9060 9061 0 0 14 2 9062 9063 0 0 14 2 9064 9065 0 0 14 2 9066 9067 0 0 14 2 9068 9069 0 0 14 2 9070 9071 0 0 14 2 9072 9073 0 0 14 2 9074 9075 0 0 14 2 9076 9077 0 0 14 2 9078 9079 0 0 14 2 9080 9081 0 0 14 2 9082 9083 0 0 14 2 9084 9085 0 0 14 2 9086 9087 0 0 14 2 9088 9089 0 0 14 2 9090 9091 0 0 14 2 9092 9093 0 0 14 2 9094 9095 0 0 14 2 9096 9097 0 0 14 2 9098 9099 0 0 14 2 9100 9101 0 0 14 2 9102 9103 0 0 14 2 9104 9105 0 0 14 2 9106 9107 0 0 14 2 9108 9109 0 0 14 2 9110 9111 0 0 14 2 9112 9113 0 0 14 2 9114 9115 0 0 14 2 9116 9117 0 0 14 2 9118 9119 0 0 14 2 9120 9121 0 0 14 2 9122 9123 0 0 14 2 9124 9125 0 0 14 2 9126 9127 0 0 14 2 9128 9129 0 0 14 2 9130 9131 0 0 14 2 9132 9133 0 0 14 2 9134 9135 0 0 14 2 9136 9137 0 0 14 2 9138 9139 0 0 14 2 9140 9141 0 0 14 2 9142 9143 0 0 14 2 9144 9145 0 0 14 2 9146 9147 0 0 14 2 9148 9149 0 0 14 2 9150 9151 0 0 14 2 9152 9153 0 0 14 2 9154 9155 0 0 14 2 9156 9157 0 0 14 2 9158 9159 0 0 14 2 9160 9161 0 0 14 2 9162 9163 0 0 14 2 9164 9165 0 0 14 2 9166 9167 0 0 14 2 9168 9169 0 0 14 2 9170 9171 0 0 14 2 9172 9173 0 0 14 2 9174 9175 0 0 14 2 9176 9177 0 0 14 2 9178 9179 0 0 14 2 9180 9181 0 0 14 2 9182 9183 0 0 14 2 9184 9185 0 0 14 2 9186 9187 0 0 14 2 9188 9189 0 0 14 2 9190 9191 0 0 14 2 9192 9193 0 0 14 2 9194 9195 0 0 14 2 9196 9197 0 0 14 2 9198 9199 0 0 
14 2 9200 9201 0 0 14 2 9202 9203 0 0 14 2 9204 9205 0 0 14 2 9206 9207 0 0 14 2 9208 9209 0 0 14 2 9210 9211 0 0 14 2 9212 9213 0 0 14 2 9214 9215 0 0 14 2 9216 9217 0 0 14 2 9218 9219 0 0 14 2 9220 9221 0 0 14 2 9222 9223 0 0 14 2 9224 9225 0 0 14 2 9226 9227 0 0 14 2 9228 9229 0 0 14 2 9230 9231 0 0 14 2 9232 9233 0 0 14 2 9234 9235 0 0 14 2 9236 9237 0 0 14 2 9238 9239 0 0 14 2 9240 9241 0 0 14 2 9242 9243 0 0 14 2 9244 9245 0 0 14 2 9246 9247 0 0 14 2 9248 9249 0 0 14 2 9250 9251 0 0 14 2 9252 9253 0 0 14 2 9254 9255 0 0 14 2 9256 9257 0 0 14 2 9258 9259 0 0 14 2 9260 9261 0 0 14 2 9262 9263 0 0 14 2 9264 9265 0 0 14 2 9266 9267 0 0 14 2 9268 9269 0 0 14 2 9270 9271 0 0 14 2 9272 9273 0 0 14 2 9274 9275 0 0 14 2 9276 9277 0 0 14 2 9278 9279 0 0 14 2 9280 9281 0 0 14 2 9282 9283 0 0 14 2 9284 9285 0 0 14 2 9286 9287 0 0 14 2 9288 9289 0 0 14 2 9290 9291 0 0 14 2 9292 9293 0 0 14 2 9294 9295 0 0 14 2 9296 9297 0 0 14 2 9298 9299 0 0 14 2 9300 9301 0 0 14 2 9302 9303 0 0 14 2 9304 9305 0 0 14 2 9306 9307 0 0 14 2 9308 9309 0 0 14 2 9310 9311 0 0 14 2 9312 9313 0 0 14 2 9314 9315 0 0 14 2 9316 9317 0 0 14 2 9318 9319 0 0 14 2 9320 9321 0 0 14 2 9322 9323 0 0 14 2 9324 9325 0 0 14 2 9326 9327 0 0 14 2 9328 9329 0 0 14 2 9330 9331 0 0 14 2 9332 9333 0 0 14 2 9334 9335 0 0 14 2 9336 9337 0 0 14 2 9338 9339 0 0 14 2 9340 9341 0 0 14 2 9342 9343 0 0 14 2 9344 9345 0 0 14 2 9346 9347 0 0 14 2 9348 9349 0 0 14 2 9350 9351 0 0 14 2 9352 9353 0 0 14 2 9354 9355 0 0 14 2 9356 9357 0 0 14 2 9358 9359 0 0 14 2 9360 9361 0 0 14 2 9362 9363 0 0 14 2 9364 9365 0 0 14 2 9366 9367 0 0 14 2 9368 9369 0 0 14 2 9370 9371 0 0 14 2 9372 9373 0 0 14 2 9374 9375 0 0 14 2 9376 9377 0 0 14 2 9378 9379 0 0 14 2 9380 9381 0 0 14 2 9382 9383 0 0 14 2 9384 9385 0 0 14 2 9386 9387 0 0 14 2 9388 9389 0 0 14 2 9390 9391 0 0 14 2 9392 9393 0 0 14 2 9394 9395 0 0 14 2 9396 9397 0 0 14 2 9398 9399 0 0 
0 0 0 0 0 0 0 0 0 0 0 0 0 0 0 0 0 0 0 0 0 0 0 0 0 0 0 0 0 0 0 0 0 0 0 0 0 0 0 0 0 0 0 0 0 0 0 0 0 0 0 0 0 0 0 0 0 0 0 0 0 0 0 0 0 0 0 0 0 0 0 0 0 0 0 0 0 0 0 0 0 0 0 0 0 0 0 0 0 0 0 0 0 0 0 0 0 0 0 0 
0 0 0 0 0 0 0 0 0 0 0 0 0 0 0 0 0 0 0 0 0 0 0 0 0 0 0 0 0 0 0 0 0 0 0 0 0 0 0 0 0 0 0 0 0 0 0 0 0 0 0 0 0 0 0 0 0 0 0 0 0 0 0 0 0 0 0 0 0 0 0 0 0 0 0 0 0 0 0 0 0 0 0 0 0 0 0 0 0 0 0 0 0 0 0 0 0 0 0 0 
0 0 0 0 0 0 0 0 0 0 0 0 0 0 0 0 0 0 0 0 0 0 0 0 0 0 0 0 0 0 0 0 0 0 0 0 0 0 0 0 0 0 0 0 0 0 0 0 0 0 0 0 0 0 0 0 0 0 0 0 0 0 0 0 0 0 0 0 0 0 0 0 0 0 0 0 0 0 0 0 0 0 0 0 0 0 0 0 0 0 0 0 0 0 0 0 0 0 0 0 
0 0 0 0 0 0 0 0 0 0 0 0 0 0 0 0 0 0 0 0 0 0 0 0 0 0 0 0 0 0 0 0 0 0 0 0 0 0 0 0 0 0 0 0 0 0 0 0 0 0 0 0 0 0 0 0 0 0 0 0 0 0 0 0 0 0 0 0 0 0 0 0 0 0 0 0 0 0 0 0 0 0 0 0 0 0 0 0 0 0 0 0 0 0 0 0 0 0 0 0 
0 0 0 0 0 0 0 0 0 0 0 0 0 0 0 0 0 0 0 0 0 0 0 0 0 0 0 0 0 0 0 0 0 0 0 0 0 0 0 0 0 0 0 0 0 0 0 0 0 0 0 0 0 0 0 0 0 0 0 0 0 0 0 0 0 0 0 0 0 0 0 0 0 0 0 0 0 0 0 0 0 0 0 0 0 0 0 0 0 0 0 0 0 0 0 0 0 0 0 0 
0 0 0 0 0 0 0 0 0 0 0 0 0 0 0 0 0 0 0 0 0 0 0 0 0 0 0 0 0 0 0 0 0 0 0 0 0 0 0 0 0 0 0 0 0 0 0 0 0 0 0 0 0 0 0 0 0 0 0 0 0 0 0 0 0 0 0 0 0 0 0 0 0 0 0 0 0 0 0 0 0 0 0 0 0 0 0 0 0 0 0 0 0 0 0 0 0 0 0 0 
0 0 0 0 0 0 0 0 0 0 0 0 0 0 0 0 0 0 0 0 0 0 0 0 0 0 0 0 0 0 0 0 0 0 0 0 0 0 0 0 0 0 0 0 0 0 0 0 0 0 0 0 0 0 0 0 0 0 0 0 0 0 0 0 0 0 0 0 0 0 0 0 0 0 0 0 0 0 0 0 0 0 0 0 0 0 0 0 0 0 0 0 0 0 0 0 0 0 0 0 
0 0 0 0 0 0 0 0 0 0 0 0 0 0 0 0 0 0 0 0 0 0 0 0 0 0 0 0 0 0 0 0 0 0 0 0 0 0 0 0 0 0 0 0 0 0 0 0 0 0 0 0 0 0 0 0 0 0 0 0 0 0 0 0 0 0 0 0 0 0 0 0 0 0 0 0 0 0 0 0 0 0 0 0 0 0 0 0 0 0 0 0 0 0 0 0 0 0 0 0 
0 0 0 0 0 0 0 0 0 0 0 0 0 0 0 0 0 0 0 0 0 0 0 0 0 0 0 0 0 0 0 0 0 0 0 0 0 0 0 0 0 0 0 0 0 0 0 0 0 0 0 0 0 0 0 0 0 0 0 0 0 0 0 0 0 0 0 0 0 0 0 0 0 0 0 0 0 0 0 0 0 0 0 0 0 0 0 0 0 0 0 0 0 0 0 0 0 0 0 0 
0 0 0 0 0 0 0 0 0 0 0 0 0 0 0 0 0 0 0 0 0 0 0 0 0 0 0 0 0 0 0 0 0 0 0 0 0 0 0 0 0 0 0 0 0 0 0 0 0 0 0 0 0 0 0 0 0 0 0 0 0 0 0 0 0 0 0 0 0 0 0 0 0 0 0 0 0 0 0 0 0 0 0 0 0 0 0 0 0 0 0 0 0 0 0 0 0 0 0 0 
0 0 0 0 0 0 0 0 0 0 0 0 0 0 0 0 0 0 0 0 0 0 0 0 0 0 0 0 0 0 0 0 0 0 0 0 0 0 0 0 0 0 0 0 0 0 0 0 0 0 0 0 0 0 0 0 0 0 0 0 0 0 0 0 0 0 0 0 0 0 0 0 0 0 0 0 0 0 0 0 0 0 0 0 0 0 0 0 0 0 0 0 0 0 0 0 0 0 0 0 
0 0 0 0 0 0 0 0 0 0 0 0 0 0 0 0 0 0 0 0 0 0 0 0 0 0 0 0 0 0 0 0 0 0 0 0 0 0 0 0 0 0 0 0 0 0 0 0 0 0 0 0 0 0 0 0 0 0 0 0 0 0 0 0 0 0 0 0 0 0 0 0 0 0 0 0 0 0 0 0 0 0 0 0 0 0 0 0 0 0 0 0 0 0 0 0 0 0 0 0 
0 0 0 0 0 0 0 0 0 0 0 0 0 0 0 0 0 0 0 0 0 0 0 0 0 0 0 0 0 0 0 0 0 0 0 0 0 0 0 0 0 0 0 0 0 0 0 0 0 0 0 0 0 0 0 0 0 0 0 0 0 0 0 0 0 0 0 0 0 0 0 0 0 0 0 0 0 0 0 0 0 0 0 0 0 0 0 0 0 0 0 0 0 0 0 0 0 0 0 0 
0 0 0 0 0 0 0 0 0 0 0 0 0 0 0 0 0 0 0 0 0 0 0 0 0 0 0 0 0 0 0 0 0 0 0 0 0 0 0 0 0 0 0 0 0 0 0 0 0 0 0 0 0 0 0 0 0 0 0 0 0 0 0 0 0 0 0 0 0 0 0 0 0 0 0 0 0 0 0 0 0 0 0 0 0 0 0 0 0 0 0 0 0 0 0 0 0 0 0 0 
0 0 0 0 0 0 0 0 0 0 0 0 0 0 0 0 0 0 0 0 0 0 0 0 0 0 0 0 0 0 0 0 0 0 0 0 0 0 0 0 0 0 0 0 0 0 0 0 0 0 0 0 0 0 0 0 0 0 0 0 0 0 0 0 0 0 0 0 0 0 0 0 0 0 0 0 0 0 0 0 0 0 0 0 0 0 0 0 0 0 0 0 0 0 0 0 0 0 0 0 
0 0 0 0 0 0 0 0 0 0 0 0 0 0 0 0 0 0 0 0 0 0 0 0 0 0 0 0 0 0 0 0 0 0 0 0 0 0 0 0 0 0 0 0 0 0 0 0 0 0 0 0 0 0 0 0 0 0 0 0 0 0 0 0 0 0 0 0 0 0 0 0 0 0 0 0 0 0 0 0 0 0 0 0 0 0 0 0 0 0 0 0 0 0 0 0 0 0 0 0 
0 0 0 0 0 0 0 0 0 0 0 0 0 0 0 0 0 0 0 0 0 0 0 0 0 0 0 0 0 0 0 0 0 0 0 0 0 0 0 0 0 0 0 0 0 0 0 0 0 0 0 0 0 0 0 0 0 0 0 0 0 0 0 0 0 0 0 0 0 0 0 0 0 0 0 0 0 0 0 0 0 0 0 0 0 0 0 0 0 0 0 0 0 0 0 0 0 0 0 0 
0 0 0 0 0 0 0 0 0 0 0 0 0 0 0 0 0 0 0 0 0 0 0 0 0 0 0 0 0 0 0 0 0 0 0 0 0 0 0 0 0 0 0 0 0 0 0 0 0 0 0 0 0 0 0 0 0 0 0 0 0 0 0 0 0 0 0 0 0 0 0 0 0 0 0 0 0 0 0 0 0 0 0 0 0 0 0 0 0 0 0 0 0 0 0 0 0 0 0 0 
0 0 0 0 0 0 0 0 0 0 0 0 0 0 0 0 0 0 0 0 0 0 0 0 0 0 0 0 0 0 0 0 0 0 0 0 0 0 0 0 0 0 0 0 0 0 0 0 0 0 0 0 0 0 0 0 0 0 0 0 0 0 0 0 0 0 0 0 0 0 0 0 0 0 0 0 0 0 0 0 0 0 0 0 0 0 0 0 0 0 0 0 0 0 0 0 0 0 0 0 
0 0 0 0 0 0 0 0 0 0 0 0 0 0 0 0 0 0 0 0 0 0 0 0 0 0 0 0 0 0 0 0 0 0 0 0 0 0 0 0 0 0 0 0 0 0 0 0 0 0 0 0 0 0 0 0 0 0 0 0 0 0 0 0 0 0 0 0 0 0 0 0 0 0 0 0 0 0 0 0 0 0 0 0 0 0 0 0 0 0 0 0 0 0 0 0 0 0 0 0 
0 0 0 0 0 0 0 0 0 0 0 0 0 0 0 0 0 0 0 0 0 0 0 0 0 0 0 0 0 0 0 0 0 0 0 0 0 0 0 0 0 0 0 0 0 0 0 0 0 0 0 0 0 0 0 0 0 0 0 0 0 0 0 0 0 0 0 0 0 0 0 0 0 0 0 0 0 0 0 0 0 0 0 0 0 0 0 0 0 0 0 0 0 0 0 0 0 0 0 0 
0 0 0 0 0 0 0 0 0 0 0 0 0 0 0 0 0 0 0 0 0 0 0 0 0 0 0 0 0 0 0 0 0 0 0 0 0 0 0 0 0 0 0 0 0 0 0 0 0 0 0 0 0 0 0 0 0 0 0 0 0 0 0 0 0 0 0 0 0 0 0 0 0 0 0 0 0 0 0 0 0 0 0 0 0 0 0 0 0 0 0 0 0 0 0 0 0 0 0 0 
0 0 0 0 0 0 0 0 0 0 0 0 0 0 0 0 0 0 0 0 0 0 0 0 0 0 0 0 0 0 0 0 0 0 0 0 0 0 0 0 0 0 0 0 0 0 0 0 0 0 0 0 0 0 0 0 0 0 0 0 0 0 0 0 0 0 0 0 0 0 0 0 0 0 0 0 0 0 0 0 0 0 0 0 0 0 0 0 0 0 0 0 0 0 0 0 0 0 0 0 
0 0 0 0 0 0 0 0 0 0 0 0 0 0 0 0 0 0 0 0 0 0 0 0 0 0 0 0 0 0 0 0 0 0 0 0 0 0 0 0 0 0 0 0 0 0 0 0 0 0 0 0 0 0 0 0 0 0 0 0 0 0 0 0 0 0 0 0 0 0 0 0 0 0 0 0 0 0 0 0 0 0 0 0 0 0 0 0 0 0 0 0 0 0 0 0 0 0 0 0 
0 0 0 0 0 0 0 0 0 0 0 0 0 0 0 0 0 0 0 0 0 0 0 0 0 0 0 0 0 0 0 0 0 0 0 0 0 0 0 0 0 0 0 0 0 0 0 0 0 0 0 0 0 0 0 0 0 0 0 0 0 0 0 0 0 0 0 0 0 0 0 0 0 0 0 0 0 0 0 0 0 0 0 0 0 0 0 0 0 0 0 0 0 0 0 0 0 0 0 0 
0 0 0 0 0 0 0 0 0 0 0 0 0 0 0 0 0 0 0 0 0 0 0 0 0 0 0 0 0 0 0 0 0 0 0 0 0 0 0 0 0 0 0 0 0 0 0 0 0 0 0 0 0 0 0 0 0 0 0 0 0 0 0 0 0 0 0 0 0 0 0 0 0 0 0 0 0 0 0 0 0 0 0 0 0 0 0 0 0 0 0 0 0 0 0 0 0 0 0 0 
0 0 0 0 0 0 0 0 0 0 0 0 0 0 0 0 0 0 0 0 0 0 0 0 0 0 0 0 0 0 0 0 0 0 0 0 0 0 0 0 0 0 0 0 0 0 0 0 0 0 0 0 0 0 0 0 0 0 0 0 0 0 0 0 0 0 0 0 0 0 0 0 0 0 0 0 0 0 0 0 0 0 0 0 0 0 0 0 0 0 0 0 0 0 0 0 0 0 0 0 
0 0 0 0 0 0 0 0 0 0 0 0 0 0 0 0 0 0 0 0 0 0 0 0 0 0 0 0 0 0 0 0 0 0 0 0 0 0 0 0 0 0 0 0 0 0 0 0 0 0 0 0 0 0 0 0 0 0 0 0 0 0 0 0 0 0 0 0 0 0 0 0 0 0 0 0 0 0 0 0 0 0 0 0 0 0 0 0 0 0 0 0 0 0 0 0 0 0 0 0 
0 0 0 0 0 0 0 0 0 0 0 0 0 0 0 0 0 0 0 0 0 0 0 0 0 0 0 0 0 0 0 0 0 0 0 0 0 0 0 0 0 0 0 0 0 0 0 0 0 0 0 0 0 0 0 0 0 0 0 0 0 0 0 0 0 0 0 0 0 0 0 0 0 0 0 0 0 0 0 0 0 0 0 0 0 0 0 0 0 0 0 0 0 0 0 0 0 0 0 0 
0 0 0 0 0 0 0 0 0 0 0 0 0 0 0 0 0 0 0 0 0 0 0 0 0 0 0 0 0 0 0 0 0 0 0 0 0 0 0 0 0 0 0 0 0 0 0 0 0 0 0 0 0 0 0 0 0 0 0 0 0 0 0 0 0 0 0 0 0 0 0 0 0 0 0 0 0 0 0 0 0 0 0 0 0 0 0 0 0 0 0 0 0 0 0 0 0 0 0 0 
0 0 0 0 0 0 0 0 0 0 0 0 0 0 0 0 0 0 0 0 0 0 0 0 0 0 0 0 0 0 0 0 0 0 0 0 0 0 0 0 0 0 0 0 0 0 0 0 0 0 0 0 0 0 0 0 0 0 0 0 0 0 0 0 0 0 0 0 0 0 0 0 0 0 0 0 0 0 0 0 0 0 0 0 0 0 0 0 0 0 0 0 0 0 0 0 0 0 0 0 
0 0 0 0 0 0 0 0 0 0 0 0 0 0 0 0 0 0 0 0 0 0 0 0 0 0 0 0 0 0 0 0 0 0 0 0 0 0 0 0 0 0 0 0 0 0 0 0 0 0 0 0 0 0 0 0 0 0 0 0 0 0 0 0 0 0 0 0 0 0 0 0 0 0 0 0 0 0 0 0 0 0 0 0 0 0 0 0 0 0 0 0 0 0 0 0 0 0 0 0 
0 0 0 0 0 0 0 0 0 0 0 0 0 0 0 0 0 0 0 0 0 0 0 0 0 0 0 0 0 0 0 0 0 0 0 0 0 0 0 0 0 0 0 0 0 0 0 0 0 0 0 0 0 0 0 0 0 0 0 0 0 0 0 0 0 0 0 0 0 0 0 0 0 0 0 0 0 0 0 0 0 0 0 0 0 0 0 0 0 0 0 0 0 0 0 0 0 0 0 0 
0 0 0 0 0 0 0 0 0 0 0 0 0 0 0 0 0 0 0 0 0 0 0 0 0 0 0 0 0 0 0 0 0 0 0 0 0 0 0 0 0 0 0 0 0 0 0 0 0 0 0 0 0 0 0 0 0 0 0 0 0 0 0 0 0 0 0 0 0 0 0 0 0 0 0 0 0 0 0 0 0 0 0 0 0 0 0 0 0 0 0 0 0 0 0 0 0 0 0 0 
0 0 0 0 0 0 0 0 0 0 0 0 0 0 0 0 0 0 0 0 0 0 0 0 0 0 0 0 0 0 0 0 0 0 0 0 0 0 0 0 0 0 0 0 0 0 0 0 0 0 0 0 0 0 0 0 0 0 0 0 0 0 0 0 0 0 0 0 0 0 0 0 0 0 0 0 0 0 0 0 0 0 0 0 0 0 0 0 0 0 0 0 0 0 0 0 0 0 0 0 
0 0 0 0 0 0 0 0 0 0 0 0 0 0 0 0 0 0 0 0 0 0 0 0 0 0 0 0 0 0 0 0 0 0 0 0 0 0 0 0 0 0 0 0 0 0 0 0 0 0 0 0 0 0 0 0 0 0 0 0 0 0 0 0 0 0 0 0 0 0 0 0 0 0 0 0 0 0 0 0 0 0 0 0 0 0 0 0 0 0 0 0 0 0 0 0 0 0 0 0 
0 0 0 0 0 0 0 0 0 0 0 0 0 0 0 0 0 0 0 0 0 0 0 0 0 0 0 0 0 0 0 0 0 0 0 0 0 0 0 0 0 0 0 0 0 0 0 0 0 0 0 0 0 0 0 0 0 0 0 0 0 0 0 0 0 0 0 0 0 0 0 0 0 0 0 0 0 0 0 0 0 0 0 0 0 0 0 0 0 0 0 0 0 0 0 0 0 0 0 0 
0 0 0 0 0 0 0 0 0 0 0 0 0 0 0 0 0 0 0 0 0 0 0 0 0 0 0 0 0 0 0 0 0 0 0 0 0 0 0 0 0 0 0 0 0 0 0 0 0 0 0 0 0 0 0 0 0 0 0 0 0 0 0 0 0 0 0 0 0 0 0 0 0 0 0 0 0 0 0 0 0 0 0 0 0 0 0 0 0 0 0 0 0 0 0 0 0 0 0 0 
0 0 0 0 0 0 0 0 0 0 0 0 0 0 0 0 0 0 0 0 0 0 0 0 0 0 0 0 0 0 0 0 0 0 0 0 0 0 0 0 0 0 0 0 0 0 0 0 0 0 0 0 0 0 0 0 0 0 0 0 0 0 0 0 0 0 0 0 0 0 0 0 0 0 0 0 0 0 0 0 0 0 0 0 0 0 0 0 0 0 0 0 0 0 0 0 0 0 0 0 
0 0 0 0 0 0 0 0 0 0 0 0 0 0 0 0 0 0 0 0 0 0 0 0 0 0 0 0 0 0 0 0 0 0 0 0 0 0 0 0 0 0 0 0 0 0 0 0 0 0 0 0 0 0 0 0 0 0 0 0 0 0 0 0 0 0 0 0 0 0 0 0 0 0 0 0 0 0 0 0 0 0 0 0 0 0 0 0 0 0 0 0 0 0 0 0 0 0 0 0 
0 0 0 0 0 0 0 0 0 0 0 0 0 0 0 0 0 0 0 0 0 0 0 0 0 0 0 0 0 0 0 0 0 0 0 0 0 0 0 0 0 0 0 0 0 0 0 0 0 0 0 0 0 0 0 0 0 0 0 0 0 0 0 0 0 0 0 0 0 0 0 0 0 0 0 0 0 0 0 0 0 0 0 0 0 0 0 0 0 0 0 0 0 0 0 0 0 0 0 0 
0 0 0 0 0 0 0 0 0 0 0 0 0 0 0 0 0 0 0 0 0 0 0 0 0 0 0 0 0 0 0 0 0 0 0 0 0 0 0 0 0 0 0 0 0 0 0 0 0 0 0 0 0 0 0 0 0 0 0 0 0 0 0 0 0 0 0 0 0 0 0 0 0 0 0 0 0 0 0 0 0 0 0 0 0 0 0 0 0 0 0 0 0 0 0 0 0 0 0 0 
0 0 0 0 0 0 0 0 0 0 0 0 0 0 0 0 0 0 0 0 0 0 0 0 0 0 0 0 0 0 0 0 0 0 0 0 0 0 0 0 0 0 0 0 0 0 0 0 0 0 0 0 0 0 0 0 0 0 0 0 0 0 0 0 0 0 0 0 0 0 0 0 0 0 0 0 0 0 0 0 0 0 0 0 0 0 0 0 0 0 0 0 0 0 0 0 0 0 0 0 
0 0 0 0 0 0 0 0 0 0 0 0 0 0 0 0 0 0 0 0 0 0 0 0 0 0 0 0 0 0 0 0 0 0 0 0 0 0 0 0 0 0 0 0 0 0 0 0 0 0 0 0 0 0 0 0 0 0 0 0 0 0 0 0 0 0 0 0 0 0 0 0 0 0 0 0 0 0 0 0 0 0 0 0 0 0 0 0 0 0 0 0 0 0 0 0 0 0 0 0 
0 0 0 0 0 0 0 0 0 0 0 0 0 0 0 0 0 0 0 0 0 0 0 0 0 0 0 0 0 0 0 0 0 0 0 0 0 0 0 0 0 0 0 0 0 0 0 0 0 0 0 0 0 0 0 0 0 0 0 0 0 0 0 0 0 0 0 0 0 0 0 0 0 0 0 0 0 0 0 0 0 0 0 0 0 0 0 0 0 0 0 0 0 0 0 0 0 0 0 0 
0 0 0 0 0 0 0 0 0 0 0 0 0 0 0 0 0 0 0 0 0 0 0 0 0 0 0 0 0 0 0 0 0 0 0 0 0 0 0 0 0 0 0 0 0 0 0 0 0 0 0 0 0 0 0 0 0 0 0 0 0 0 0 0 0 0 0 0 0 0 0 0 0 0 0 0 0 0 0 0 0 0 0 0 0 0 0 0 0 0 0 0 0 0 0 0 0 0 0 0 
0 0 0 0 0 0 0 0 0 0 0 0 0 0 0 0 0 0 0 0 0 0 0 0 0 0 0 0 0 0 0 0 0 0 0 0 0 0 0 0 0 0 0 0 0 0 0 0 0 0 0 0 0 0 0 0 0 0 0 0 0 0 0 0 0 0 0 0 0 0 0 0 0 0 0 0 0 0 0 0 0 0 0 0 0 0 0 0 0 0 0 0 0 0 0 0 0 0 0 0 
0 0 0 0 0 0 0 0 0 0 0 0 0 0 0 0 0 0 0 0 0 0 0 0 0 0 0 0 0 0 0 0 0 0 0 0 0 0 0 0 0 0 0 0 0 0 0 0 0 0 0 0 0 0 0 0 0 0 0 0 0 0 0 0 0 0 0 0 0 0 0 0 0 0 0 0 0 0 0 0 0 0 0 0 0 0 0 0 0 0 0 0 0 0 0 0 0 0 0 0 
0 0 0 0 0 0 0 0 0 0 0 0 0 0 0 0 0 0 0 0 0 0 0 0 0 0 0 0 0 0 0 0 0 0 0 0 0 0 0 0 0 0 0 0 0 0 0 0 0 0 0 0 0 0 0 0 0 0 0 0 0 0 0 0 0 0 0 0 0 0 0 0 0 0 0 0 0 0 0 0 0 0 0 0 0 0 0 0 0 0 0 0 0 0 0 0 0 0 0 0 
0 0 0 0 0 0 0 0 0 0 0 0 0 0 0 0 0 0 0 0 0 0 0 0 0 0 0 0 0 0 0 0 0 0 0 0 0 0 0 0 0 0 0 0 0 0 0 0 0 0 0 0 0 0 0 0 0 0 0 0 0 0 0 0 0 0 0 0 0 0 0 0 0 0 0 0 0 0 0 0 0 0 0 0 0 0 0 0 0 0 0 0 0 0 0 0 0 0 0 0 
0 0 0 0 0 0 0 0 0 0 0 0 0 0 0 0 0 0 0 0 0 0 0 0 0 0 0 0 0 0 0 0 0 0 0 0 0 0 0 0 0 0 0 0 0 0 0 0 0 0 0 0 0 0 0 0 0 0 0 0 0 0 0 0 0 0 0 0 0 0 0 0 0 0 0 0 0 0 0 0 0 0 0 0 0 0 0 0 0 0 0 0 0 0 0 0 0 0 0 0 
0 0 0 0 0 0 0 0 0 0 0 0 0 0 0 0 0 0 0 0 0 0 0 0 0 0 0 0 0 0 0 0 0 0 0 0 0 0 0 0 0 0 0 0 0 0 0 0 0 0 0 0 0 0 0 0 0 0 0 0 0 0 0 0 0 0 0 0 0 0 0 0 0 0 0 0 0 0 0 0 0 0 0 0 0 0 0 0 0 0 0 0 0 0 0 0 0 0 0 0 
0 0 0 0 0 0 0 0 0 0 0 0 0 0 0 0 0 0 0 0 0 0 0 0 0 0 0 0 0 0 0 0 0 0 0 0 0 0 0 0 0 0 0 0 0 0 0 0 0 0 0 0 0 0 0 0 0 0 0 0 0 0 0 0 0 0 0 0 0 0 0 0 0 0 0 0 0 0 0 0 0 0 0 0 0 0 0 0 0 0 0 0 0 0 0 0 0 0 0 0 

0 0 0 0 0 0 0 0 0 0 0 0 0 0 0 0 0 0 0 0 0 0 0 0 0 0 0 0 0 0 0 0 0 0 0 0 0 0 0 0 0 0 0 0 0 0 0 0 0 0 0 0 0 0 0 0 0 0 0 0 0 0 0 0 0 0 0 0 0 0 0 0 0 0 0 0 0 0 0 0 0 0 0 0 0 0 0 0 0 0 0 0 0 0 0 0 0 0 0 0 
0 0 0 0 0 0 0 0 0 0 0 0 0 0 0 0 0 0 0 0 0 0 0 0 0 0 0 0 0 0 0 0 0 0 0 0 0 0 0 0 0 0 0 0 0 0 0 0 0 0 0 0 0 0 0 0 0 0 0 0 0 0 0 0 0 0 0 0 0 0 0 0 0 0 0 0 0 0 0 0 0 0 0 0 0 0 0 0 0 0 0 0 0 0 0 0 0 0 0 0 
0 0 0 0 0 0 0 0 0 0 0 0 0 0 0 0 0 0 0 0 0 0 0 0 0 0 0 0 0 0 0 0 0 0 0 0 0 0 0 0 0 0 0 0 0 0 0 0 0 0 0 0 0 0 0 0 0 0 0 0 0 0 0 0 0 0 0 0 0 0 0 0 0 0 0 0 0 0 0 0 0 0 0 0 0 0 0 0 0 0 0 0 0 0 0 0 0 0 0 0 
0 0 0 0 0 0 0 0 0 0 0 0 0 0 0 0 0 0 0 0 0 0 0 0 0 0 0 0 0 0 0 0 0 0 0 0 0 0 0 0 0 0 0 0 0 0 0 0 0 0 0 0 0 0 0 0 0 0 0 0 0 0 0 0 0 0 0 0 0 0 0 0 0 0 0 0 0 0 0 0 0 0 0 0 0 0 0 0 0 0 0 0 0 0 0 0 0 0 0 0 
14 2 800 801 0 0 14 2 802 803 0 0 14 2 804 805 0 0 14 2 806 807 0 0 14 2 808 809 0 0 14 2 810 811 0 0 14 2 812 813 0 0 14 2 814 815 0 0 14 2 816 817 0 0 14 2 818 819 0 0 14 2 820 821 0 0 14 2 822 823 0 0 14 2 824 825 0 0 14 2 826 827 0 0 14 2 828 829 0 0 14 2 830 831 0 0 14 2 832 833 0 0 14 2 834 835 0 0 14 2 836 837 0 0 14 2 838 839 0 0 14 2 840 841 0 0 14 2 842 843 0 0 14 2 844 845 0 0 14 2 846 847 0 0 14 2 848 849 0 0 14 2 850 851 0 0 14 2 852 853 0 0 14 2 854 855 0 0 14 2 856 857 0 0 14 2 858 859 0 0 14 2 860 861 0 0 14 2 862 863 0 0 14 2 864 865 0 0 14 2 866 867 0 0 14 2 868 869 0 0 14 2 870 871 0 0 14 2 872 873 0 0 14 2 874 875 0 0 14 2 876 877 0 0 14 2 878 879 0 0 14 2 880 881 0 0 14 2 882 883 0 0 14 2 884 885 0 0 14 2 886 887 0 0 14 2 888 889 0 0 14 2 890 891 0 0 14 2 892 893 0 0 14 2 894 895 0 0 14 2 896 897 0 0 14 2 898 899 0 0 14 2 900 901 0 0 14 2 902 903 0 0 14 2 904 905 0 0 14 2 906 907 0 0 14 2 908 909 0 0 14 2 910 911 0 0 14 2 912 913 0 0 14 2 914 915 0 0 14 2 916 917 0 0 14 2 918 919 0 0 14 2 920 921 0 0 14 2 922 923 0 0 14 2 924 925 0 0 14 2 926 927 0 0 14 2 928 929 0 0 14 2 930 931 0 0 14 2 932 933 0 0 14 2 934 935 0 0 14 2 936 937 0 0 14 2 938 939 0 0 14 2 940 941 0 0 14 2 942 943 0 0 14 2 944 945 0 0 14 2 946 947 0 0 14 2 948 949 0 0 14 2 950 951 0 0 14 2 952 953 0 0 14 2 954 955 0 0 14 2 956 957 0 0 14 2 958 959 0 0 14 2 960 961 0 0 14 2 962 963 0 0 14 2 964 965 0 0 14 2 966 967 0 0 14 2 968 969 0 0 14 2 970 971 0 0 14 2 972 973 0 0 14 2 974 975 0 0 14 2 976 977 0 0 14 2 978 979 0 0 14 2 980 981 0 0 14 2 982 983 0 0 14 2 984 985 0 0 14 2 986 987 0 0 14 2 988 989 0 0 14 2 990 991 0 0 14 2 992 993 0 0 14 2 994 995 0 0 14 2 996 997 0 0 14 2 998 999 0 0 
14 2 1000 1001 0 0 14 2 1002 1003 0 0 14 2 1004 1005 0 0 14 2 1006 1007 0 0 14 2 1008 1009 0 0 14 2 1010 1011 0 0 14 2 1012 1013 0 0 14 2 1014 1015 0 0 14 2 1016 1017 0 0 14 2 1018 1019 0 0 14 2 1020 1021 0 0 14 2 1022 1023 0 0 14 2 1024 1025 0 0 14 2 1026 1027 0 0 14 2 1028 1029 0 0 14 2 1030 1031 0 0 14 2 1032 1033 0 0 14 2 1034 1035 0 0 14 2 1036 1037 0 0 14 2 1038 1039 0 0 14 2 1040 1041 0 0 14 2 1042 1043 0 0 14 2 1044 1045 0 0 14 2 1046 1047 0 0 14 2 1048 1049 0 0 14 2 1050 1051 0 0 14 2 1052 1053 0 0 14 2 1054 1055 0 0 14 2 1056 1057 0 0 14 2 1058 1059 0 0 14 2 1060 1061 0 0 14 2 1062 1063 0 0 14 2 1064 1065 0 0 14 2 1066 1067 0 0 14 2 1068 1069 0 0 14 2 1070 1071 0 0 14 2 1072 1073 0 0 14 2 1074 1075 0 0 14 2 1076 1077 0 0 14 2 1078 1079 0 0 14 2 1080 1081 0 0 14 2 1082 1083 0 0 14 2 1084 1085 0 0 14 2 1086 1087 0 0 14 2 1088 1089 0 0 14 2 1090 1091 0 0 14 2 1092 1093 0 0 14 2 1094 1095 0 0 14 2 1096 1097 0 0 14 2 1098 1099 0 0 14 2 1100 1101 0 0 14 2 1102 1103 0 0 14 2 1104 1105 0 0 14 2 1106 1107 0 0 14 2 1108 1109 0 0 14 2 1110 1111 0 0 14 2 1112 1113 0 0 14 2 1114 1115 0 0 14 2 1116 1117 0 0 14 2 1118 1119 0 0 14 2 1120 1121 0 0 14 2 1122 1123 0 0 14 2 1124 1125 0 0 14 2 1126 1127 0 0 14 2 1128 1129 0 0 14 2 1130 1131 0 0 14 2 1132 1133 0 0 14 2 1134 1135 0 0 14 2 1136 1137 0 0 14 2 1138 1139 0 0 14 2 1140 1141 0 0 14 2 1142 1143 0 0 14 2 1144 1145 0 0 14 2 1146 1147 0 0 14 2 1148 1149 0 0 14 2 1150 1151 0 0 14 2 1152 1153 0 0 14 2 1154 1155 0 0 14 2 1156 1157 0 0 14 2 1158 1159 0 0 14 2 1160 1161 0 0 14 2 1162 1163 0 0 14 2 1164 1165 0 0 14 2 1166 1167 0 0 14 2 1168 1169 0 0 14 2 1170 1171 0 0 14 2 1172 1173 0 0 14 2 1174 1175 0 0 14 2 1176 1177 0 0 14 2 1178 1179 0 0 14 2 1180 1181 0 0 14 2 1182 1183 0 0 14 2 1184 1185 0 0 14 2 1186 1187 0 0 14 2 1188 1189 0 0 14 2 1190 1191 0 0 14 2 1192 1193 0 0 14 2 1194 1195 0 0 14 2 1196 1197 0 0 14 2 1198 1199 0 0 
14 2 1200 1201 0 0 14 2 1202 1203 0 0 14 2 1204 1205 0 0 14 2 1206 1207 0 0 14 2 1208 1209 0 0 14 2 1210 1211 0 0 14 2 1212 1213 0 0 14 2 1214 1215 0 0 14 2 1216 1217 0 0 14 2 1218 1219 0 0 14 2 1220 1221 0 0 14 2 1222 1223 0 0 14 2 1224 1225 0 0 14 2 1226 1227 0 0 14 2 1228 1229 0 0 14 2 1230 1231 0 0 14 2 1232 1233 0 0 14 2 1234 1235 0 0 14 2 1236 1237 0 0 14 2 1238 1239 0 0 14 2 1240 1241 0 0 14 2 1242 1243 0 0 14 2 1244 1245 0 0 14 2 1246 1247 0 0 14 2 1248 1249 0 0 14 2 1250 1251 0 0 14 2 1252 1253 0 0 14 2 1254 1255 0 0 14 2 1256 1257 0 0 14 2 1258 1259 0 0 14 2 1260 1261 0 0 14 2 1262 1263 0 0 14 2 1264 1265 0 0 14 2 1266 1267 0 0 14 2 1268 1269 0 0 14 2 1270 1271 0 0 14 2 1272 1273 0 0 14 2 1274 1275 0 0 14 2 1276 1277 0 0 14 2 1278 1279 0 0 14 2 1280 1281 0 0 14 2 1282 1283 0 0 14 2 1284 1285 0 0 14 2 1286 1287 0 0 14 2 1288 1289 0 0 14 2 1290 1291 0 0 14 2 1292 1293 0 0 14 2 1294 1295 0 0 14 2 1296 1297 0 0 14 2 1298 1299 0 0 14 2 1300 1301 0 0 14 2 1302 1303 0 0 14 2 1304 1305 0 0 14 2 1306 1307 0 0 14 2 1308 1309 0 0 14 2 1310 1311 0 0 14 2 1312 1313 0 0 14 2 1314 1315 0 0 14 2 1316 1317 0 0 14 2 1318 1319 0 0 14 2 1320 1321 0 0 14 2 1322 1323 0 0 14 2 1324 1325 0 0 14 2 1326 1327 0 0 14 2 1328 1329 0 0 14 2 1330 1331 0 0 14 2 1332 1333 0 0 14 2 1334 1335 0 0 14 2 1336 1337 0 0 14 2 1338 1339 0 0 14 2 1340 1341 0 0 14 2 1342 1343 0 0 14 2 1344 1345 0 0 14 2 1346 1347 0 0 14 2 1348 1349 0 0 14 2 1350 1351 0 0 14 2 1352 1353 0 0 14 2 1354 1355 0 0 14 2 1356 1357 0 0 14 2 1358 1359 0 0 14 2 1360 1361 0 0 14 2 1362 1363 0 0 14 2 1364 1365 0 0 14 2 1366 1367 0 0 14 2 1368 1369 0 0 14 2 1370 1371 0 0 14 2 1372 1373 0 0 14 2 1374 1375 0 0 14 2 1376 1377 0 0 14 2 1378 1379 0 0 14 2 1380 1381 0 0 14 2 1382 1383 0 0 14 2 1384 1385 0 0 14 2 1386 1387 0 0 14 2 1388 1389 0 0 14 2 1390 1391 0 0 14 2 1392 1393 0 0 14 2 1394 1395 0 0 14 2 1396 1397 0 0 14 2 1398 1399 0 0 
0 0 0 0 0 0 0 0 0 0 0 0 0 0 0 0 0 0 0 0 0 0 0 0 0 0 0 0 0 0 0 0 0 0 0 0 0 0 0 0 0 0 0 0 0 0 0 0 0 0 0 0 0 0 0 0 0 0 0 0 0 0 0 0 0 0 0 0 0 0 0 0 0 0 0 0 0 0 0 0 0 0 0 0 0 0 0 0 0 0 0 0 0 0 0 0 0 0 0 0 
0 0 0 0 0 0 0 0 0 0 0 0 0 0 0 0 0 0 0 0 0 0 0 0 0 0 0 0 0 0 0 0 0 0 0 0 0 0 0 0 0 0 0 0 0 0 0 0 0 0 0 0 0 0 0 0 0 0 0 0 0 0 0 0 0 0 0 0 0 0 0 0 0 0 0 0 0 0 0 0 0 0 0 0 0 0 0 0 0 0 0 0 0 0 0 0 0 0 0 0 
0 0 0 0 0 0 0 0 0 0 0 0 0 0 0 0 0 0 0 0 0 0 0 0 0 0 0 0 0 0 0 0 0 0 0 0 0 0 0 0 0 0 0 0 0 0 0 0 0 0 0 0 0 0 0 0 0 0 0 0 0 0 0 0 0 0 0 0 0 0 0 0 0 0 0 0 0 0 0 0 0 0 0 0 0 0 0 0 0 0 0 0 0 0 0 0 0 0 0 0 
0 0 0 0 0 0 0 0 0 0 0 0 0 0 0 0 0 0 0 0 0 0 0 0 0 0 0 0 0 0 0 0 0 0 0 0 0 0 0 0 0 0 0 0 0 0 0 0 0 0 0 0 0 0 0 0 0 0 0 0 0 0 0 0 0 0 0 0 0 0 0 0 0 0 0 0 0 0 0 0 0 0 0 0 0 0 0 0 0 0 0 0 0 0 0 0 0 0 0 0 
0 0 0 0 0 0 0 0 0 0 0 0 0 0 0 0 0 0 0 0 0 0 0 0 0 0 0 0 0 0 0 0 0 0 0 0 0 0 0 0 0 0 0 0 0 0 0 0 0 0 0 0 0 0 0 0 0 0 0 0 0 0 0 0 0 0 0 0 0 0 0 0 0 0 0 0 0 0 0 0 0 0 0 0 0 0 0 0 0 0 0 0 0 0 0 0 0 0 0 0 
0 0 0 0 0 0 0 0 0 0 0 0 0 0 0 0 0 0 0 0 0 0 0 0 0 0 0 0 0 0 0 0 0 0 0 0 0 0 0 0 0 0 0 0 0 0 0 0 0 0 0 0 0 0 0 0 0 0 0 0 0 0 0 0 0 0 0 0 0 0 0 0 0 0 0 0 0 0 0 0 0 0 0 0 0 0 0 0 0 0 0 0 0 0 0 0 0 0 0 0 
0 0 0 0 0 0 0 0 0 0 0 0 0 0 0 0 0 0 0 0 0 0 0 0 0 0 0 0 0 0 0 0 0 0 0 0 0 0 0 0 0 0 0 0 0 0 0 0 0 0 0 0 0 0 0 0 0 0 0 0 0 0 0 0 0 0 0 0 0 0 0 0 0 0 0 0 0 0 0 0 0 0 0 0 0 0 0 0 0 0 0 0 0 0 0 0 0 0 0 0 
0 0 0 0 0 0 0 0 0 0 0 0 0 0 0 0 0 0 0 0 0 0 0 0 0 0 0 0 0 0 0 0 0 0 0 0 0 0 0 0 0 0 0 0 0 0 0 0 0 0 0 0 0 0 0 0 0 0 0 0 0 0 0 0 0 0 0 0 0 0 0 0 0 0 0 0 0 0 0 0 0 0 0 0 0 0 0 0 0 0 0 0 0 0 0 0 0 0 0 0 
0 0 0 0 0 0 0 0 0 0 0 0 0 0 0 0 0 0 0 0 0 0 0 0 0 0 0 0 0 0 0 0 0 0 0 0 0 0 0 0 0 0 0 0 0 0 0 0 0 0 0 0 0 0 0 0 0 0 0 0 0 0 0 0 0 0 0 0 0 0 0 0 0 0 0 0 0 0 0 0 0 0 0 0 0 0 0 0 0 0 0 0 0 0 0 0 0 0 0 0 
0 0 0 0 0 0 0 0 0 0 0 0 0 0 0 0 0 0 0 0 0 0 0 0 0 0 0 0 0 0 0 0 0 0 0 0 0 0 0 0 0 0 0 0 0 0 0 0 0 0 0 0 0 0 0 0 0 0 0 0 0 0 0 0 0 0 0 0 0 0 0 0 0 0 0 0 0 0 0 0 0 0 0 0 0 0 0 0 0 0 0 0 0 0 0 0 0 0 0 0 
0 0 0 0 0 0 0 0 0 0 0 0 0 0 0 0 0 0 0 0 0 0 0 0 0 0 0 0 0 0 0 0 0 0 0 0 0 0 0 0 0 0 0 0 0 0 0 0 0 0 0 0 0 0 0 0 0 0 0 0 0 0 0 0 0 0 0 0 0 0 0 0 0 0 0 0 0 0 0 0 0 0 0 0 0 0 0 0 0 0 0 0 0 0 0 0 0 0 0 0 
0 0 0 0 0 0 0 0 0 0 0 0 0 0 0 0 0 0 0 0 0 0 0 0 0 0 0 0 0 0 0 0 0 0 0 0 0 0 0 0 0 0 0 0 0 0 0 0 0 0 0 0 0 0 0 0 0 0 0 0 0 0 0 0 0 0 0 0 0 0 0 0 0 0 0 0 0 0 0 0 0 0 0 0 0 0 0 0 0 0 0 0 0 0 0 0 0 0 0 0 
0 0 0 0 0 0 0 0 0 0 0 0 0 0 0 0 0 0 0 0 0 0 0 0 0 0 0 0 0 0 0 0 0 0 0 0 0 0 0 0 0 0 0 0 0 0 0 0 0 0 0 0 0 0 0 0 0 0 0 0 0 0 0 0 0 0 0 0 0 0 0 0 0 0 0 0 0 0 0 0 0 0 0 0 0 0 0 0 0 0 0 0 0 0 0 0 0 0 0 0 
0 0 0 0 0 0 0 0 0 0 0 0 0 0 0 0 0 0 0 0 0 0 0 0 0 0 0 0 0 0 0 0 0 0 0 0 0 0 0 0 0 0 0 0 0 0 0 0 0 0 0 0 0 0 0 0 0 0 0 0 0 0 0 0 0 0 0 0 0 0 0 0 0 0 0 0 0 0 0 0 0 0 0 0 0 0 0 0 0 0 0 0 0 0 0 0 0 0 0 0 
0 0 0 0 0 0 0 0 0 0 0 0 0 0 0 0 0 0 0 0 0 0 0 0 0 0 0 0 0 0 0 0 0 0 0 0 0 0 0 0 0 0 0 0 0 0 0 0 0 0 0 0 0 0 0 0 0 0 0 0 0 0 0 0 0 0 0 0 0 0 0 0 0 0 0 0 0 0 0 0 0 0 0 0 0 0 0 0 0 0 0 0 0 0 0 0 0 0 0 0 
0 0 0 0 0 0 0 0 0 0 0 0 0 0 0 0 0 0 0 0 0 0 0 0 0 0 0 0 0 0 0 0 0 0 0 0 0 0 0 0 0 0 0 0 0 0 0 0 0 0 0 0 0 0 0 0 0 0 0 0 0 0 0 0 0 0 0 0 0 0 0 0 0 0 0 0 0 0 0 0 0 0 0 0 0 0 0 0 0 0 0 0 0 0 0 0 0 0 0 0 
0 0 0 0 0 0 0 0 0 0 0 0 0 0 0 0 0 0 0 0 0 0 0 0 0 0 0 0 0 0 0 0 0 0 0 0 0 0 0 0 0 0 0 0 0 0 0 0 0 0 0 0 0 0 0 0 0 0 0 0 0 0 0 0 0 0 0 0 0 0 0 0 0 0 0 0 0 0 0 0 0 0 0 0 0 0 0 0 0 0 0 0 0 0 0 0 0 0 0 0 
0 0 0 0 0 0 0 0 0 0 0 0 0 0 0 0 0 0 0 0 0 0 0 0 0 0 0 0 0 0 0 0 0 0 0 0 0 0 0 0 0 0 0 0 0 0 0 0 0 0 0 0 0 0 0 0 0 0 0 0 0 0 0 0 0 0 0 0 0 0 0 0 0 0 0 0 0 0 0 0 0 0 0 0 0 0 0 0 0 0 0 0 0 0 0 0 0 0 0 0 
0 0 0 0 0 0 0 0 0 0 0 0 0 0 0 0 0 0 0 0 0 0 0 0 0 0 0 0 0 0 0 0 0 0 0 0 0 0 0 0 0 0 0 0 0 0 0 0 0 0 0 0 0 0 0 0 0 0 0 0 0 0 0 0 0 0 0 0 0 0 0 0 0 0 0 0 0 0 0 0 0 0 0 0 0 0 0 0 0 0 0 0 0 0 0 0 0 0 0 0 
0 0 0 0 0 0 0 0 0 0 0 0 0 0 0 0 0 0 0 0 0 0 0 0 0 0 0 0 0 0 0 0 0 0 0 0 0 0 0 0 0 0 0 0 0 0 0 0 0 0 0 0 0 0 0 0 0 0 0 0 0 0 0 0 0 0 0 0 0 0 0 0 0 0 0 0 0 0 0 0 0 0 0 0 0 0 0 0 0 0 0 0 0 0 0 0 0 0 0 0 
0 0 0 0 0 0 0 0 0 0 0 0 0 0 0 0 0 0 0 0 0 0 0 0 0 0 0 0 0 0 0 0 0 0 0 0 0 0 0 0 0 0 0 0 0 0 0 0 0 0 0 0 0 0 0 0 0 0 0 0 0 0 0 0 0 0 0 0 0 0 0 0 0 0 0 0 0 0 0 0 0 0 0 0 0 0 0 0 0 0 0 0 0 0 0 0 0 0 0 0 
0 0 0 0 0 0 0 0 0 0 0 0 0 0 0 0 0 0 0 0 0 0 0 0 0 0 0 0 0 0 0 0 0 0 0 0 0 0 0 0 0 0 0 0 0 0 0 0 0 0 0 0 0 0 0 0 0 0 0 0 0 0 0 0 0 0 0 0 0 0 0 0 0 0 0 0 0 0 0 0 0 0 0 0 0 0 0 0 0 0 0 0 0 0 0 0 0 0 0 0 
0 0 0 0 0 0 0 0 0 0 0 0 0 0 0 0 0 0 0 0 0 0 0 0 0 0 0 0 0 0 0 0 0 0 0 0 0 0 0 0 0 0 0 0 0 0 0 0 0 0 0 0 0 0 0 0 0 0 0 0 0 0 0 0 0 0 0 0 0 0 0 0 0 0 0 0 0 0 0 0 0 0 0 0 0 0 0 0 0 0 0 0 0 0 0 0 0 0 0 0 
0 0 0 0 0 0 0 0 0 0 0 0 0 0 0 0 0 0 0 0 0 0 0 0 0 0 0 0 0 0 0 0 0 0 0 0 0 0 0 0 0 0 0 0 0 0 0 0 0 0 0 0 0 0 0 0 0 0 0 0 0 0 0 0 0 0 0 0 0 0 0 0 0 0 0 0 0 0 0 0 0 0 0 0 0 0 0 0 0 0 0 0 0 0 0 0 0 0 0 0 
0 0 0 0 0 0 0 0 0 0 0 0 0 0 0 0 0 0 0 0 0 0 0 0 0 0 0 0 0 0 0 0 0 0 0 0 0 0 0 0 0 0 0 0 0 0 0 0 0 0 0 0 0 0 0 0 0 0 0 0 0 0 0 0 0 0 0 0 0 0 0 0 0 0 0 0 0 0 0 0 0 0 0 0 0 0 0 0 0 0 0 0 0 0 0 0 0 0 0 0 
0 0 0 0 0 0 0 0 0 0 0 0 0 0 0 0 0 0 0 0 0 0 0 0 0 0 0 0 0 0 0 0 0 0 0 0 0 0 0 0 0 0 0 0 0 0 0 0 0 0 0 0 0 0 0 0 0 0 0 0 0 0 0 0 0 0 0 0 0 0 0 0 0 0 0 0 0 0 0 0 0 0 0 0 0 0 0 0 0 0 0 0 0 0 0 0 0 0 0 0 
0 0 0 0 0 0 0 0 0 0 0 0 0 0 0 0 0 0 0 0 0 0 0 0 0 0 0 0 0 0 0 0 0 0 0 0 0 0 0 0 0 0 0 0 0 0 0 0 0 0 0 0 0 0 0 0 0 0 0 0 0 0 0 0 0 0 0 0 0 0 0 0 0 0 0 0 0 0 0 0 0 0 0 0 0 0 0 0 0 0 0 0 0 0 0 0 0 0 0 0 
0 0 0 0 0 0 0 0 0 0 0 0 0 0 0 0 0 0 0 0 0 0 0 0 0 0 0 0 0 0 0 0 0 0 0 0 0 0 0 0 0 0 0 0 0 0 0 0 0 0 0 0 0 0 0 0 0 0 0 0 0 0 0 0 0 0 0 0 0 0 0 0 0 0 0 0 0 0 0 0 0 0 0 0 0 0 0 0 0 0 0 0 0 0 0 0 0 0 0 0 
0 0 0 0 0 0 0 0 0 0 0 0 0 0 0 0 0 0 0 0 0 0 0 0 0 0 0 0 0 0 0 0 0 0 0 0 0 0 0 0 0 0 0 0 0 0 0 0 0 0 0 0 0 0 0 0 0 0 0 0 0 0 0 0 0 0 0 0 0 0 0 0 0 0 0 0 0 0 0 0 0 0 0 0 0 0 0 0 0 0 0 0 0 0 0 0 0 0 0 0 
0 0 0 0 0 0 0 0 0 0 0 0 0 0 0 0 0 0 0 0 0 0 0 0 0 0 0 0 0 0 0 0 0 0 0 0 0 0 0 0 0 0 0 0 0 0 0 0 0 0 0 0 0 0 0 0 0 0 0 0 0 0 0 0 0 0 0 0 0 0 0 0 0 0 0 0 0 0 0 0 0 0 0 0 0 0 0 0 0 0 0 0 0 0 0 0 0 0 0 0 
0 0 0 0 0 0 0 0 0 0 0 0 0 0 0 0 0 0 0 0 0 0 0 0 0 0 0 0 0 0 0 0 0 0 0 0 0 0 0 0 0 0 0 0 0 0 0 0 0 0 0 0 0 0 0 0 0 0 0 0 0 0 0 0 0 0 0 0 0 0 0 0 0 0 0 0 0 0 0 0 0 0 0 0 0 0 0 0 0 0 0 0 0 0 0 0 0 0 0 0 
0 0 0 0 0 0 0 0 0 0 0 0 0 0 0 0 0 0 0 0 0 0 0 0 0 0 0 0 0 0 0 0 0 0 0 0 0 0 0 0 0 0 0 0 0 0 0 0 0 0 0 0 0 0 0 0 0 0 0 0 0 0 0 0 0 0 0 0 0 0 0 0 0 0 0 0 0 0 0 0 0 0 0 0 0 0 0 0 0 0 0 0 0 0 0 0 0 0 0 0 
0 0 0 0 0 0 0 0 0 0 0 0 0 0 0 0 0 0 0 0 0 0 0 0 0 0 0 0 0 0 0 0 0 0 0 0 0 0 0 0 0 0 0 0 0 0 0 0 0 0 0 0 0 0 0 0 0 0 0 0 0 0 0 0 0 0 0 0 0 0 0 0 0 0 0 0 0 0 0 0 0 0 0 0 0 0 0 0 0 0 0 0 0 0 0 0 0 0 0 0 
0 0 0 0 0 0 0 0 0 0 0 0 0 0 0 0 0 0 0 0 0 0 0 0 0 0 0 0 0 0 0 0 0 0 0 0 0 0 0 0 0 0 0 0 0 0 0 0 0 0 0 0 0 0 0 0 0 0 0 0 0 0 0 0 0 0 0 0 0 0 0 0 0 0 0 0 0 0 0 0 0 0 0 0 0 0 0 0 0 0 0 0 0 0 0 0 0 0 0 0 
0 0 0 0 0 0 0 0 0 0 0 0 0 0 0 0 0 0 0 0 0 0 0 0 0 0 0 0 0 0 0 0 0 0 0 0 0 0 0 0 0 0 0 0 0 0 0 0 0 0 0 0 0 0 0 0 0 0 0 0 0 0 0 0 0 0 0 0 0 0 0 0 0 0 0 0 0 0 0 0 0 0 0 0 0 0 0 0 0 0 0 0 0 0 0 0 0 0 0 0 
0 0 0 0 0 0 0 0 0 0 0 0 0 0 0 0 0 0 0 0 0 0 0 0 0 0 0 0 0 0 0 0 0 0 0 0 0 0 0 0 0 0 0 0 0 0 0 0 0 0 0 0 0 0 0 0 0 0 0 0 0 0 0 0 0 0 0 0 0 0 0 0 0 0 0 0 0 0 0 0 0 0 0 0 0 0 0 0 0 0 0 0 0 0 0 0 0 0 0 0 
14 2 8600 8601 0 0 14 2 8602 8603 0 0 14 2 8604 8605 0 0 14 2 8606 8607 0 0 14 2 8608 8609 0 0 14 2 8610 8611 0 0 14 2 8612 8613 0 0 14 2 8614 8615 0 0 14 2 8616 8617 0 0 14 2 8618 8619 0 0 14 2 8620 8621 0 0 14 2 8622 8623 0 0 14 2 8624 8625 0 0 14 2 8626 8627 0 0 14 2 8628 8629 0 0 14 2 8630 8631 0 0 14 2 8632 8633 0 0 14 2 8634 8635 0 0 14 2 8636 8637 0 0 14 2 8638 8639 0 0 14 2 8640 8641 0 0 14 2 8642 8643 0 0 14 2 8644 8645 0 0 14 2 8646 8647 0 0 14 2 8648 8649 0 0 14 2 8650 8651 0 0 14 2 8652 8653 0 0 14 2 8654 8655 0 0 14 2 8656 8657 0 0 14 2 8658 8659 0 0 14 2 8660 8661 0 0 14 2 8662 8663 0 0 14 2 8664 8665 0 0 14 2 8666 8667 0 0 14 2 8668 8669 0 0 14 2 8670 8671 0 0 14 2 8672 8673 0 0 14 2 8674 8675 0 0 14 2 8676 8677 0 0 14 2 8678 8679 0 0 14 2 8680 8681 0 0 14 2 8682 8683 0 0 14 2 8684 8685 0 0 14 2 8686 8687 0 0 14 2 8688 8689 0 0 14 2 8690 8691 0 0 14 2 8692 8693 0 0 14 2 8694 8695 0 0 14 2 8696 8697 0 0 14 2 8698 8699 0 0 14 2 8700 8701 0 0 14 2 8702 8703 0 0 14 2 8704 8705 0 0 14 2 8706 8707 0 0 14 2 8708 8709 0 0 14 2 8710 8711 0 0 14 2 8712 8713 0 0 14 2 8714 8715 0 0 14 2 8716 8717 0 0 14 2 8718 8719 0 0 14 2 8720 8721 0 0 14 2 8722 8723 0 0 14 2 8724 8725 0 0 14 2 8726 8727 0 0 14 2 8728 8729 0 0 14 2 8730 8731 0 0 14 2 8732 8733 0 0 14 2 8734 8735 0 0 14 2 8736 8737 0 0 14 2 8738 8739 0 0 14 2 8740 8741 0 0 14 2 8742 8743 0 0 14 2 8744 8745 0 0 14 2 8746 8747 0 0 14 2 8748 8749 0 0 14 2 8750 8751 0 0 14 2 8752 8753 0 0 14 2 8754 8755 0 0 14 2 8756 8757 0 0 14 2 8758 8759 0 0 14 2 8760 8761 0 0 14 2 8762 8763 0 0 14 2 8764 8765 0 0 14 2 8766 8767 0 0 14 2 8768 8769 0 0 14 2 8770 8771 0 0 14 2 8772 8773 0 0 14 2 8774 8775 0 0 14 2 8776 8777 0 0 14 2 8778 8779 0 0 14 2 8780 8781 0 0 14 2 8782 8783 0 0 14 2 8784 8785 0 0 14 2 8786 8787 0 0 14 2 8788 8789 0 0 14 2 8790 8791 0 0 14 2 8792 8793 0 0 14 2 8794 8795 0 0 14 2 8796 8797 0 0 14 2 8798 8799 0 0 
14 2 8800 8801 0 0 14 2 8802 8803 0 0 14 2 8804 8805 0 0 14 2 8806 8807 0 0 14 2 8808 8809 0 0 14 2 8810 8811 0 0 14 2 8812 8813 0 0 14 2 8814 8815 0 0 14 2 8816 8817 0 0 14 2 8818 8819 0 0 14 2 8820 8821 0 0 14 2 8822 8823 0 0 14 2 8824 8825 0 0 14 2 8826 8827 0 0 14 2 8828 8829 0 0 14 2 8830 8831 0 0 14 2 8832 8833 0 0 14 2 8834 8835 0 0 14 2 8836 8837 0 0 14 2 8838 8839 0 0 14 2 8840 8841 0 0 14 2 8842 8843 0 0 14 2 8844 8845 0 0 14 2 8846 8847 0 0 14 2 8848 8849 0 0 14 2 8850 8851 0 0 14 2 8852 8853 0 0 14 2 8854 8855 0 0 14 2 8856 8857 0 0 14 2 8858 8859 0 0 14 2 8860 8861 0 0 14 2 8862 8863 0 0 14 2 8864 8865 0 0 14 2 8866 8867 0 0 14 2 8868 8869 0 0 14 2 8870 8871 0 0 14 2 8872 8873 0 0 14 2 8874 8875 0 0 14 2 8876 8877 0 0 14 2 8878 8879 0 0 14 2 8880 8881 0 0 14 2 8882 8883 0 0 14 2 8884 8885 0 0 14 2 8886 8887 0 0 14 2 8888 8889 0 0 14 2 8890 8891 0 0 14 2 8892 8893 0 0 14 2 8894 8895 0 0 14 2 8896 8897 0 0 14 2 8898 8899 0 0 14 2 8900 8901 0 0 14 2 8902 8903 0 0 14 2 8904 8905 0 0 14 2 8906 8907 0 0 14 2 8908 8909 0 0 14 2 8910 8911 0 0 14 2 8912 8913 0 0 14 2 8914 8915 0 0 14 2 8916 8917 0 0 14 2 8918 8919 0 0 14 2 8920 8921 0 0 14 2 8922 8923 0 0 14 2 8924 8925 0 0 14 2 8926 8927 0 0 14 2 8928 8929 0 0 14 2 8930 8931 0 0 14 2 8932 8933 0 0 14 2 8934 8935 0 0 14 2 8936 8937 0 0 14 2 8938 8939 0 0 14 2 8940 8941 0 0 14 2 8942 8943 0 0 14 2 8944 8945 0 0 14 2 8946 8947 0 0 14 2 8948 8949 0 0 14 2 8950 8951 0 0 14 2 8952 8953 0 0 14 2 8954 8955 0 0 14 2 8956 8957 0 0 14 2 8958 8959 0 0 14 2 8960 8961 0 0 14 2 8962 8963 0 0 14 2 8964 8965 0 0 14 2 8966 8967 0 0 14 2 8968 8969 0 0 14 2 8970 8971 0 0 14 2 8972 8973 0 0 14 2 8974 8975 0 0 14 2 8976 8977 0 0 14 2 8978 8979 0 0 14 2 8980 8981 0 0 14 2 8982 8983 0 0 14 2 8984 8985 0 0 14 2 8986 8987 0 0 14 2 8988 8989 0 0 14 2 8990 8991 0 0 14 2 8992 8993 0 0 14 2 8994 8995 0 0 14 2 8996 8997 0 0 14 2 8998 8999 0 0 
0 0 0 0 0 0 0 0 0 0 0 0 0 0 0 0 0 0 0 0 0 0 0 0 0 0 0 0 0 0 0 0 0 0 0 0 0 0 0 0 0 0 0 0 0 0 0 0 0 0 0 0 0 0 0 0 0 0 0 0 0 0 0 0 0 0 0 0 0 0 0 0 0 0 0 0 0 0 0 0 0 0 0 0 0 0 0 0 0 0 0 0 0 0 0 0 0 0 0 0 
0 0 0 0 0 0 0 0 0 0 0 0 0 0 0 0 0 0 0 0 0 0 0 0 0 0 0 0 0 0 0 0 0 0 0 0 0 0 0 0 0 0 0 0 0 0 0 0 0 0 0 0 0 0 0 0 0 0 0 0 0 0 0 0 0 0 0 0 0 0 0 0 0 0 0 0 0 0 0 0 0 0 0 0 0 0 0 0 0 0 0 0 0 0 0 0 0 0 0 0 
0 0 0 0 0 0 0 0 0 0 0 0 0 0 0 0 0 0 0 0 0 0 0 0 0 0 0 0 0 0 0 0 0 0 0 0 0 0 0 0 0 0 0 0 0 0 0 0 0 0 0 0 0 0 0 0 0 0 0 0 0 0 0 0 0 0 0 0 0 0 0 0 0 0 0 0 0 0 0 0 0 0 0 0 0 0 0 0 0 0 0 0 0 0 0 0 0 0 0 0 
0 0 0 0 0 0 0 0 0 0 0 0 0 0 0 0 0 0 0 0 0 0 0 0 0 0 0 0 0 0 0 0 0 0 0 0 0 0 0 0 0 0 0 0 0 0 0 0 0 0 0 0 0 0 0 0 0 0 0 0 0 0 0 0 0 0 0 0 0 0 0 0 0 0 0 0 0 0 0 0 0 0 0 0 0 0 0 0 0 0 0 0 0 0 0 0 0 0 0 0 
0 0 0 0 0 0 0 0 0 0 0 0 0 0 0 0 0 0 0 0 0 0 0 0 0 0 0 0 0 0 0 0 0 0 0 0 0 0 0 0 0 0 0 0 0 0 0 0 0 0 0 0 0 0 0 0 0 0 0 0 0 0 0 0 0 0 0 0 0 0 0 0 0 0 0 0 0 0 0 0 0 0 0 0 0 0 0 0 0 0 0 0 0 0 0 0 0 0 0 0 
0 0 0 0 0 0 0 0 0 0 0 0 0 0 0 0 0 0 0 0 0 0 0 0 0 0 0 0 0 0 0 0 0 0 0 0 0 0 0 0 0 0 0 0 0 0 0 0 0 0 0 0 0 0 0 0 0 0 0 0 0 0 0 0 0 0 0 0 0 0 0 0 0 0 0 0 0 0 0 0 0 0 0 0 0 0 0 0 0 0 0 0 0 0 0 0 0 0 0 0 
0 0 0 0 0 0 0 0 0 0 0 0 0 0 0 0 0 0 0 0 0 0 0 0 0 0 0 0 0 0 0 0 0 0 0 0 0 0 0 0 0 0 0 0 0 0 0 0 0 0 0 0 0 0 0 0 0 0 0 0 0 0 0 0 0 0 0 0 0 0 0 0 0 0 0 0 0 0 0 0 0 0 0 0 0 0 0 0 0 0 0 0 0 0 0 0 0 0 0 0 
0 0 0 0 0 0 0 0 0 0 0 0 0 0 0 0 0 0 0 0 0 0 0 0 0 0 0 0 0 0 0 0 0 0 0 0 0 0 0 0 0 0 0 0 0 0 0 0 0 0 0 0 0 0 0 0 0 0 0 0 0 0 0 0 0 0 0 0 0 0 0 0 0 0 0 0 0 0 0 0 0 0 0 0 0 0 0 0 0 0 0 0 0 0 0 0 0 0 0 0 
0 0 0 0 0 0 0 0 0 0 0 0 0 0 0 0 0 0 0 0 0 0 0 0 0 0 0 0 0 0 0 0 0 0 0 0 0 0 0 0 0 0 0 0 0 0 0 0 0 0 0 0 0 0 0 0 0 0 0 0 0 0 0 0 0 0 0 0 0 0 0 0 0 0 0 0 0 0 0 0 0 0 0 0 0 0 0 0 0 0 0 0 0 0 0 0 0 0 0 0 
0 0 0 0 0 0 0 0 0 0 0 0 0 0 0 0 0 0 0 0 0 0 0 0 0 0 0 0 0 0 0 0 0 0 0 0 0 0 0 0 0 0 0 0 0 0 0 0 0 0 0 0 0 0 0 0 0 0 0 0 0 0 0 0 0 0 0 0 0 0 0 0 0 0 0 0 0 0 0 0 0 0 0 0 0 0 0 0 0 0 0 0 0 0 0 0 0 0 0 0 
0 0 0 0 0 0 0 0 0 0 0 0 0 0 0 0 0 0 0 0 0 0 0 0 0 0 0 0 0 0 0 0 0 0 0 0 0 0 0 0 0 0 0 0 0 0 0 0 0 0 0 0 0 0 0 0 0 0 0 0 0 0 0 0 0 0 0 0 0 0 0 0 0 0 0 0 0 0 0 0 0 0 0 0 0 0 0 0 0 0 0 0 0 0 0 0 0 0 0 0 
0 0 0 0 0 0 0 0 0 0 0 0 0 0 0 0 0 0 0 0 0 0 0 0 0 0 0 0 0 0 0 0 0 0 0 0 0 0 0 0 0 0 0 0 0 0 0 0 0 0 0 0 0 0 0 0 0 0 0 0 0 0 0 0 0 0 0 0 0 0 0 0 0 0 0 0 0 0 0 0 0 0 0 0 0 0 0 0 0 0 0 0 0 0 0 0 0 0 0 0 
0 0 0 0 0 0 0 0 0 0 0 0 0 0 0 0 0 0 0 0 0 0 0 0 0 0 0 0 0 0 0 0 0 0 0 0 0 0 0 0 0 0 0 0 0 0 0 0 0 0 0 0 0 0 0 0 0 0 0 0 0 0 0 0 0 0 0 0 0 0 0 0 0 0 0 0 0 0 0 0 0 0 0 0 0 0 0 0 0 0 0 0 0 0 0 0 0 0 0 0 
0 0 0 0 0 0 0 0 0 0 0 0 0 0 0 0 0 0 0 0 0 0 0 0 0 0 0 0 0 0 0 0 0 0 0 0 0 0 0 0 0 0 0 0 0 0 0 0 0 0 0 0 0 0 0 0 0 0 0 0 0 0 0 0 0 0 0 0 0 0 0 0 0 0 0 0 0 0 0 0 0 0 0 0 0 0 0 0 0 0 0 0 0 0 0 0 0 0 0 0 
0 0 0 0 0 0 0 0 0 0 0 0 0 0 0 0 0 0 0 0 0 0 0 0 0 0 0 0 0 0 0 0 0 0 0 0 0 0 0 0 0 0 0 0 0 0 0 0 0 0 0 0 0 0 0 0 0 0 0 0 0 0 0 0 0 0 0 0 0 0 0 0 0 0 0 0 0 0 0 0 0 0 0 0 0 0 0 0 0 0 0 0 0 0 0 0 0 0 0 0 
0 0 0 0 0 0 0 0 0 0 0 0 0 0 0 0 0 0 0 0 0 0 0 0 0 0 0 0 0 0 0 0 0 0 0 0 0 0 0 0 0 0 0 0 0 0 0 0 0 0 0 0 0 0 0 0 0 0 0 0 0 0 0 0 0 0 0 0 0 0 0 0 0 0 0 0 0 0 0 0 0 0 0 0 0 0 0 0 0 0 0 0 0 0 0 0 0 0 0 0 
0 0 0 0 0 0 0 0 0 0 0 0 0 0 0 0 0 0 0 0 0 0 0 0 0 0 0 0 0 0 0 0 0 0 0 0 0 0 0 0 0 0 0 0 0 0 0 0 0 0 0 0 0 0 0 0 0 0 0 0 0 0 0 0 0 0 0 0 0 0 0 0 0 0 0 0 0 0 0 0 0 0 0 0 0 0 0 0 0 0 0 0 0 0 0 0 0 0 0 0 
0 0 0 0 0 0 0 0 0 0 0 0 0 0 0 0 0 0 0 0 0 0 0 0 0 0 0 0 0 0 0 0 0 0 0 0 0 0 0 0 0 0 0 0 0 0 0 0 0 0 0 0 0 0 0 0 0 0 0 0 0 0 0 0 0 0 0 0 0 0 0 0 0 0 0 0 0 0 0 0 0 0 0 0 0 0 0 0 0 0 0 0 0 0 0 0 0 0 0 0 
0 0 0 0 0 0 0 0 0 0 0 0 0 0 0 0 0 0 0 0 0 0 0 0 0 0 0 0 0 0 0 0 0 0 0 0 0 0 0 0 0 0 0 0 0 0 0 0 0 0 0 0 0 0 0 0 0 0 0 0 0 0 0 0 0 0 0 0 0 0 0 0 0 0 0 0 0 0 0 0 0 0 0 0 0 0 0 0 0 0 0 0 0 0 0 0 0 0 0 0 
0 0 0 0 0 0 0 0 0 0 0 0 0 0 0 0 0 0 0 0 0 0 0 0 0 0 0 0 0 0 0 0 0 0 0 0 0 0 0 0 0 0 0 0 0 0 0 0 0 0 0 0 0 0 0 0 0 0 0 0 0 0 0 0 0 0 0 0 0 0 0 0 0 0 0 0 0 0 0 0 0 0 0 0 0 0 0 0 0 0 0 0 0 0 0 0 0 0 0 0 
0 0 0 0 0 0 0 0 0 0 0 0 0 0 0 0 0 0 0 0 0 0 0 0 0 0 0 0 0 0 0 0 0 0 0 0 0 0 0 0 0 0 0 0 0 0 0 0 0 0 0 0 0 0 0 0 0 0 0 0 0 0 0 0 0 0 0 0 0 0 0 0 0 0 0 0 0 0 0 0 0 0 0 0 0 0 0 0 0 0 0 0 0 0 0 0 0 0 0 0 
0 0 0 0 0 0 0 0 0 0 0 0 0 0 0 0 0 0 0 0 0 0 0 0 0 0 0 0 0 0 0 0 0 0 0 0 0 0 0 0 0 0 0 0 0 0 0 0 0 0 0 0 0 0 0 0 0 0 0 0 0 0 0 0 0 0 0 0 0 0 0 0 0 0 0 0 0 0 0 0 0 0 0 0 0 0 0 0 0 0 0 0 0 0 0 0 0 0 0 0 
0 0 0 0 0 0 0 0 0 0 0 0 0 0 0 0 0 0 0 0 0 0 0 0 0 0 0 0 0 0 0 0 0 0 0 0 0 0 0 0 0 0 0 0 0 0 0 0 0 0 0 0 0 0 0 0 0 0 0 0 0 0 0 0 0 0 0 0 0 0 0 0 0 0 0 0 0 0 0 0 0 0 0 0 0 0 0 0 0 0 0 0 0 0 0 0 0 0 0 0 
0 0 0 0 0 0 0 0 0 0 0 0 0 0 0 0 0 0 0 0 0 0 0 0 0 0 0 0 0 0 0 0 0 0 0 0 0 0 0 0 0 0 0 0 0 0 0 0 0 0 0 0 0 0 0 0 0 0 0 0 0 0 0 0 0 0 0 0 0 0 0 0 0 0 0 0 0 0 0 0 0 0 0 0 0 0 0 0 0 0 0 0 0 0 0 0 0 0 0 0 
0 0 0 0 0 0 0 0 0 0 0 0 0 0 0 0 0 0 0 0 0 0 0 0 0 0 0 0 0 0 0 0 0 0 0 0 0 0 0 0 0 0 0 0 0 0 0 0 0 0 0 0 0 0 0 0 0 0 0 0 0 0 0 0 0 0 0 0 0 0 0 0 0 0 0 0 0 0 0 0 0 0 0 0 0 0 0 0 0 0 0 0 0 0 0 0 0 0 0 0 
0 0 0 0 0 0 0 0 0 0 0 0 0 0 0 0 0 0 0 0 0 0 0 0 0 0 0 0 0 0 0 0 0 0 0 0 0 0 0 0 0 0 0 0 0 0 0 0 0 0 0 0 0 0 0 0 0 0 0 0 0 0 0 0 0 0 0 0 0 0 0 0 0 0 0 0 0 0 0 0 0 0 0 0 0 0 0 0 0 0 0 0 0 0 0 0 0 0 0 0 
0 0 0 0 0 0 0 0 0 0 0 0 0 0 0 0 0 0 0 0 0 0 0 0 0 0 0 0 0 0 0 0 0 0 0 0 0 0 0 0 0 0 0 0 0 0 0 0 0 0 0 0 0 0 0 0 0 0 0 0 0 0 0 0 0 0 0 0 0 0 0 0 0 0 0 0 0 0 0 0 0 0 0 0 0 0 0 0 0 0 0 0 0 0 0 0 0 0 0 0 
0 0 0 0 0 0 0 0 0 0 0 0 0 0 0 0 0 0 0 0 0 0 0 0 0 0 0 0 0 0 0 0 0 0 0 0 0 0 0 0 0 0 0 0 0 0 0 0 0 0 0 0 0 0 0 0 0 0 0 0 0 0 0 0 0 0 0 0 0 0 0 0 0 0 0 0 0 0 0 0 0 0 0 0 0 0 0 0 0 0 0 0 0 0 0 0 0 0 0 0 
0 0 0 0 0 0 0 0 0 0 0 0 0 0 0 0 0 0 0 0 0 0 0 0 0 0 0 0 0 0 0 0 0 0 0 0 0 0 0 0 0 0 0 0 0 0 0 0 0 0 0 0 0 0 0 0 0 0 0 0 0 0 0 0 0 0 0 0 0 0 0 0 0 0 0 0 0 0 0 0 0 0 0 0 0 0 0 0 0 0 0 0 0 0 0 0 0 0 0 0 
0 0 0 0 0 0 0 0 0 0 0 0 0 0 0 0 0 0 0 0 0 0 0 0 0 0 0 0 0 0 0 0 0 0 0 0 0 0 0 0 0 0 0 0 0 0 0 0 0 0 0 0 0 0 0 0 0 0 0 0 0 0 0 0 0 0 0 0 0 0 0 0 0 0 0 0 0 0 0 0 0 0 0 0 0 0 0 0 0 0 0 0 0 0 0 0 0 0 0 0 
0 0 0 0 0 0 0 0 0 0 0 0 0 0 0 0 0 0 0 0 0 0 0 0 0 0 0 0 0 0 0 0 0 0 0 0 0 0 0 0 0 0 0 0 0 0 0 0 0 0 0 0 0 0 0 0 0 0 0 0 0 0 0 0 0 0 0 0 0 0 0 0 0 0 0 0 0 0 0 0 0 0 0 0 0 0 0 0 0 0 0 0 0 0 0 0 0 0 0 0 
0 0 0 0 0 0 0 0 0 0 0 0 0 0 0 0 0 0 0 0 0 0 0 0 0 0 0 0 0 0 0 0 0 0 0 0 0 0 0 0 0 0 0 0 0 0 0 0 0 0 0 0 0 0 0 0 0 0 0 0 0 0 0 0 0 0 0 0 0 0 0 0 0 0 0 0 0 0 0 0 0 0 0 0 0 0 0 0 0 0 0 0 0 0 0 0 0 0 0 0 
0 0 0 0 0 0 0 0 0 0 0 0 0 0 0 0 0 0 0 0 0 0 0 0 0 0 0 0 0 0 0 0 0 0 0 0 0 0 0 0 0 0 0 0 0 0 0 0 0 0 0 0 0 0 0 0 0 0 0 0 0 0 0 0 0 0 0 0 0 0 0 0 0 0 0 0 0 0 0 0 0 0 0 0 0 0 0 0 0 0 0 0 0 0 0 0 0 0 0 0 
0 0 0 0 0 0 0 0 0 0 0 0 0 0 0 0 0 0 0 0 0 0 0 0 0 0 0 0 0 0 0 0 0 0 0 0 0 0 0 0 0 0 0 0 0 0 0 0 0 0 0 0 0 0 0 0 0 0 0 0 0 0 0 0 0 0 0 0 0 0 0 0 0 0 0 0 0 0 0 0 0 0 0 0 0 0 0 0 0 0 0 0 0 0 0 0 0 0 0 0 
0 0 0 0 0 0 0 0 0 0 0 0 0 0 0 0 0 0 0 0 0 0 0 0 0 0 0 0 0 0 0 0 0 0 0 0 0 0 0 0 0 0 0 0 0 0 0 0 0 0 0 0 0 0 0 0 0 0 0 0 0 0 0 0 0 0 0 0 0 0 0 0 0 0 0 0 0 0 0 0 0 0 0 0 0 0 0 0 0 0 0 0 0 0 0 0 0 0 0 0 
0 0 0 0 0 0 0 0 0 0 0 0 0 0 0 0 0 0 0 0 0 0 0 0 0 0 0 0 0 0 0 0 0 0 0 0 0 0 0 0 0 0 0 0 0 0 0 0 0 0 0 0 0 0 0 0 0 0 0 0 0 0 0 0 0 0 0 0 0 0 0 0 0 0 0 0 0 0 0 0 0 0 0 0 0 0 0 0 0 0 0 0 0 0 0 0 0 0 0 0 
0 0 0 0 0 0 0 0 0 0 0 0 0 0 0 0 0 0 0 0 0 0 0 0 0 0 0 0 0 0 0 0 0 0 0 0 0 0 0 0 0 0 0 0 0 0 0 0 0 0 0 0 0 0 0 0 0 0 0 0 0 0 0 0 0 0 0 0 0 0 0 0 0 0 0 0 0 0 0 0 0 0 0 0 0 0 0 0 0 0 0 0 0 0 0 0 0 0 0 0 
0 0 0 0 0 0 0 0 0 0 0 0 0 0 0 0 0 0 0 0 0 0 0 0 0 0 0 0 0 0 0 0 0 0 0 0 0 0 0 0 0 0 0 0 0 0 0 0 0 0 0 0 0 0 0 0 0 0 0 0 0 0 0 0 0 0 0 0 0 0 0 0 0 0 0 0 0 0 0 0 0 0 0 0 0 0 0 0 0 0 0 0 0 0 0 0 0 0 0 0 
0 0 0 0 0 0 0 0 0 0 0 0 0 0 0 0 0 0 0 0 0 0 0 0 0 0 0 0 0 0 0 0 0 0 0 0 0 0 0 0 0 0 0 0 0 0 0 0 0 0 0 0 0 0 0 0 0 0 0 0 0 0 0 0 0 0 0 0 0 0 0 0 0 0 0 0 0 0 0 0 0 0 0 0 0 0 0 0 0 0 0 0 0 0 0 0 0 0 0 0 
0 0 0 0 0 0 0 0 0 0 0 0 0 0 0 0 0 0 0 0 0 0 0 0 0 0 0 0 0 0 0 0 0 0 0 0 0 0 0 0 0 0 0 0 0 0 0 0 0 0 0 0 0 0 0 0 0 0 0 0 0 0 0 0 0 0 0 0 0 0 0 0 0 0 0 0 0 0 0 0 0 0 0 0 0 0 0 0 0 0 0 0 0 0 0 0 0 0 0 0 
0 0 0 0 0 0 0 0 0 0 0 0 0 0 0 0 0 0 0 0 0 0 0 0 0 0 0 0 0 0 0 0 0 0 0 0 0 0 0 0 0 0 0 0 0 0 0 0 0 0 0 0 0 0 0 0 0 0 0 0 0 0 0 0 0 0 0 0 0 0 0 0 0 0 0 0 0 0 0 0 0 0 0 0 0 0 0 0 0 0 0 0 0 0 0 0 0 0 0 0 
0 0 0 0 0 0 0 0 0 0 0 0 0 0 0 0 0 0 0 0 0 0 0 0 0 0 0 0 0 0 0 0 0 0 0 0 0 0 0 0 0 0 0 0 0 0 0 0 0 0 0 0 0 0 0 0 0 0 0 0 0 0 0 0 0 0 0 0 0 0 0 0 0 0 0 0 0 0 0 0 0 0 0 0 0 0 0 0 0 0 0 0 0 0 0 0 0 0 0 0 
0 0 0 0 0 0 0 0 0 0 0 0 0 0 0 0 0 0 0 0 0 0 0 0 0 0 0 0 0 0 0 0 0 0 0 0 0 0 0 0 0 0 0 0 0 0 0 0 0 0 0 0 0 0 0 0 0 0 0 0 0 0 0 0 0 0 0 0 0 0 0 0 0 0 0 0 0 0 0 0 0 0 0 0 0 0 0 0 0 0 0 0 0 0 0 0 0 0 0 0 
0 0 0 0 0 0 0 0 0 0 0 0 0 0 0 0 0 0 0 0 0 0 0 0 0 0 0 0 0 0 0 0 0 0 0 0 0 0 0 0 0 0 0 0 0 0 0 0 0 0 0 0 0 0 0 0 0 0 0 0 0 0 0 0 0 0 0 0 0 0 0 0 0 0 0 0 0 0 0 0 0 0 0 0 0 0 0 0 0 0 0 0 0 0 0 0 0 0 0 0 
0 0 0 0 0 0 0 0 0 0 0 0 0 0 0 0 0 0 0 0 0 0 0 0 0 0 0 0 0 0 0 0 0 0 0 0 0 0 0 0 0 0 0 0 0 0 0 0 0 0 0 0 0 0 0 0 0 0 0 0 0 0 0 0 0 0 0 0 0 0 0 0 0 0 0 0 0 0 0 0 0 0 0 0 0 0 0 0 0 0 0 0 0 0 0 0 0 0 0 0 
0 0 0 0 0 0 0 0 0 0 0 0 0 0 0 0 0 0 0 0 0 0 0 0 0 0 0 0 0 0 0 0 0 0 0 0 0 0 0 0 0 0 0 0 0 0 0 0 0 0 0 0 0 0 0 0 0 0 0 0 0 0 0 0 0 0 0 0 0 0 0 0 0 0 0 0 0 0 0 0 0 0 0 0 0 0 0 0 0 0 0 0 0 0 0 0 0 0 0 0 
0 0 0 0 0 0 0 0 0 0 0 0 0 0 0 0 0 0 0 0 0 0 0 0 0 0 0 0 0 0 0 0 0 0 0 0 0 0 0 0 0 0 0 0 0 0 0 0 0 0 0 0 0 0 0 0 0 0 0 0 0 0 0 0 0 0 0 0 0 0 0 0 0 0 0 0 0 0 0 0 0 0 0 0 0 0 0 0 0 0 0 0 0 0 0 0 0 0 0 0 
0 0 0 0 0 0 0 0 0 0 0 0 0 0 0 0 0 0 0 0 0 0 0 0 0 0 0 0 0 0 0 0 0 0 0 0 0 0 0 0 0 0 0 0 0 0 0 0 0 0 0 0 0 0 0 0 0 0 0 0 0 0 0 0 0 0 0 0 0 0 0 0 0 0 0 0 0 0 0 0 0 0 0 0 0 0 0 0 0 0 0 0 0 0 0 0 0 0 0 0 
0 0 0 0 0 0 0 0 0 0 0 0 0 0 0 0 0 0 0 0 0 0 0 0 0 0 0 0 0 0 0 0 0 0 0 0 0 0 0 0 0 0 0 0 0 0 0 0 0 0 0 0 0 0 0 0 0 0 0 0 0 0 0 0 0 0 0 0 0 0 0 0 0 0 0 0 0 0 0 0 0 0 0 0 0 0 0 0 0 0 0 0 0 0 0 0 0 0 0 0 
0 0 0 0 0 0 0 0 0 0 0 0 0 0 0 0 0 0 0 0 0 0 0 0 0 0 0 0 0 0 0 0 0 0 0 0 0 0 0 0 0 0 0 0 0 0 0 0 0 0 0 0 0 0 0 0 0 0 0 0 0 0 0 0 0 0 0 0 0 0 0 0 0 0 0 0 0 0 0 0 0 0 0 0 0 0 0 0 0 0 0 0 0 0 0 0 0 0 0 0 
0 0 0 0 0 0 0 0 0 0 0 0 0 0 0 0 0 0 0 0 0 0 0 0 0 0 0 0 0 0 0 0 0 0 0 0 0 0 0 0 0 0 0 0 0 0 0 0 0 0 0 0 0 0 0 0 0 0 0 0 0 0 0 0 0 0 0 0 0 0 0 0 0 0 0 0 0 0 0 0 0 0 0 0 0 0 0 0 0 0 0 0 0 0 0 0 0 0 0 0 
0 0 0 0 0 0 0 0 0 0 0 0 0 0 0 0 0 0 0 0 0 0 0 0 0 0 0 0 0 0 0 0 0 0 0 0 0 0 0 0 0 0 0 0 0 0 0 0 0 0 0 0 0 0 0 0 0 0 0 0 0 0 0 0 0 0 0 0 0 0 0 0 0 0 0 0 0 0 0 0 0 0 0 0 0 0 0 0 0 0 0 0 0 0 0 0 0 0 0 0 
0 0 0 0 0 0 0 0 0 0 0 0 0 0 0 0 0 0 0 0 0 0 0 0 0 0 0 0 0 0 0 0 0 0 0 0 0 0 0 0 0 0 0 0 0 0 0 0 0 0 0 0 0 0 0 0 0 0 0 0 0 0 0 0 0 0 0 0 0 0 0 0 0 0 0 0 0 0 0 0 0 0 0 0 0 0 0 0 0 0 0 0 0 0 0 0 0 0 0 0 
0 0 0 0 0 0 0 0 0 0 0 0 0 0 0 0 0 0 0 0 0 0 0 0 0 0 0 0 0 0 0 0 0 0 0 0 0 0 0 0 0 0 0 0 0 0 0 0 0 0 0 0 0 0 0 0 0 0 0 0 0 0 0 0 0 0 0 0 0 0 0 0 0 0 0 0 0 0 0 0 0 0 0 0 0 0 0 0 0 0 0 0 0 0 0 0 0 0 0 0 
0 0 0 0 0 0 0 0 0 0 0 0 0 0 0 0 0 0 0 0 0 0 0 0 0 0 0 0 0 0 0 0 0 0 0 0 0 0 0 0 0 0 0 0 0 0 0 0 0 0 0 0 0 0 0 0 0 0 0 0 0 0 0 0 0 0 0 0 0 0 0 0 0 0 0 0 0 0 0 0 0 0 0 0 0 0 0 0 0 0 0 0 0 0 0 0 0 0 0 0 

0 0 0 0 0 0 0 0 0 0 0 0 0 0 0 0 0 0 0 0 0 0 0 0 0 0 0 0 0 0 0 0 0 0 0 0 0 0 0 0 0 0 0 0 0 0 0 0 0 0 0 0 0 0 0 0 0 0 0 0 0 0 0 0 0 0 0 0 0 0 0 0 0 0 0 0 0 0 0 0 0 0 0 0 0 0 0 0 0 0 0 0 0 0 0 0 0 0 0 0 
0 0 0 0 0 0 0 0 0 0 0 0 0 0 0 0 0 0 0 0 0 0 0 0 0 0 0 0 0 0 0 0 0 0 0 0 0 0 0 0 0 0 0 0 0 0 0 0 0 0 0 0 0 0 0 0 0 0 0 0 0 0 0 0 0 0 0 0 0 0 0 0 0 0 0 0 0 0 0 0 0 0 0 0 0 0 0 0 0 0 0 0 0 0 0 0 0 0 0 0 
0 0 0 0 0 0 0 0 0 0 0 0 0 0 0 0 0 0 0 0 0 0 0 0 0 0 0 0 0 0 0 0 0 0 0 0 0 0 0 0 0 0 0 0 0 0 0 0 0 0 0 0 0 0 0 0 0 0 0 0 0 0 0 0 0 0 0 0 0 0 0 0 0 0 0 0 0 0 0 0 0 0 0 0 0 0 0 0 0 0 0 0 0 0 0 0 0 0 0 0 
0 0 0 0 0 0 0 0 0 0 0 0 0 0 0 0 0 0 0 0 0 0 0 0 0 0 0 0 0 0 0 0 0 0 0 0 0 0 0 0 0 0 0 0 0 0 0 0 0 0 0 0 0 0 0 0 0 0 0 0 0 0 0 0 0 0 0 0 0 0 0 0 0 0 0 0 0 0 0 0 0 0 0 0 0 0 0 0 0 0 0 0 0 0 0 0 0 0 0 0 
0 0 0 0 0 0 0 0 0 0 0 0 0 0 0 0 0 0 0 0 0 0 0 0 0 0 0 0 0 0 0 0 0 0 0 0 0 0 0 0 0 0 0 0 0 0 0 0 0 0 0 0 0 0 0 0 0 0 0 0 0 0 0 0 0 0 0 0 0 0 0 0 0 0 0 0 0 0 0 0 0 0 0 0 0 0 0 0 0 0 0 0 0 0 0 0 0 0 0 0 
0 0 0 0 0 0 0 0 0 0 0 0 0 0 0 0 0 0 0 0 0 0 0 0 0 0 0 0 0 0 0 0 0 0 0 0 0 0 0 0 0 0 0 0 0 0 0 0 0 0 0 0 0 0 0 0 0 0 0 0 0 0 0 0 0 0 0 0 0 0 0 0 0 0 0 0 0 0 0 0 0 0 0 0 0 0 0 0 0 0 0 0 0 0 0 0 0 0 0 0 
14 2 1200 1201 0 0 14 2 1202 1203 0 0 14 2 1204 1205 0 0 14 2 1206 1207 0 0 14 2 1208 1209 0 0 14 2 1210 1211 0 0 14 2 1212 1213 0 0 14 2 1214 1215 0 0 14 2 1216 1217 0 0 14 2 1218 1219 0 0 14 2 1220 1221 0 0 14 2 1222 1223 0 0 14 2 1224 1225 0 0 14 2 1226 1227 0 0 14 2 1228 1229 0 0 14 2 1230 1231 0 0 14 2 1232 1233 0 0 14 2 1234 1235 0 0 14 2 1236 1237 0 0 14 2 1238 1239 0 0 14 2 1240 1241 0 0 14 2 1242 1243 0 0 14 2 1244 1245 0 0 14 2 1246 1247 0 0 14 2 1248 1249 0 0 14 2 1250 1251 0 0 14 2 1252 1253 0 0 14 2 1254 1255 0 0 14 2 1256 1257 0 0 14 2 1258 1259 0 0 14 2 1260 1261 0 0 14 2 1262 1263 0 0 14 2 1264 1265 0 0 14 2 1266 1267 0 0 14 2 1268 1269 0 0 14 2 1270 1271 0 0 14 2 1272 1273 0 0 14 2 1274 1275 0 0 14 2 1276 1277 0 0 14 2 1278 1279 0 0 14 2 1280 1281 0 0 14 2 1282 1283 0 0 14 2 1284 1285 0 0 14 2 1286 1287 0 0 14 2 1288 1289 0 0 14 2 1290 1291 0 0 14 2 1292 1293 0 0 14 2 1294 1295 0 0 14 2 1296 1297 0 0 14 2 1298 1299 0 0 14 2 1300 1301 0 0 14 2 1302 1303 0 0 14 2 1304 1305 0 0 14 2 1306 1307 0 0 14 2 1308 1309 0 0 14 2 1310 1311 0 0 14 2 1312 1313 0 0 14 2 1314 1315 0 0 14 2 1316 1317 0 0 14 2 1318 1319 0 0 14 2 1320 1321 0 0 14 2 1322 1323 0 0 14 2 1324 1325 0 0 14 2 1326 1327 0 0 14 2 1328 1329 0 0 14 2 1330 1331 0 0 14 2 1332 1333 0 0 14 2 1334 1335 0 0 14 2 1336 1337 0 0 14 2 1338 1339 0 0 14 2 1340 1341 0 0 14 2 1342 1343 0 0 14 2 1344 1345 0 0 14 2 1346 1347 0 0 14 2 1348 1349 0 0 14 2 1350 1351 0 0 14 2 1352 1353 0 0 14 2 1354 1355 0 0 14 2 1356 1357 0 0 14 2 1358 1359 0 0 14 2 1360 1361 0 0 14 2 1362 1363 0 0 14 2 1364 1365 0 0 14 2 1366 1367 0 0 14 2 1368 1369 0 0 14 2 1370 1371 0 0 14 2 1372 1373 0 0 14 2 1374 1375 0 0 14 2 1376 1377 0 0 14 2 1378 1379 0 0 14 2 1380 1381 0 0 14 2 1382 1383 0 0 14 2 1384 1385 0 0 14 2 1386 1387 0 0 14 2 1388 1389 0 0 14 2 1390 1391 0 0 14 2 1392 1393 0 0 14 2 1394 1395 0 0 14 2 1396 1397 0 0 14 2 1398 1399 0 0 
14 2 1400 1401 0 0 14 2 1402 1403 0 0 14 2 1404 1405 0 0 14 2 1406 1407 0 0 14 2 1408 1409 0 0 14 2 1410 1411 0 0 14 2 1412 1413 0 0 14 2 1414 1415 0 0 14 2 1416 1417 0 0 14 2 1418 1419 0 0 14 2 1420 1421 0 0 14 2 1422 1423 0 0 14 2 1424 1425 0 0 14 2 1426 1427 0 0 14 2 1428 1429 0 0 14 2 1430 1431 0 0 14 2 1432 1433 0 0 14 2 1434 1435 0 0 14 2 1436 1437 0 0 14 2 1438 1439 0 0 14 2 1440 1441 0 0 14 2 1442 1443 0 0 14 2 1444 1445 0 0 14 2 1446 1447 0 0 14 2 1448 1449 0 0 14 2 1450 1451 0 0 14 2 1452 1453 0 0 14 2 1454 1455 0 0 14 2 1456 1457 0 0 14 2 1458 1459 0 0 14 2 1460 1461 0 0 14 2 1462 1463 0 0 14 2 1464 1465 0 0 14 2 1466 1467 0 0 14 2 1468 1469 0 0 14 2 1470 1471 0 0 14 2 1472 1473 0 0 14 2 1474 1475 0 0 14 2 1476 1477 0 0 14 2 1478 1479 0 0 14 2 1480 1481 0 0 14 2 1482 1483 0 0 14 2 1484 1485 0 0 14 2 1486 1487 0 0 14 2 1488 1489 0 0 14 2 1490 1491 0 0 14 2 1492 1493 0 0 14 2 1494 1495 0 0 14 2 1496 1497 0 0 14 2 1498 1499 0 0 14 2 1500 1501 0 0 14 2 1502 1503 0 0 14 2 1504 1505 0 0 14 2 1506 1507 0 0 14 2 1508 1509 0 0 14 2 1510 1511 0 0 14 2 1512 1513 0 0 14 2 1514 1515 0 0 14 2 1516 1517 0 0 14 2 1518 1519 0 0 14 2 1520 1521 0 0 14 2 1522 1523 0 0 14 2 1524 1525 0 0 14 2 1526 1527 0 0 14 2 1528 1529 0 0 14 2 1530 1531 0 0 14 2 1532 1533 0 0 14 2 1534 1535 0 0 14 2 1536 1537 0 0 14 2 1538 1539 0 0 14 2 1540 1541 0 0 14 2 1542 1543 0 0 14 2 1544 1545 0 0 14 2 1546 1547 0 0 14 2 1548 1549 0 0 14 2 1550 1551 0 0 14 2 1552 1553 0 0 14 2 1554 1555 0 0 14 2 1556 1557 0 0 14 2 1558 1559 0 0 14 2 1560 1561 0 0 14 2 1562 1563 0 0 14 2 1564 1565 0 0 14 2 1566 1567 0 0 14 2 1568 1569 0 0 14 2 1570 1571 0 0 14 2 1572 1573 0 0 14 2 1574 1575 0 0 14 2 1576 1577 0 0 14 2 1578 1579 0 0 14 2 1580 1581 0 0 14 2 1582 1583 0 0 14 2 1584 1585 0 0 14 2 1586 1587 0 0 14 2 1588 1589 0 0 14 2 1590 1591 0 0 14 2 1592 1593 0 0 14 2 1594 1595 0 0 14 2 1596 1597 0 0 14 2 1598 1599 0 0 
14 2 1600 1601 0 0 14 2 1602 1603 0 0 14 2 1604 1605 0 0 14 2 1606 1607 0 0 14 2 1608 1609 0 0 14 2 1610 1611 0 0 14 2 1612 1613 0 0 14 2 1614 1615 0 0 14 2 1616 1617 0 0 14 2 1618 1619 0 0 14 2 1620 1621 0 0 14 2 1622 1623 0 0 14 2 1624 1625 0 0 14 2 1626 1627 0 0 14 2 1628 1629 0 0 14 2 1630 1631 0 0 14 2 1632 1633 0 0 14 2 1634 1635 0 0 14 2 1636 1637 0 0 14 2 1638 1639 0 0 14 2 1640 1641 0 0 14 2 1642 1643 0 0 14 2 1644 1645 0 0 14 2 1646 1647 0 0 14 2 1648 1649 0 0 14 2 1650 1651 0 0 14 2 1652 1653 0 0 14 2 1654 1655 0 0 14 2 1656 1657 0 0 14 2 1658 1659 0 0 14 2 1660 1661 0 0 14 2 1662 1663 0 0 14 2 1664 1665 0 0 14 2 1666 1667 0 0 14 2 1668 1669 0 0 14 2 1670 1671 0 0 14 2 1672 1673 0 0 14 2 1674 1675 0 0 14 2 1676 1677 0 0 14 2 1678 1679 0 0 14 2 1680 1681 0 0 14 2 1682 1683 0 0 14 2 1684 1685 0 0 14 2 1686 1687 0 0 14 2 1688 1689 0 0 14 2 1690 1691 0 0 14 2 1692 1693 0 0 14 2 1694 1695 0 0 14 2 1696 1697 0 0 14 2 1698 1699 0 0 14 2 1700 1701 0 0 14 2 1702 1703 0 0 14 2 1704 1705 0 0 14 2 1706 1707 0 0 14 2 1708 1709 0 0 14 2 1710 1711 0 0 14 2 1712 1713 0 0 14 2 1714 1715 0 0 14 2 1716 1717 0 0 14 2 1718 1719 0 0 14 2 1720 1721 0 0 14 2 1722 1723 0 0 14 2 1724 1725 0 0 14 2 1726 1727 0 0 14 2 1728 1729 0 0 14 2 1730 1731 0 0 14 2 1732 1733 0 0 14 2 1734 1735 0 0 14 2 1736 1737 0 0 14 2 1738 1739 0 0 14 2 1740 1741 0 0 14 2 1742 1743 0 0 14 2 1744 1745 0 0 14 2 1746 1747 0 0 14 2 1748 1749 0 0 14 2 1750 1751 0 0 14 2 1752 1753 0 0 14 2 1754 1755 0 0 14 2 1756 1757 0 0 14 2 1758 1759 0 0 14 2 1760 1761 0 0 14 2 1762 1763 0 0 14 2 1764 1765 0 0 14 2 1766 1767 0 0 14 2 1768 1769 0 0 14 2 1770 1771 0 0 14 2 1772 1773 0 0 14 2 1774 1775 0 0 14 2 1776 1777 0 0 14 2 1778 1779 0 0 14 2 1780 1781 0 0 14 2 1782 1783 0 0 14 2 1784 1785 0 0 14 2 1786 1787 0 0 14 2 1788 1789 0 0 14 2 1790 1791 0 0 14 2 1792 1793 0 0 14 2 1794 1795 0 0 14 2 1796 1797 0 0 14 2 1798 1799 0 0 
0 0 0 0 0 0 0 0 0 0 0 0 0 0 0 0 0 0 0 0 0 0 0 0 0 0 0 0 0 0 0 0 0 0 0 0 0 0 0 0 0 0 0 0 0 0 0 0 0 0 0 0 0 0 0 0 0 0 0 0 0 0 0 0 0 0 0 0 0 0 0 0 0 0 0 0 0 0 0 0 0 0 0 0 0 0 0 0 0 0 0 0 0 0 0 0 0 0 0 0 
0 0 0 0 0 0 0 0 0 0 0 0 0 0 0 0 0 0 0 0 0 0 0 0 0 0 0 0 0 0 0 0 0 0 0 0 0 0 0 0 0 0 0 0 0 0 0 0 0 0 0 0 0 0 0 0 0 0 0 0 0 0 0 0 0 0 0 0 0 0 0 0 0 0 0 0 0 0 0 0 0 0 0 0 0 0 0 0 0 0 0 0 0 0 0 0 0 0 0 0 
0 0 0 0 0 0 0 0 0 0 0 0 0 0 0 0 0 0 0 0 0 0 0 0 0 0 0 0 0 0 0 0 0 0 0 0 0 0 0 0 0 0 0 0 0 0 0 0 0 0 0 0 0 0 0 0 0 0 0 0 0 0 0 0 0 0 0 0 0 0 0 0 0 0 0 0 0 0 0 0 0 0 0 0 0 0 0 0 0 0 0 0 0 0 0 0 0 0 0 0 
0 0 0 0 0 0 0 0 0 0 0 0 0 0 0 0 0 0 0 0 0 0 0 0 0 0 0 0 0 0 0 0 0 0 0 0 0 0 0 0 0 0 0 0 0 0 0 0 0 0 0 0 0 0 0 0 0 0 0 0 0 0 0 0 0 0 0 0 0 0 0 0 0 0 0 0 0 0 0 0 0 0 0 0 0 0 0 0 0 0 0 0 0 0 0 0 0 0 0 0 
0 0 0 0 0 0 0 0 0 0 0 0 0 0 0 0 0 0 0 0 0 0 0 0 0 0 0 0 0 0 0 0 0 0 0 0 0 0 0 0 0 0 0 0 0 0 0 0 0 0 0 0 0 0 0 0 0 0 0 0 0 0 0 0 0 0 0 0 0 0 0 0 0 0 0 0 0 0 0 0 0 0 0 0 0 0 0 0 0 0 0 0 0 0 0 0 0 0 0 0 
0 0 0 0 0 0 0 0 0 0 0 0 0 0 0 0 0 0 0 0 0 0 0 0 0 0 0 0 0 0 0 0 0 0 0 0 0 0 0 0 0 0 0 0 0 0 0 0 0 0 0 0 0 0 0 0 0 0 0 0 0 0 0 0 0 0 0 0 0 0 0 0 0 0 0 0 0 0 0 0 0 0 0 0 0 0 0 0 0 0 0 0 0 0 0 0 0 0 0 0 
0 0 0 0 0 0 0 0 0 0 0 0 0 0 0 0 0 0 0 0 0 0 0 0 0 0 0 0 0 0 0 0 0 0 0 0 0 0 0 0 0 0 0 0 0 0 0 0 0 0 0 0 0 0 0 0 0 0 0 0 0 0 0 0 0 0 0 0 0 0 0 0 0 0 0 0 0 0 0 0 0 0 0 0 0 0 0 0 0 0 0 0 0 0 0 0 0 0 0 0 
0 0 0 0 0 0 0 0 0 0 0 0 0 0 0 0 0 0 0 0 0 0 0 0 0 0 0 0 0 0 0 0 0 0 0 0 0 0 0 0 0 0 0 0 0 0 0 0 0 0 0 0 0 0 0 0 0 0 0 0 0 0 0 0 0 0 0 0 0 0 0 0 0 0 0 0 0 0 0 0 0 0 0 0 0 0 0 0 0 0 0 0 0 0 0 0 0 0 0 0 
0 0 0 0 0 0 0 0 0 0 0 0 0 0 0 0 0 0 0 0 0 0 0 0 0 0 0 0 0 0 0 0 0 0 0 0 0 0 0 0 0 0 0 0 0 0 0 0 0 0 0 0 0 0 0 0 0 0 0 0 0 0 0 0 0 0 0 0 0 0 0 0 0 0 0 0 0 0 0 0 0 0 0 0 0 0 0 0 0 0 0 0 0 0 0 0 0 0 0 0 
0 0 0 0 0 0 0 0 0 0 0 0 0 0 0 0 0 0 0 0 0 0 0 0 0 0 0 0 0 0 0 0 0 0 0 0 0 0 0 0 0 0 0 0 0 0 0 0 0 0 0 0 0 0 0 0 0 0 0 0 0 0 0 0 0 0 0 0 0 0 0 0 0 0 0 0 0 0 0 0 0 0 0 0 0 0 0 0 0 0 0 0 0 0 0 0 0 0 0 0 
0 0 0 0 0 0 0 0 0 0 0 0 0 0 0 0 0 0 0 0 0 0 0 0 0 0 0 0 0 0 0 0 0 0 0 0 0 0 0 0 0 0 0 0 0 0 0 0 0 0 0 0 0 0 0 0 0 0 0 0 0 0 0 0 0 0 0 0 0 0 0 0 0 0 0 0 0 0 0 0 0 0 0 0 0 0 0 0 0 0 0 0 0 0 0 0 0 0 0 0 
0 0 0 0 0 0 0 0 0 0 0 0 0 0 0 0 0 0 0 0 0 0 0 0 0 0 0 0 0 0 0 0 0 0 0 0 0 0 0 0 0 0 0 0 0 0 0 0 0 0 0 0 0 0 0 0 0 0 0 0 0 0 0 0 0 0 0 0 0 0 0 0 0 0 0 0 0 0 0 0 0 0 0 0 0 0 0 0 0 0 0 0 0 0 0 0 0 0 0 0 
0 0 0 0 0 0 0 0 0 0 0 0 0 0 0 0 0 0 0 0 0 0 0 0 0 0 0 0 0 0 0 0 0 0 0 0 0 0 0 0 0 0 0 0 0 0 0 0 0 0 0 0 0 0 0 0 0 0 0 0 0 0 0 0 0 0 0 0 0 0 0 0 0 0 0 0 0 0 0 0 0 0 0 0 0 0 0 0 0 0 0 0 0 0 0 0 0 0 0 0 
0 0 0 0 0 0 0 0 0 0 0 0 0 0 0 0 0 0 0 0 0 0 0 0 0 0 0 0 0 0 0 0 0 0 0 0 0 0 0 0 0 0 0 0 0 0 0 0 0 0 0 0 0 0 0 0 0 0 0 0 0 0 0 0 0 0 0 0 0 0 0 0 0 0 0 0 0 0 0 0 0 0 0 0 0 0 0 0 0 0 0 0 0 0 0 0 0 0 0 0 
0 0 0 0 0 0 0 0 0 0 0 0 0 0 0 0 0 0 0 0 0 0 0 0 0 0 0 0 0 0 0 0 0 0 0 0 0 0 0 0 0 0 0 0 0 0 0 0 0 0 0 0 0 0 0 0 0 0 0 0 0 0 0 0 0 0 0 0 0 0 0 0 0 0 0 0 0 0 0 0 0 0 0 0 0 0 0 0 0 0 0 0 0 0 0 0 0 0 0 0 
0 0 0 0 0 0 0 0 0 0 0 0 0 0 0 0 0 0 0 0 0 0 0 0 0 0 0 0 0 0 0 0 0 0 0 0 0 0 0 0 0 0 0 0 0 0 0 0 0 0 0 0 0 0 0 0 0 0 0 0 0 0 0 0 0 0 0 0 0 0 0 0 0 0 0 0 0 0 0 0 0 0 0 0 0 0 0 0 0 0 0 0 0 0 0 0 0 0 0 0 
0 0 0 0 0 0 0 0 0 0 0 0 0 0 0 0 0 0 0 0 0 0 0 0 0 0 0 0 0 0 0 0 0 0 0 0 0 0 0 0 0 0 0 0 0 0 0 0 0 0 0 0 0 0 0 0 0 0 0 0 0 0 0 0 0 0 0 0 0 0 0 0 0 0 0 0 0 0 0 0 0 0 0 0 0 0 0 0 0 0 0 0 0 0 0 0 0 0 0 0 
0 0 0 0 0 0 0 0 0 0 0 0 0 0 0 0 0 0 0 0 0 0 0 0 0 0 0 0 0 0 0 0 0 0 0 0 0 0 0 0 0 0 0 0 0 0 0 0 0 0 0 0 0 0 0 0 0 0 0 0 0 0 0 0 0 0 0 0 0 0 0 0 0 0 0 0 0 0 0 0 0 0 0 0 0 0 0 0 0 0 0 0 0 0 0 0 0 0 0 0 
0 0 0 0 0 0 0 0 0 0 0 0 0 0 0 0 0 0 0 0 0 0 0 0 0 0 0 0 0 0 0 0 0 0 0 0 0 0 0 0 0 0 0 0 0 0 0 0 0 0 0 0 0 0 0 0 0 0 0 0 0 0 0 0 0 0 0 0 0 0 0 0 0 0 0 0 0 0 0 0 0 0 0 0 0 0 0 0 0 0 0 0 0 0 0 0 0 0 0 0 
0 0 0 0 0 0 0 0 0 0 0 0 0 0 0 0 0 0 0 0 0 0 0 0 0 0 0 0 0 0 0 0 0 0 0 0 0 0 0 0 0 0 0 0 0 0 0 0 0 0 0 0 0 0 0 0 0 0 0 0 0 0 0 0 0 0 0 0 0 0 0 0 0 0 0 0 0 0 0 0 0 0 0 0 0 0 0 0 0 0 0 0 0 0 0 0 0 0 0 0 
0 0 0 0 0 0 0 0 0 0 0 0 0 0 0 0 0 0 0 0 0 0 0 0 0 0 0 0 0 0 0 0 0 0 0 0 0 0 0 0 0 0 0 0 0 0 0 0 0 0 0 0 0 0 0 0 0 0 0 0 0 0 0 0 0 0 0 0 0 0 0 0 0 0 0 0 0 0 0 0 0 0 0 0 0 0 0 0 0 0 0 0 0 0 0 0 0 0 0 0 
0 0 0 0 0 0 0 0 0 0 0 0 0 0 0 0 0 0 0 0 0 0 0 0 0 0 0 0 0 0 0 0 0 0 0 0 0 0 0 0 0 0 0 0 0 0 0 0 0 0 0 0 0 0 0 0 0 0 0 0 0 0 0 0 0 0 0 0 0 0 0 0 0 0 0 0 0 0 0 0 0 0 0 0 0 0 0 0 0 0 0 0 0 0 0 0 0 0 0 0 
0 0 0 0 0 0 0 0 0 0 0 0 0 0 0 0 0 0 0 0 0 0 0 0 0 0 0 0 0 0 0 0 0 0 0 0 0 0 0 0 0 0 0 0 0 0 0 0 0 0 0 0 0 0 0 0 0 0 0 0 0 0 0 0 0 0 0 0 0 0 0 0 0 0 0 0 0 0 0 0 0 0 0 0 0 0 0 0 0 0 0 0 0 0 0 0 0 0 0 0 
0 0 0 0 0 0 0 0 0 0 0 0 0 0 0 0 0 0 0 0 0 0 0 0 0 0 0 0 0 0 0 0 0 0 0 0 0 0 0 0 0 0 0 0 0 0 0 0 0 0 0 0 0 0 0 0 0 0 0 0 0 0 0 0 0 0 0 0 0 0 0 0 0 0 0 0 0 0 0 0 0 0 0 0 0 0 0 0 0 0 0 0 0 0 0 0 0 0 0 0 
0 0 0 0 0 0 0 0 0 0 0 0 0 0 0 0 0 0 0 0 0 0 0 0 0 0 0 0 0 0 0 0 0 0 0 0 0 0 0 0 0 0 0 0 0 0 0 0 0 0 0 0 0 0 0 0 0 0 0 0 0 0 0 0 0 0 0 0 0 0 0 0 0 0 0 0 0 0 0 0 0 0 0 0 0 0 0 0 0 0 0 0 0 0 0 0 0 0 0 0 
0 0 0 0 0 0 0 0 0 0 0 0 0 0 0 0 0 0 0 0 0 0 0 0 0 0 0 0 0 0 0 0 0 0 0 0 0 0 0 0 0 0 0 0 0 0 0 0 0 0 0 0 0 0 0 0 0 0 0 0 0 0 0 0 0 0 0 0 0 0 0 0 0 0 0 0 0 0 0 0 0 0 0 0 0 0 0 0 0 0 0 0 0 0 0 0 0 0 0 0 
0 0 0 0 0 0 0 0 0 0 0 0 0 0 0 0 0 0 0 0 0 0 0 0 0 0 0 0 0 0 0 0 0 0 0 0 0 0 0 0 0 0 0 0 0 0 0 0 0 0 0 0 0 0 0 0 0 0 0 0 0 0 0 0 0 0 0 0 0 0 0 0 0 0 0 0 0 0 0 0 0 0 0 0 0 0 0 0 0 0 0 0 0 0 0 0 0 0 0 0 
0 0 0 0 0 0 0 0 0 0 0 0 0 0 0 0 0 0 0 0 0 0 0 0 0 0 0 0 0 0 0 0 0 0 0 0 0 0 0 0 0 0 0 0 0 0 0 0 0 0 0 0 0 0 0 0 0 0 0 0 0 0 0 0 0 0 0 0 0 0 0 0 0 0 0 0 0 0 0 0 0 0 0 0 0 0 0 0 0 0 0 0 0 0 0 0 0 0 0 0 
0 0 0 0 0 0 0 0 0 0 0 0 0 0 0 0 0 0 0 0 0 0 0 0 0 0 0 0 0 0 0 0 0 0 0 0 0 0 0 0 0 0 0 0 0 0 0 0 0 0 0 0 0 0 0 0 0 0 0 0 0 0 0 0 0 0 0 0 0 0 0 0 0 0 0 0 0 0 0 0 0 0 0 0 0 0 0 0 0 0 0 0 0 0 0 0 0 0 0 0 
0 0 0 0 0 0 0 0 0 0 0 0 0 0 0 0 0 0 0 0 0 0 0 0 0 0 0 0 0 0 0 0 0 0 0 0 0 0 0 0 0 0 0 0 0 0 0 0 0 0 0 0 0 0 0 0 0 0 0 0 0 0 0 0 0 0 0 0 0 0 0 0 0 0 0 0 0 0 0 0 0 0 0 0 0 0 0 0 0 0 0 0 0 0 0 0 0 0 0 0 
0 0 0 0 0 0 0 0 0 0 0 0 0 0 0 0 0 0 0 0 0 0 0 0 0 0 0 0 0 0 0 0 0 0 0 0 0 0 0 0 0 0 0 0 0 0 0 0 0 0 0 0 0 0 0 0 0 0 0 0 0 0 0 0 0 0 0 0 0 0 0 0 0 0 0 0 0 0 0 0 0 0 0 0 0 0 0 0 0 0 0 0 0 0 0 0 0 0 0 0 
0 0 0 0 0 0 0 0 0 0 0 0 0 0 0 0 0 0 0 0 0 0 0 0 0 0 0 0 0 0 0 0 0 0 0 0 0 0 0 0 0 0 0 0 0 0 0 0 0 0 0 0 0 0 0 0 0 0 0 0 0 0 0 0 0 0 0 0 0 0 0 0 0 0 0 0 0 0 0 0 0 0 0 0 0 0 0 0 0 0 0 0 0 0 0 0 0 0 0 0 
14 2 8200 8201 0 0 14 2 8202 8203 0 0 14 2 8204 8205 0 0 14 2 8206 8207 0 0 14 2 8208 8209 0 0 14 2 8210 8211 0 0 14 2 8212 8213 0 0 14 2 8214 8215 0 0 14 2 8216 8217 0 0 14 2 8218 8219 0 0 14 2 8220 8221 0 0 14 2 8222 8223 0 0 14 2 8224 8225 0 0 14 2 8226 8227 0 0 14 2 8228 8229 0 0 14 2 8230 8231 0 0 14 2 8232 8233 0 0 14 2 8234 8235 0 0 14 2 8236 8237 0 0 14 2 8238 8239 0 0 14 2 8240 8241 0 0 14 2 8242 8243 0 0 14 2 8244 8245 0 0 14 2 8246 8247 0 0 14 2 8248 8249 0 0 14 2 8250 8251 0 0 14 2 8252 8253 0 0 14 2 8254 8255 0 0 14 2 8256 8257 0 0 14 2 8258 8259 0 0 14 2 8260 8261 0 0 14 2 8262 8263 0 0 14 2 8264 8265 0 0 14 2 8266 8267 0 0 14 2 8268 8269 0 0 14 2 8270 8271 0 0 14 2 8272 8273 0 0 14 2 8274 8275 0 0 14 2 8276 8277 0 0 14 2 8278 8279 0 0 14 2 8280 8281 0 0 14 2 8282 8283 0 0 14 2 8284 8285 0 0 14 2 8286 8287 0 0 14 2 8288 8289 0 0 14 2 8290 8291 0 0 14 2 8292 8293 0 0 14 2 8294 8295 0 0 14 2 8296 8297 0 0 14 2 8298 8299 0 0 14 2 8300 8301 0 0 14 2 8302 8303 0 0 14 2 8304 8305 0 0 14 2 8306 8307 0 0 14 2 8308 8309 0 0 14 2 8310 8311 0 0 14 2 8312 8313 0 0 14 2 8314 8315 0 0 14 2 8316 8317 0 0 14 2 8318 8319 0 0 14 2 8320 8321 0 0 14 2 8322 8323 0 0 14 2 8324 8325 0 0 14 2 8326 8327 0 0 14 2 8328 8329 0 0 14 2 8330 8331 0 0 14 2 8332 8333 0 0 14 2 8334 8335 0 0 14 2 8336 8337 0 0 14 2 8338 8339 0 0 14 2 8340 8341 0 0 14 2 8342 8343 0 0 14 2 8344 8345 0 0 14 2 8346 8347 0 0 14 2 8348 8349 0 0 14 2 8350 8351 0 0 14 2 8352 8353 0 0 14 2 8354 8355 0 0 14 2 8356 8357 0 0 14 2 8358 8359 0 0 14 2 8360 8361 0 0 14 2 8362 8363 0 0 14 2 8364 8365 0 0 14 2 8366 8367 0 0 14 2 8368 8369 0 0 14 2 8370 8371 0 0 14 2 8372 8373 0 0 14 2 8374 8375 0 0 14 2 8376 8377 0 0 14 2 8378 8379 0 0 14 2 8380 8381 0 0 14 2 8382 8383 0 0 14 2 8384 8385 0 0 14 2 8386 8387 0 0 14 2 8388 8389 0 0 14 2 8390 8391 0 0 14 2 8392 8393 0 0 14 2 8394 8395 0 0 14 2 8396 8397 0 0 14 2 8398 8399 0 0 
14 2 8400 8401 0 0 14 2 8402 8403 0 0 14 2 8404 8405 0 0 14 2 8406 8407 0 0 14 2 8408 8409 0 0 14 2 8410 8411 0 0 14 2 8412 8413 0 0 14 2 8414 8415 0 0 14 2 8416 8417 0 0 14 2 8418 8419 0 0 14 2 8420 8421 0 0 14 2 8422 8423 0 0 14 2 8424 8425 0 0 14 2 8426 8427 0 0 14 2 8428 8429 0 0 14 2 8430 8431 0 0 14 2 8432 8433 0 0 14 2 8434 8435 0 0 14 2 8436 8437 0 0 14 2 8438 8439 0 0 14 2 8440 8441 0 0 14 2 8442 8443 0 0 14 2 8444 8445 0 0 14 2 8446 8447 0 0 14 2 8448 8449 0 0 14 2 8450 8451 0 0 14 2 8452 8453 0 0 14 2 8454 8455 0 0 14 2 8456 8457 0 0 14 2 8458 8459 0 0 14 2 8460 8461 0 0 14 2 8462 8463 0 0 14 2 8464 8465 0 0 14 2 8466 8467 0 0 14 2 8468 8469 0 0 14 2 8470 8471 0 0 14 2 8472 8473 0 0 14 2 8474 8475 0 0 14 2 8476 8477 0 0 14 2 8478 8479 0 0 14 2 8480 8481 0 0 14 2 8482 8483 0 0 14 2 8484 8485 0 0 14 2 8486 8487 0 0 14 2 8488 8489 0 0 14 2 8490 8491 0 0 14 2 8492 8493 0 0 14 2 8494 8495 0 0 14 2 8496 8497 0 0 14 2 8498 8499 0 0 14 2 8500 8501 0 0 14 2 8502 8503 0 0 14 2 8504 8505 0 0 14 2 8506 8507 0 0 14 2 8508 8509 0 0 14 2 8510 8511 0 0 14 2 8512 8513 0 0 14 2 8514 8515 0 0 14 2 8516 8517 0 0 14 2 8518 8519 0 0 14 2 8520 8521 0 0 14 2 8522 8523 0 0 14 2 8524 8525 0 0 14 2 8526 8527 0 0 14 2 8528 8529 0 0 14 2 8530 8531 0 0 14 2 8532 8533 0 0 14 2 8534 8535 0 0 14 2 8536 8537 0 0 14 2 8538 8539 0 0 14 2 8540 8541 0 0 14 2 8542 8543 0 0 14 2 8544 8545 0 0 14 2 8546 8547 0 0 14 2 8548 8549 0 0 14 2 8550 8551 0 0 14 2 8552 8553 0 0 14 2 8554 8555 0 0 14 2 8556 8557 0 0 14 2 8558 8559 0 0 14 2 8560 8561 0 0 14 2 8562 8563 0 0 14 2 8564 8565 0 0 14 2 8566 8567 0 0 14 2 8568 8569 0 0 14 2 8570 8571 0 0 14 2 8572 8573 0 0 14 2 8574 8575 0 0 14 2 8576 8577 0 0 14 2 8578 8579 0 0 14 2 8580 8581 0 0 14 2 8582 8583 0 0 14 2 8584 8585 0 0 14 2 8586 8587 0 0 14 2 8588 8589 0 0 14 2 8590 8591 0 0 14 2 8592 8593 0 0 14 2 8594 8595 0 0 14 2 8596 8597 0 0 14 2 8598 8599 0 0 
14 2 8600 8601 0 0 14 2 8602 8603 0 0 14 2 8604 8605 0 0 14 2 8606 8607 0 0 14 2 8608 8609 0 0 14 2 8610 8611 0 0 14 2 8612 8613 0 0 14 2 8614 8615 0 0 14 2 8616 8617 0 0 14 2 8618 8619 0 0 14 2 8620 8621 0 0 14 2 8622 8623 0 0 14 2 8624 8625 0 0 14 2 8626 8627 0 0 14 2 8628 8629 0 0 14 2 8630 8631 0 0 14 2 8632 8633 0 0 14 2 8634 8635 0 0 14 2 8636 8637 0 0 14 2 8638 8639 0 0 14 2 8640 8641 0 0 14 2 8642 8643 0 0 14 2 8644 8645 0 0 14 2 8646 8647 0 0 14 2 8648 8649 0 0 14 2 8650 8651 0 0 14 2 8652 8653 0 0 14 2 8654 8655 0 0 14 2 8656 8657 0 0 14 2 8658 8659 0 0 14 2 8660 8661 0 0 14 2 8662 8663 0 0 14 2 8664 8665 0 0 14 2 8666 8667 0 0 14 2 8668 8669 0 0 14 2 8670 8671 0 0 14 2 8672 8673 0 0 14 2 8674 8675 0 0 14 2 8676 8677 0 0 14 2 8678 8679 0 0 14 2 8680 8681 0 0 14 2 8682 8683 0 0 14 2 8684 8685 0 0 14 2 8686 8687 0 0 14 2 8688 8689 0 0 14 2 8690 8691 0 0 14 2 8692 8693 0 0 14 2 8694 8695 0 0 14 2 8696 8697 0 0 14 2 8698 8699 0 0 14 2 8700 8701 0 0 14 2 8702 8703 0 0 14 2 8704 8705 0 0 14 2 8706 8707 0 0 14 2 8708 8709 0 0 14 2 8710 8711 0 0 14 2 8712 8713 0 0 14 2 8714 8715 0 0 14 2 8716 8717 0 0 14 2 8718 8719 0 0 14 2 8720 8721 0 0 14 2 8722 8723 0 0 14 2 8724 8725 0 0 14 2 8726 8727 0 0 14 2 8728 8729 0 0 14 2 8730 8731 0 0 14 2 8732 8733 0 0 14 2 8734 8735 0 0 14 2 8736 8737 0 0 14 2 8738 8739 0 0 14 2 8740 8741 0 0 14 2 8742 8743 0 0 14 2 8744 8745 0 0 14 2 8746 8747 0 0 14 2 8748 8749 0 0 14 2 8750 8751 0 0 14 2 8752 8753 0 0 14 2 8754 8755 0 0 14 2 8756 8757 0 0 14 2 8758 8759 0 0 14 2 8760 8761 0 0 14 2 8762 8763 0 0 14 2 8764 8765 0 0 14 2 8766 8767 0 0 14 2 8768 8769 0 0 14 2 8770 8771 0 0 14 2 8772 8773 0 0 14 2 8774 8775 0 0 14 2 8776 8777 0 0 14 2 8778 8779 0 0 14 2 8780 8781 0 0 14 2 8782 8783 0 0 14 2 8784 8785 0 0 14 2 8786 8787 0 0 14 2 8788 8789 0 0 14 2 8790 8791 0 0 14 2 8792 8793 0 0 14 2 8794 8795 0 0 14 2 8796 8797 0 0 14 2 8798 8799 0 0 
0 0 0 0 0 0 0 0 0 0 0 0 0 0 0 0 0 0 0 0 0 0 0 0 0 0 0 0 0 0 0 0 0 0 0 0 0 0 0 0 0 0 0 0 0 0 0 0 0 0 0 0 0 0 0 0 0 0 0 0 0 0 0 0 0 0 0 0 0 0 0 0 0 0 0 0 0 0 0 0 0 0 0 0 0 0 0 0 0 0 0 0 0 0 0 0 0 0 0 0 
0 0 0 0 0 0 0 0 0 0 0 0 0 0 0 0 0 0 0 0 0 0 0 0 0 0 0 0 0 0 0 0 0 0 0 0 0 0 0 0 0 0 0 0 0 0 0 0 0 0 0 0 0 0 0 0 0 0 0 0 0 0 0 0 0 0 0 0 0 0 0 0 0 0 0 0 0 0 0 0 0 0 0 0 0 0 0 0 0 0 0 0 0 0 0 0 0 0 0 0 
0 0 0 0 0 0 0 0 0 0 0 0 0 0 0 0 0 0 0 0 0 0 0 0 0 0 0 0 0 0 0 0 0 0 0 0 0 0 0 0 0 0 0 0 0 0 0 0 0 0 0 0 0 0 0 0 0 0 0 0 0 0 0 0 0 0 0 0 0 0 0 0 0 0 0 0 0 0 0 0 0 0 0 0 0 0 0 0 0 0 0 0 0 0 0 0 0 0 0 0 
0 0 0 0 0 0 0 0 0 0 0 0 0 0 0 0 0 0 0 0 0 0 0 0 0 0 0 0 0 0 0 0 0 0 0 0 0 0 0 0 0 0 0 0 0 0 0 0 0 0 0 0 0 0 0 0 0 0 0 0 0 0 0 0 0 0 0 0 0 0 0 0 0 0 0 0 0 0 0 0 0 0 0 0 0 0 0 0 0 0 0 0 0 0 0 0 0 0 0 0 
0 0 0 0 0 0 0 0 0 0 0 0 0 0 0 0 0 0 0 0 0 0 0 0 0 0 0 0 0 0 0 0 0 0 0 0 0 0 0 0 0 0 0 0 0 0 0 0 0 0 0 0 0 0 0 0 0 0 0 0 0 0 0 0 0 0 0 0 0 0 0 0 0 0 0 0 0 0 0 0 0 0 0 0 0 0 0 0 0 0 0 0 0 0 0 0 0 0 0 0 
0 0 0 0 0 0 0 0 0 0 0 0 0 0 0 0 0 0 0 0 0 0 0 0 0 0 0 0 0 0 0 0 0 0 0 0 0 0 0 0 0 0 0 0 0 0 0 0 0 0 0 0 0 0 0 0 0 0 0 0 0 0 0 0 0 0 0 0 0 0 0 0 0 0 0 0 0 0 0 0 0 0 0 0 0 0 0 0 0 0 0 0 0 0 0 0 0 0 0 0 
0 0 0 0 0 0 0 0 0 0 0 0 0 0 0 0 0 0 0 0 0 0 0 0 0 0 0 0 0 0 0 0 0 0 0 0 0 0 0 0 0 0 0 0 0 0 0 0 0 0 0 0 0 0 0 0 0 0 0 0 0 0 0 0 0 0 0 0 0 0 0 0 0 0 0 0 0 0 0 0 0 0 0 0 0 0 0 0 0 0 0 0 0 0 0 0 0 0 0 0 
0 0 0 0 0 0 0 0 0 0 0 0 0 0 0 0 0 0 0 0 0 0 0 0 0 0 0 0 0 0 0 0 0 0 0 0 0 0 0 0 0 0 0 0 0 0 0 0 0 0 0 0 0 0 0 0 0 0 0 0 0 0 0 0 0 0 0 0 0 0 0 0 0 0 0 0 0 0 0 0 0 0 0 0 0 0 0 0 0 0 0 0 0 0 0 0 0 0 0 0 
0 0 0 0 0 0 0 0 0 0 0 0 0 0 0 0 0 0 0 0 0 0 0 0 0 0 0 0 0 0 0 0 0 0 0 0 0 0 0 0 0 0 0 0 0 0 0 0 0 0 0 0 0 0 0 0 0 0 0 0 0 0 0 0 0 0 0 0 0 0 0 0 0 0 0 0 0 0 0 0 0 0 0 0 0 0 0 0 0 0 0 0 0 0 0 0 0 0 0 0 
0 0 0 0 0 0 0 0 0 0 0 0 0 0 0 0 0 0 0 0 0 0 0 0 0 0 0 0 0 0 0 0 0 0 0 0 0 0 0 0 0 0 0 0 0 0 0 0 0 0 0 0 0 0 0 0 0 0 0 0 0 0 0 0 0 0 0 0 0 0 0 0 0 0 0 0 0 0 0 0 0 0 0 0 0 0 0 0 0 0 0 0 0 0 0 0 0 0 0 0 
0 0 0 0 0 0 0 0 0 0 0 0 0 0 0 0 0 0 0 0 0 0 0 0 0 0 0 0 0 0 0 0 0 0 0 0 0 0 0 0 0 0 0 0 0 0 0 0 0 0 0 0 0 0 0 0 0 0 0 0 0 0 0 0 0 0 0 0 0 0 0 0 0 0 0 0 0 0 0 0 0 0 0 0 0 0 0 0 0 0 0 0 0 0 0 0 0 0 0 0 
0 0 0 0 0 0 0 0 0 0 0 0 0 0 0 0 0 0 0 0 0 0 0 0 0 0 0 0 0 0 0 0 0 0 0 0 0 0 0 0 0 0 0 0 0 0 0 0 0 0 0 0 0 0 0 0 0 0 0 0 0 0 0 0 0 0 0 0 0 0 0 0 0 0 0 0 0 0 0 0 0 0 0 0 0 0 0 0 0 0 0 0 0 0 0 0 0 0 0 0 
0 0 0 0 0 0 0 0 0 0 0 0 0 0 0 0 0 0 0 0 0 0 0 0 0 0 0 0 0 0 0 0 0 0 0 0 0 0 0 0 0 0 0 0 0 0 0 0 0 0 0 0 0 0 0 0 0 0 0 0 0 0 0 0 0 0 0 0 0 0 0 0 0 0 0 0 0 0 0 0 0 0 0 0 0 0 0 0 0 0 0 0 0 0 0 0 0 0 0 0 
0 0 0 0 0 0 0 0 0 0 0 0 0 0 0 0 0 0 0 0 0 0 0 0 0 0 0 0 0 0 0 0 0 0 0 0 0 0 0 0 0 0 0 0 0 0 0 0 0 0 0 0 0 0 0 0 0 0 0 0 0 0 0 0 0 0 0 0 0 0 0 0 0 0 0 0 0 0 0 0 0 0 0 0 0 0 0 0 0 0 0 0 0 0 0 0 0 0 0 0 
0 0 0 0 0 0 0 0 0 0 0 0 0 0 0 0 0 0 0 0 0 0 0 0 0 0 0 0 0 0 0 0 0 0 0 0 0 0 0 0 0 0 0 0 0 0 0 0 0 0 0 0 0 0 0 0 0 0 0 0 0 0 0 0 0 0 0 0 0 0 0 0 0 0 0 0 0 0 0 0 0 0 0 0 0 0 0 0 0 0 0 0 0 0 0 0 0 0 0 0 
0 0 0 0 0 0 0 0 0 0 0 0 0 0 0 0 0 0 0 0 0 0 0 0 0 0 0 0 0 0 0 0 0 0 0 0 0 0 0 0 0 0 0 0 0 0 0 0 0 0 0 0 0 0 0 0 0 0 0 0 0 0 0 0 0 0 0 0 0 0 0 0 0 0 0 0 0 0 0 0 0 0 0 0 0 0 0 0 0 0 0 0 0 0 0 0 0 0 0 0 
0 0 0 0 0 0 0 0 0 0 0 0 0 0 0 0 0 0 0 0 0 0 0 0 0 0 0 0 0 0 0 0 0 0 0 0 0 0 0 0 0 0 0 0 0 0 0 0 0 0 0 0 0 0 0 0 0 0 0 0 0 0 0 0 0 0 0 0 0 0 0 0 0 0 0 0 0 0 0 0 0 0 0 0 0 0 0 0 0 0 0 0 0 0 0 0 0 0 0 0 
0 0 0 0 0 0 0 0 0 0 0 0 0 0 0 0 0 0 0 0 0 0 0 0 0 0 0 0 0 0 0 0 0 0 0 0 0 0 0 0 0 0 0 0 0 0 0 0 0 0 0 0 0 0 0 0 0 0 0 0 0 0 0 0 0 0 0 0 0 0 0 0 0 0 0 0 0 0 0 0 0 0 0 0 0 0 0 0 0 0 0 0 0 0 0 0 0 0 0 0 
0 0 0 0 0 0 0 0 0 0 0 0 0 0 0 0 0 0 0 0 0 0 0 0 0 0 0 0 0 0 0 0 0 0 0 0 0 0 0 0 0 0 0 0 0 0 0 0 0 0 0 0 0 0 0 0 0 0 0 0 0 0 0 0 0 0 0 0 0 0 0 0 0 0 0 0 0 0 0 0 0 0 0 0 0 0 0 0 0 0 0 0 0 0 0 0 0 0 0 0 
0 0 0 0 0 0 0 0 0 0 0 0 0 0 0 0 0 0 0 0 0 0 0 0 0 0 0 0 0 0 0 0 0 0 0 0 0 0 0 0 0 0 0 0 0 0 0 0 0 0 0 0 0 0 0 0 0 0 0 0 0 0 0 0 0 0 0 0 0 0 0 0 0 0 0 0 0 0 0 0 0 0 0 0 0 0 0 0 0 0 0 0 0 0 0 0 0 0 0 0 
0 0 0 0 0 0 0 0 0 0 0 0 0 0 0 0 0 0 0 0 0 0 0 0 0 0 0 0 0 0 0 0 0 0 0 0 0 0 0 0 0 0 0 0 0 0 0 0 0 0 0 0 0 0 0 0 0 0 0 0 0 0 0 0 0 0 0 0 0 0 0 0 0 0 0 0 0 0 0 0 0 0 0 0 0 0 0 0 0 0 0 0 0 0 0 0 0 0 0 0 
0 0 0 0 0 0 0 0 0 0 0 0 0 0 0 0 0 0 0 0 0 0 0 0 0 0 0 0 0 0 0 0 0 0 0 0 0 0 0 0 0 0 0 0 0 0 0 0 0 0 0 0 0 0 0 0 0 0 0 0 0 0 0 0 0 0 0 0 0 0 0 0 0 0 0 0 0 0 0 0 0 0 0 0 0 0 0 0 0 0 0 0 0 0 0 0 0 0 0 0 
0 0 0 0 0 0 0 0 0 0 0 0 0 0 0 0 0 0 0 0 0 0 0 0 0 0 0 0 0 0 0 0 0 0 0 0 0 0 0 0 0 0 0 0 0 0 0 0 0 0 0 0 0 0 0 0 0 0 0 0 0 0 0 0 0 0 0 0 0 0 0 0 0 0 0 0 0 0 0 0 0 0 0 0 0 0 0 0 0 0 0 0 0 0 0 0 0 0 0 0 
0 0 0 0 0 0 0 0 0 0 0 0 0 0 0 0 0 0 0 0 0 0 0 0 0 0 0 0 0 0 0 0 0 0 0 0 0 0 0 0 0 0 0 0 0 0 0 0 0 0 0 0 0 0 0 0 0 0 0 0 0 0 0 0 0 0 0 0 0 0 0 0 0 0 0 0 0 0 0 0 0 0 0 0 0 0 0 0 0 0 0 0 0 0 0 0 0 0 0 0 
0 0 0 0 0 0 0 0 0 0 0 0 0 0 0 0 0 0 0 0 0 0 0 0 0 0 0 0 0 0 0 0 0 0 0 0 0 0 0 0 0 0 0 0 0 0 0 0 0 0 0 0 0 0 0 0 0 0 0 0 0 0 0 0 0 0 0 0 0 0 0 0 0 0 0 0 0 0 0 0 0 0 0 0 0 0 0 0 0 0 0 0 0 0 0 0 0 0 0 0 
0 0 0 0 0 0 0 0 0 0 0 0 0 0 0 0 0 0 0 0 0 0 0 0 0 0 0 0 0 0 0 0 0 0 0 0 0 0 0 0 0 0 0 0 0 0 0 0 0 0 0 0 0 0 0 0 0 0 0 0 0 0 0 0 0 0 0 0 0 0 0 0 0 0 0 0 0 0 0 0 0 0 0 0 0 0 0 0 0 0 0 0 0 0 0 0 0 0 0 0 
0 0 0 0 0 0 0 0 0 0 0 0 0 0 0 0 0 0 0 0 0 0 0 0 0 0 0 0 0 0 0 0 0 0 0 0 0 0 0 0 0 0 0 0 0 0 0 0 0 0 0 0 0 0 0 0 0 0 0 0 0 0 0 0 0 0 0 0 0 0 0 0 0 0 0 0 0 0 0 0 0 0 0 0 0 0 0 0 0 0 0 0 0 0 0 0 0 0 0 0 
0 0 0 0 0 0 0 0 0 0 0 0 0 0 0 0 0 0 0 0 0 0 0 0 0 0 0 0 0 0 0 0 0 0 0 0 0 0 0 0 0 0 0 0 0 0 0 0 0 0 0 0 0 0 0 0 0 0 0 0 0 0 0 0 0 0 0 0 0 0 0 0 0 0 0 0 0 0 0 0 0 0 0 0 0 0 0 0 0 0 0 0 0 0 0 0 0 0 0 0 
0 0 0 0 0 0 0 0 0 0 0 0 0 0 0 0 0 0 0 0 0 0 0 0 0 0 0 0 0 0 0 0 0 0 0 0 0 0 0 0 0 0 0 0 0 0 0 0 0 0 0 0 0 0 0 0 0 0 0 0 0 0 0 0 0 0 0 0 0 0 0 0 0 0 0 0 0 0 0 0 0 0 0 0 0 0 0 0 0 0 0 0 0 0 0 0 0 0 0 0 
0 0 0 0 0 0 0 0 0 0 0 0 0 0 0 0 0 0 0 0 0 0 0 0 0 0 0 0 0 0 0 0 0 0 0 0 0 0 0 0 0 0 0 0 0 0 0 0 0 0 0 0 0 0 0 0 0 0 0 0 0 0 0 0 0 0 0 0 0 0 0 0 0 0 0 0 0 0 0 0 0 0 0 0 0 0 0 0 0 0 0 0 0 0 0 0 0 0 0 0 
0 0 0 0 0 0 0 0 0 0 0 0 0 0 0 0 0 0 0 0 0 0 0 0 0 0 0 0 0 0 0 0 0 0 0 0 0 0 0 0 0 0 0 0 0 0 0 0 0 0 0 0 0 0 0 0 0 0 0 0 0 0 0 0 0 0 0 0 0 0 0 0 0 0 0 0 0 0 0 0 0 0 0 0 0 0 0 0 0 0 0 0 0 0 0 0 0 0 0 0 
0 0 0 0 0 0 0 0 0 0 0 0 0 0 0 0 0 0 0 0 0 0 0 0 0 0 0 0 0 0 0 0 0 0 0 0 0 0 0 0 0 0 0 0 0 0 0 0 0 0 0 0 0 0 0 0 0 0 0 0 0 0 0 0 0 0 0 0 0 0 0 0 0 0 0 0 0 0 0 0 0 0 0 0 0 0 0 0 0 0 0 0 0 0 0 0 0 0 0 0 
0 0 0 0 0 0 0 0 0 0 0 0 0 0 0 0 0 0 0 0 0 0 0 0 0 0 0 0 0 0 0 0 0 0 0 0 0 0 0 0 0 0 0 0 0 0 0 0 0 0 0 0 0 0 0 0 0 0 0 0 0 0 0 0 0 0 0 0 0 0 0 0 0 0 0 0 0 0 0 0 0 0 0 0 0 0 0 0 0 0 0 0 0 0 0 0 0 0 0 0 
0 0 0 0 0 0 0 0 0 0 0 0 0 0 0 0 0 0 0 0 0 0 0 0 0 0 0 0 0 0 0 0 0 0 0 0 0 0 0 0 0 0 0 0 0 0 0 0 0 0 0 0 0 0 0 0 0 0 0 0 0 0 0 0 0 0 0 0 0 0 0 0 0 0 0 0 0 0 0 0 0 0 0 0 0 0 0 0 0 0 0 0 0 0 0 0 0 0 0 0 
0 0 0 0 0 0 0 0 0 0 0 0 0 0 0 0 0 0 0 0 0 0 0 0 0 0 0 0 0 0 0 0 0 0 0 0 0 0 0 0 0 0 0 0 0 0 0 0 0 0 0 0 0 0 0 0 0 0 0 0 0 0 0 0 0 0 0 0 0 0 0 0 0 0 0 0 0 0 0 0 0 0 0 0 0 0 0 0 0 0 0 0 0 0 0 0 0 0 0 0 
0 0 0 0 0 0 0 0 0 0 0 0 0 0 0 0 0 0 0 0 0 0 0 0 0 0 0 0 0 0 0 0 0 0 0 0 0 0 0 0 0 0 0 0 0 0 0 0 0 0 0 0 0 0 0 0 0 0 0 0 0 0 0 0 0 0 0 0 0 0 0 0 0 0 0 0 0 0 0 0 0 0 0 0 0 0 0 0 0 0 0 0 0 0 0 0 0 0 0 0 
0 0 0 0 0 0 0 0 0 0 0 0 0 0 0 0 0 0 0 0 0 0 0 0 0 0 0 0 0 0 0 0 0 0 0 0 0 0 0 0 0 0 0 0 0 0 0 0 0 0 0 0 0 0 0 0 0 0 0 0 0 0 0 0 0 0 0 0 0 0 0 0 0 0 0 0 0 0 0 0 0 0 0 0 0 0 0 0 0 0 0 0 0 0 0 0 0 0 0 0 
0 0 0 0 0 0 0 0 0 0 0 0 0 0 0 0 0 0 0 0 0 0 0 0 0 0 0 0 0 0 0 0 0 0 0 0 0 0 0 0 0 0 0 0 0 0 0 0 0 0 0 0 0 0 0 0 0 0 0 0 0 0 0 0 0 0 0 0 0 0 0 0 0 0 0 0 0 0 0 0 0 0 0 0 0 0 0 0 0 0 0 0 0 0 0 0 0 0 0 0 
0 0 0 0 0 0 0 0 0 0 0 0 0 0 0 0 0 0 0 0 0 0 0 0 0 0 0 0 0 0 0 0 0 0 0 0 0 0 0 0 0 0 0 0 0 0 0 0 0 0 0 0 0 0 0 0 0 0 0 0 0 0 0 0 0 0 0 0 0 0 0 0 0 0 0 0 0 0 0 0 0 0 0 0 0 0 0 0 0 0 0 0 0 0 0 0 0 0 0 0 
0 0 0 0 0 0 0 0 0 0 0 0 0 0 0 0 0 0 0 0 0 0 0 0 0 0 0 0 0 0 0 0 0 0 0 0 0 0 0 0 0 0 0 0 0 0 0 0 0 0 0 0 0 0 0 0 0 0 0 0 0 0 0 0 0 0 0 0 0 0 0 0 0 0 0 0 0 0 0 0 0 0 0 0 0 0 0 0 0 0 0 0 0 0 0 0 0 0 0 0 
0 0 0 0 0 0 0 0 0 0 0 0 0 0 0 0 0 0 0 0 0 0 0 0 0 0 0 0 0 0 0 0 0 0 0 0 0 0 0 0 0 0 0 0 0 0 0 0 0 0 0 0 0 0 0 0 0 0 0 0 0 0 0 0 0 0 0 0 0 0 0 0 0 0 0 0 0 0 0 0 0 0 0 0 0 0 0 0 0 0 0 0 0 0 0 0 0 0 0 0 
0 0 0 0 0 0 0 0 0 0 0 0 0 0 0 0 0 0 0 0 0 0 0 0 0 0 0 0 0 0 0 0 0 0 0 0 0 0 0 0 0 0 0 0 0 0 0 0 0 0 0 0 0 0 0 0 0 0 0 0 0 0 0 0 0 0 0 0 0 0 0 0 0 0 0 0 0 0 0 0 0 0 0 0 0 0 0 0 0 0 0 0 0 0 0 0 0 0 0 0 
0 0 0 0 0 0 0 0 0 0 0 0 0 0 0 0 0 0 0 0 0 0 0 0 0 0 0 0 0 0 0 0 0 0 0 0 0 0 0 0 0 0 0 0 0 0 0 0 0 0 0 0 0 0 0 0 0 0 0 0 0 0 0 0 0 0 0 0 0 0 0 0 0 0 0 0 0 0 0 0 0 0 0 0 0 0 0 0 0 0 0 0 0 0 0 0 0 0 0 0 
0 0 0 0 0 0 0 0 0 0 0 0 0 0 0 0 0 0 0 0 0 0 0 0 0 0 0 0 0 0 0 0 0 0 0 0 0 0 0 0 0 0 0 0 0 0 0 0 0 0 0 0 0 0 0 0 0 0 0 0 0 0 0 0 0 0 0 0 0 0 0 0 0 0 0 0 0 0 0 0 0 0 0 0 0 0 0 0 0 0 0 0 0 0 0 0 0 0 0 0 
0 0 0 0 0 0 0 0 0 0 0 0 0 0 0 0 0 0 0 0 0 0 0 0 0 0 0 0 0 0 0 0 0 0 0 0 0 0 0 0 0 0 0 0 0 0 0 0 0 0 0 0 0 0 0 0 0 0 0 0 0 0 0 0 0 0 0 0 0 0 0 0 0 0 0 0 0 0 0 0 0 0 0 0 0 0 0 0 0 0 0 0 0 0 0 0 0 0 0 0 
0 0 0 0 0 0 0 0 0 0 0 0 0 0 0 0 0 0 0 0 0 0 0 0 0 0 0 0 0 0 0 0 0 0 0 0 0 0 0 0 0 0 0 0 0 0 0 0 0 0 0 0 0 0 0 0 0 0 0 0 0 0 0 0 0 0 0 0 0 0 0 0 0 0 0 0 0 0 0 0 0 0 0 0 0 0 0 0 0 0 0 0 0 0 0 0 0 0 0 0 
0 0 0 0 0 0 0 0 0 0 0 0 0 0 0 0 0 0 0 0 0 0 0 0 0 0 0 0 0 0 0 0 0 0 0 0 0 0 0 0 0 0 0 0 0 0 0 0 0 0 0 0 0 0 0 0 0 0 0 0 0 0 0 0 0 0 0 0 0 0 0 0 0 0 0 0 0 0 0 0 0 0 0 0 0 0 0 0 0 0 0 0 0 0 0 0 0 0 0 0 
0 0 0 0 0 0 0 0 0 0 0 0 0 0 0 0 0 0 0 0 0 0 0 0 0 0 0 0 0 0 0 0 0 0 0 0 0 0 0 0 0 0 0 0 0 0 0 0 0 0 0 0 0 0 0 0 0 0 0 0 0 0 0 0 0 0 0 0 0 0 0 0 0 0 0 0 0 0 0 0 0 0 0 0 0 0 0 0 0 0 0 0 0 0 0 0 0 0 0 0 
0 0 0 0 0 0 0 0 0 0 0 0 0 0 0 0 0 0 0 0 0 0 0 0 0 0 0 0 0 0 0 0 0 0 0 0 0 0 0 0 0 0 0 0 0 0 0 0 0 0 0 0 0 0 0 0 0 0 0 0 0 0 0 0 0 0 0 0 0 0 0 0 0 0 0 0 0 0 0 0 0 0 0 0 0 0 0 0 0 0 0 0 0 0 0 0 0 0 0 0 
0 0 0 0 0 0 0 0 0 0 0 0 0 0 0 0 0 0 0 0 0 0 0 0 0 0 0 0 0 0 0 0 0 0 0 0 0 0 0 0 0 0 0 0 0 0 0 0 0 0 0 0 0 0 0 0 0 0 0 0 0 0 0 0 0 0 0 0 0 0 0 0 0 0 0 0 0 0 0 0 0 0 0 0 0 0 0 0 0 0 0 0 0 0 0 0 0 0 0 0 
0 0 0 0 0 0 0 0 0 0 0 0 0 0 0 0 0 0 0 0 0 0 0 0 0 0 0 0 0 0 0 0 0 0 0 0 0 0 0 0 0 0 0 0 0 0 0 0 0 0 0 0 0 0 0 0 0 0 0 0 0 0 0 0 0 0 0 0 0 0 0 0 0 0 0 0 0 0 0 0 0 0 0 0 0 0 0 0 0 0 0 0 0 0 0 0 0 0 0 0 
0 0 0 0 0 0 0 0 0 0 0 0 0 0 0 0 0 0 0 0 0 0 0 0 0 0 0 0 0 0 0 0 0 0 0 0 0 0 0 0 0 0 0 0 0 0 0 0 0 0 0 0 0 0 0 0 0 0 0 0 0 0 0 0 0 0 0 0 0 0 0 0 0 0 0 0 0 0 0 0 0 0 0 0 0 0 0 0 0 0 0 0 0 0 0 0 0 0 0 0 
0 0 0 0 0 0 0 0 0 0 0 0 0 0 0 0 0 0 0 0 0 0 0 0 0 0 0 0 0 0 0 0 0 0 0 0 0 0 0 0 0 0 0 0 0 0 0 0 0 0 0 0 0 0 0 0 0 0 0 0 0 0 0 0 0 0 0 0 0 0 0 0 0 0 0 0 0 0 0 0 0 0 0 0 0 0 0 0 0 0 0 0 0 0 0 0 0 0 0 0 
0 0 0 0 0 0 0 0 0 0 0 0 0 0 0 0 0 0 0 0 0 0 0 0 0 0 0 0 0 0 0 0 0 0 0 0 0 0 0 0 0 0 0 0 0 0 0 0 0 0 0 0 0 0 0 0 0 0 0 0 0 0 0 0 0 0 0 0 0 0 0 0 0 0 0 0 0 0 0 0 0 0 0 0 0 0 0 0 0 0 0 0 0 0 0 0 0 0 0 0 
0 0 0 0 0 0 0 0 0 0 0 0 0 0 0 0 0 0 0 0 0 0 0 0 0 0 0 0 0 0 0 0 0 0 0 0 0 0 0 0 0 0 0 0 0 0 0 0 0 0 0 0 0 0 0 0 0 0 0 0 0 0 0 0 0 0 0 0 0 0 0 0 0 0 0 0 0 0 0 0 0 0 0 0 0 0 0 0 0 0 0 0 0 0 0 0 0 0 0 0 
0 0 0 0 0 0 0 0 0 0 0 0 0 0 0 0 0 0 0 0 0 0 0 0 0 0 0 0 0 0 0 0 0 0 0 0 0 0 0 0 0 0 0 0 0 0 0 0 0 0 0 0 0 0 0 0 0 0 0 0 0 0 0 0 0 0 0 0 0 0 0 0 0 0 0 0 0 0 0 0 0 0 0 0 0 0 0 0 0 0 0 0 0 0 0 0 0 0 0 0 

0 0 0 0 0 0 0 0 0 0 0 0 0 0 0 0 0 0 0 0 0 0 0 0 0 0 0 0 0 0 0 0 0 0 0 0 0 0 0 0 0 0 0 0 0 0 0 0 0 0 0 0 0 0 0 0 0 0 0 0 0 0 0 0 0 0 0 0 0 0 0 0 0 0 0 0 0 0 0 0 0 0 0 0 0 0 0 0 0 0 0 0 0 0 0 0 0 0 0 0 
0 0 0 0 0 0 0 0 0 0 0 0 0 0 0 0 0 0 0 0 0 0 0 0 0 0 0 0 0 0 0 0 0 0 0 0 0 0 0 0 0 0 0 0 0 0 0 0 0 0 0 0 0 0 0 0 0 0 0 0 0 0 0 0 0 0 0 0 0 0 0 0 0 0 0 0 0 0 0 0 0 0 0 0 0 0 0 0 0 0 0 0 0 0 0 0 0 0 0 0 
0 0 0 0 0 0 0 0 0 0 0 0 0 0 0 0 0 0 0 0 0 0 0 0 0 0 0 0 0 0 0 0 0 0 0 0 0 0 0 0 0 0 0 0 0 0 0 0 0 0 0 0 0 0 0 0 0 0 0 0 0 0 0 0 0 0 0 0 0 0 0 0 0 0 0 0 0 0 0 0 0 0 0 0 0 0 0 0 0 0 0 0 0 0 0 0 0 0 0 0 
0 0 0 0 0 0 0 0 0 0 0 0 0 0 0 0 0 0 0 0 0 0 0 0 0 0 0 0 0 0 0 0 0 0 0 0 0 0 0 0 0 0 0 0 0 0 0 0 0 0 0 0 0 0 0 0 0 0 0 0 0 0 0 0 0 0 0 0 0 0 0 0 0 0 0 0 0 0 0 0 0 0 0 0 0 0 0 0 0 0 0 0 0 0 0 0 0 0 0 0 
0 0 0 0 0 0 0 0 0 0 0 0 0 0 0 0 0 0 0 0 0 0 0 0 0 0 0 0 0 0 0 0 0 0 0 0 0 0 0 0 0 0 0 0 0 0 0 0 0 0 0 0 0 0 0 0 0 0 0 0 0 0 0 0 0 0 0 0 0 0 0 0 0 0 0 0 0 0 0 0 0 0 0 0 0 0 0 0 0 0 0 0 0 0 0 0 0 0 0 0 
0 0 0 0 0 0 0 0 0 0 0 0 0 0 0 0 0 0 0 0 0 0 0 0 0 0 0 0 0 0 0 0 0 0 0 0 0 0 0 0 0 0 0 0 0 0 0 0 0 0 0 0 0 0 0 0 0 0 0 0 0 0 0 0 0 0 0 0 0 0 0 0 0 0 0 0 0 0 0 0 0 0 0 0 0 0 0 0 0 0 0 0 0 0 0 0 0 0 0 0 
0 0 0 0 0 0 0 0 0 0 0 0 0 0 0 0 0 0 0 0 0 0 0 0 0 0 0 0 0 0 0 0 0 0 0 0 0 0 0 0 0 0 0 0 0 0 0 0 0 0 0 0 0 0 0 0 0 0 0 0 0 0 0 0 0 0 0 0 0 0 0 0 0 0 0 0 0 0 0 0 0 0 0 0 0 0 0 0 0 0 0 0 0 0 0 0 0 0 0 0 
0 0 0 0 0 0 0 0 0 0 0 0 0 0 0 0 0 0 0 0 0 0 0 0 0 0 0 0 0 0 0 0 0 0 0 0 0 0 0 0 0 0 0 0 0 0 0 0 0 0 0 0 0 0 0 0 0 0 0 0 0 0 0 0 0 0 0 0 0 0 0 0 0 0 0 0 0 0 0 0 0 0 0 0 0 0 0 0 0 0 0 0 0 0 0 0 0 0 0 0 
14 2 1600 1601 0 0 14 2 1602 1603 0 0 14 2 1604 1605 0 0 14 2 1606 1607 0 0 14 2 1608 1609 0 0 14 2 1610 1611 0 0 14 2 1612 1613 0 0 14 2 1614 1615 0 0 14 2 1616 1617 0 0 14 2 1618 1619 0 0 14 2 1620 1621 0 0 14 2 1622 1623 0 0 14 2 1624 1625 0 0 14 2 1626 1627 0 0 14 2 1628 1629 0 0 14 2 1630 1631 0 0 14 2 1632 1633 0 0 14 2 1634 1635 0 0 14 2 1636 1637 0 0 14 2 1638 1639 0 0 14 2 1640 1641 0 0 14 2 1642 1643 0 0 14 2 1644 1645 0 0 14 2 1646 1647 0 0 14 2 1648 1649 0 0 14 2 1650 1651 0 0 14 2 1652 1653 0 0 14 2 1654 1655 0 0 14 2 1656 1657 0 0 14 2 1658 1659 0 0 14 2 1660 1661 0 0 14 2 1662 1663 0 0 14 2 1664 1665 0 0 14 2 1666 1667 0 0 14 2 1668 1669 0 0 14 2 1670 1671 0 0 14 2 1672 1673 0 0 14 2 1674 1675 0 0 14 2 1676 1677 0 0 14 2 1678 1679 0 0 14 2 1680 1681 0 0 14 2 1682 1683 0 0 14 2 1684 1685 0 0 14 2 1686 1687 0 0 14 2 1688 1689 0 0 14 2 1690 1691 0 0 14 2 1692 1693 0 0 14 2 1694 1695 0 0 14 2 1696 1697 0 0 14 2 1698 1699 0 0 14 2 1700 1701 0 0 14 2 1702 1703 0 0 14 2 1704 1705 0 0 14 2 1706 1707 0 0 14 2 1708 1709 0 0 14 2 1710 1711 0 0 14 2 1712 1713 0 0 14 2 1714 1715 0 0 14 2 1716 1717 0 0 14 2 1718 1719 0 0 14 2 1720 1721 0 0 14 2 1722 1723 0 0 14 2 1724 1725 0 0 14 2 1726 1727 0 0 14 2 1728 1729 0 0 14 2 1730 1731 0 0 14 2 1732 1733 0 0 14 2 1734 1735 0 0 14 2 1736 1737 0 0 14 2 1738 1739 0 0 14 2 1740 1741 0 0 14 2 1742 1743 0 0 14 2 1744 1745 0 0 14 2 1746 1747 0 0 14 2 1748 1749 0 0 14 2 1750 1751 0 0 14 2 1752 1753 0 0 14 2 1754 1755 0 0 14 2 1756 1757 0 0 14 2 1758 1759 0 0 14 2 1760 1761 0 0 14 2 1762 1763 0 0 14 2 1764 1765 0 0 14 2 1766 1767 0 0 14 2 1768 1769 0 0 14 2 1770 1771 0 0 14 2 1772 1773 0 0 14 2 1774 1775 0 0 14 2 1776 1777 0 0 14 2 1778 1779 0 0 14 2 1780 1781 0 0 14 2 1782 1783 0 0 14 2 1784 1785 0 0 14 2 1786 1787 0 0 14 2 1788 1789 0 0 14 2 1790 1791 0 0 14 2 1792 1793 0 0 14 2 1794 1795 0 0 14 2 1796 1797 0 0 14 2 1798 1799 0 0 
14 2 1800 1801 0 0 14 2 1802 1803 0 0 14 2 1804 1805 0 0 14 2 1806 1807 0 0 14 2 1808 1809 0 0 14 2 1810 1811 0 0 14 2 1812 1813 0 0 14 2 1814 1815 0 0 14 2 1816 1817 0 0 14 2 1818 1819 0 0 14 2 1820 1821 0 0 14 2 1822 1823 0 0 14 2 1824 1825 0 0 14 2 1826 1827 0 0 14 2 1828 1829 0 0 14 2 1830 1831 0 0 14 2 1832 1833 0 0 14 2 1834 1835 0 0 14 2 1836 1837 0 0 14 2 1838 1839 0 0 14 2 1840 1841 0 0 14 2 1842 1843 0 0 14 2 1844 1845 0 0 14 2 1846 1847 0 0 14 2 1848 1849 0 0 14 2 1850 1851 0 0 14 2 1852 1853 0 0 14 2 1854 1855 0 0 14 2 1856 1857 0 0 14 2 1858 1859 0 0 14 2 1860 1861 0 0 14 2 1862 1863 0 0 14 2 1864 1865 0 0 14 2 1866 1867 0 0 14 2 1868 1869 0 0 14 2 1870 1871 0 0 14 2 1872 1873 0 0 14 2 1874 1875 0 0 14 2 1876 1877 0 0 14 2 1878 1879 0 0 14 2 1880 1881 0 0 14 2 1882 1883 0 0 14 2 1884 1885 0 0 14 2 1886 1887 0 0 14 2 1888 1889 0 0 14 2 1890 1891 0 0 14 2 1892 1893 0 0 14 2 1894 1895 0 0 14 2 1896 1897 0 0 14 2 1898 1899 0 0 14 2 1900 1901 0 0 14 2 1902 1903 0 0 14 2 1904 1905 0 0 14 2 1906 1907 0 0 14 2 1908 1909 0 0 14 2 1910 1911 0 0 14 2 1912 1913 0 0 14 2 1914 1915 0 0 14 2 1916 1917 0 0 14 2 1918 1919 0 0 14 2 1920 1921 0 0 14 2 1922 1923 0 0 14 2 1924 1925 0 0 14 2 1926 1927 0 0 14 2 1928 1929 0 0 14 2 1930 1931 0 0 14 2 1932 1933 0 0 14 2 1934 1935 0 0 14 2 1936 1937 0 0 14 2 1938 1939 0 0 14 2 1940 1941 0 0 14 2 1942 1943 0 0 14 2 1944 1945 0 0 14 2 1946 1947 0 0 14 2 1948 1949 0 0 14 2 1950 1951 0 0 14 2 1952 1953 0 0 14 2 1954 1955 0 0 14 2 1956 1957 0 0 14 2 1958 1959 0 0 14 2 1960 1961 0 0 14 2 1962 1963 0 0 14 2 1964 1965 0 0 14 2 1966 1967 0 0 14 2 1968 1969 0 0 14 2 1970 1971 0 0 14 2 1972 1973 0 0 14 2 1974 1975 0 0 14 2 1976 1977 0 0 14 2 1978 1979 0 0 14 2 1980 1981 0 0 14 2 1982 1983 0 0 14 2 1984 1985 0 0 14 2 1986 1987 0 0 14 2 1988 1989 0 0 14 2 1990 1991 0 0 14 2 1992 1993 0 0 14 2 1994 1995 0 0 14 2 1996 1997 0 0 14 2 1998 1999 0 0 
14 2 2000 2001 0 0 14 2 2002 2003 0 0 14 2 2004 2005 0 0 14 2 2006 2007 0 0 14 2 2008 2009 0 0 14 2 2010 2011 0 0 14 2 2012 2013 0 0 14 2 2014 2015 0 0 14 2 2016 2017 0 0 14 2 2018 2019 0 0 14 2 2020 2021 0 0 14 2 2022 2023 0 0 14 2 2024 2025 0 0 14 2 2026 2027 0 0 14 2 2028 2029 0 0 14 2 2030 2031 0 0 14 2 2032 2033 0 0 14 2 2034 2035 0 0 14 2 2036 2037 0 0 14 2 2038 2039 0 0 14 2 2040 2041 0 0 14 2 2042 2043 0 0 14 2 2044 2045 0 0 14 2 2046 2047 0 0 14 2 2048 2049 0 0 14 2 2050 2051 0 0 14 2 2052 2053 0 0 14 2 2054 2055 0 0 14 2 2056 2057 0 0 14 2 2058 2059 0 0 14 2 2060 2061 0 0 14 2 2062 2063 0 0 14 2 2064 2065 0 0 14 2 2066 2067 0 0 14 2 2068 2069 0 0 14 2 2070 2071 0 0 14 2 2072 2073 0 0 14 2 2074 2075 0 0 14 2 2076 2077 0 0 14 2 2078 2079 0 0 14 2 2080 2081 0 0 14 2 2082 2083 0 0 14 2 2084 2085 0 0 14 2 2086 2087 0 0 14 2 2088 2089 0 0 14 2 2090 2091 0 0 14 2 2092 2093 0 0 14 2 2094 2095 0 0 14 2 2096 2097 0 0 14 2 2098 2099 0 0 14 2 2100 2101 0 0 14 2 2102 2103 0 0 14 2 2104 2105 0 0 14 2 2106 2107 0 0 14 2 2108 2109 0 0 14 2 2110 2111 0 0 14 2 2112 2113 0 0 14 2 2114 2115 0 0 14 2 2116 2117 0 0 14 2 2118 2119 0 0 14 2 2120 2121 0 0 14 2 2122 2123 0 0 14 2 2124 2125 0 0 14 2 2126 2127 0 0 14 2 2128 2129 0 0 14 2 2130 2131 0 0 14 2 2132 2133 0 0 14 2 2134 2135 0 0 14 2 2136 2137 0 0 14 2 2138 2139 0 0 14 2 2140 2141 0 0 14 2 2142 2143 0 0 14 2 2144 2145 0 0 14 2 2146 2147 0 0 14 2 2148 2149 0 0 14 2 2150 2151 0 0 14 2 2152 2153 0 0 14 2 2154 2155 0 0 14 2 2156 2157 0 0 14 2 2158 2159 0 0 14 2 2160 2161 0 0 14 2 2162 2163 0 0 14 2 2164 2165 0 0 14 2 2166 2167 0 0 14 2 2168 2169 0 0 14 2 2170 2171 0 0 14 2 2172 2173 0 0 14 2 2174 2175 0 0 14 2 2176 2177 0 0 14 2 2178 2179 0 0 14 2 2180 2181 0 0 14 2 2182 2183 0 0 14 2 2184 2185 0 0 14 2 2186 2187 0 0 14 2 2188 2189 0 0 14 2 2190 2191 0 0 14 2 2192 2193 0 0 14 2 2194 2195 0 0 14 2 2196 2197 0 0 14 2 2198 2199 0 0 
0 0 0 0 0 0 0 0 0 0 0 0 0 0 0 0 0 0 0 0 0 0 0 0 0 0 0 0 0 0 0 0 0 0 0 0 0 0 0 0 0 0 0 0 0 0 0 0 0 0 0 0 0 0 0 0 0 0 0 0 0 0 0 0 0 0 0 0 0 0 0 0 0 0 0 0 0 0 0 0 0 0 0 0 0 0 0 0 0 0 0 0 0 0 0 0 0 0 0 0 
0 0 0 0 0 0 0 0 0 0 0 0 0 0 0 0 0 0 0 0 0 0 0 0 0 0 0 0 0 0 0 0 0 0 0 0 0 0 0 0 0 0 0 0 0 0 0 0 0 0 0 0 0 0 0 0 0 0 0 0 0 0 0 0 0 0 0 0 0 0 0 0 0 0 0 0 0 0 0 0 0 0 0 0 0 0 0 0 0 0 0 0 0 0 0 0 0 0 0 0 
0 0 0 0 0 0 0 0 0 0 0 0 0 0 0 0 0 0 0 0 0 0 0 0 0 0 0 0 0 0 0 0 0 0 0 0 0 0 0 0 0 0 0 0 0 0 0 0 0 0 0 0 0 0 0 0 0 0 0 0 0 0 0 0 0 0 0 0 0 0 0 0 0 0 0 0 0 0 0 0 0 0 0 0 0 0 0 0 0 0 0 0 0 0 0 0 0 0 0 0 
0 0 0 0 0 0 0 0 0 0 0 0 0 0 0 0 0 0 0 0 0 0 0 0 0 0 0 0 0 0 0 0 0 0 0 0 0 0 0 0 0 0 0 0 0 0 0 0 0 0 0 0 0 0 0 0 0 0 0 0 0 0 0 0 0 0 0 0 0 0 0 0 0 0 0 0 0 0 0 0 0 0 0 0 0 0 0 0 0 0 0 0 0 0 0 0 0 0 0 0 
0 0 0 0 0 0 0 0 0 0 0 0 0 0 0 0 0 0 0 0 0 0 0 0 0 0 0 0 0 0 0 0 0 0 0 0 0 0 0 0 0 0 0 0 0 0 0 0 0 0 0 0 0 0 0 0 0 0 0 0 0 0 0 0 0 0 0 0 0 0 0 0 0 0 0 0 0 0 0 0 0 0 0 0 0 0 0 0 0 0 0 0 0 0 0 0 0 0 0 0 
0 0 0 0 0 0 0 0 0 0 0 0 0 0 0 0 0 0 0 0 0 0 0 0 0 0 0 0 0 0 0 0 0 0 0 0 0 0 0 0 0 0 0 0 0 0 0 0 0 0 0 0 0 0 0 0 0 0 0 0 0 0 0 0 0 0 0 0 0 0 0 0 0 0 0 0 0 0 0 0 0 0 0 0 0 0 0 0 0 0 0 0 0 0 0 0 0 0 0 0 
0 0 0 0 0 0 0 0 0 0 0 0 0 0 0 0 0 0 0 0 0 0 0 0 0 0 0 0 0 0 0 0 0 0 0 0 0 0 0 0 0 0 0 0 0 0 0 0 0 0 0 0 0 0 0 0 0 0 0 0 0 0 0 0 0 0 0 0 0 0 0 0 0 0 0 0 0 0 0 0 0 0 0 0 0 0 0 0 0 0 0 0 0 0 0 0 0 0 0 0 
0 0 0 0 0 0 0 0 0 0 0 0 0 0 0 0 0 0 0 0 0 0 0 0 0 0 0 0 0 0 0 0 0 0 0 0 0 0 0 0 0 0 0 0 0 0 0 0 0 0 0 0 0 0 0 0 0 0 0 0 0 0 0 0 0 0 0 0 0 0 0 0 0 0 0 0 0 0 0 0 0 0 0 0 0 0 0 0 0 0 0 0 0 0 0 0 0 0 0 0 
0 0 0 0 0 0 0 0 0 0 0 0 0 0 0 0 0 0 0 0 0 0 0 0 0 0 0 0 0 0 0 0 0 0 0 0 0 0 0 0 0 0 0 0 0 0 0 0 0 0 0 0 0 0 0 0 0 0 0 0 0 0 0 0 0 0 0 0 0 0 0 0 0 0 0 0 0 0 0 0 0 0 0 0 0 0 0 0 0 0 0 0 0 0 0 0 0 0 0 0 
0 0 0 0 0 0 0 0 0 0 0 0 0 0 0 0 0 0 0 0 0 0 0 0 0 0 0 0 0 0 0 0 0 0 0 0 0 0 0 0 0 0 0 0 0 0 0 0 0 0 0 0 0 0 0 0 0 0 0 0 0 0 0 0 0 0 0 0 0 0 0 0 0 0 0 0 0 0 0 0 0 0 0 0 0 0 0 0 0 0 0 0 0 0 0 0 0 0 0 0 
0 0 0 0 0 0 0 0 0 0 0 0 0 0 0 0 0 0 0 0 0 0 0 0 0 0 0 0 0 0 0 0 0 0 0 0 0 0 0 0 0 0 0 0 0 0 0 0 0 0 0 0 0 0 0 0 0 0 0 0 0 0 0 0 0 0 0 0 0 0 0 0 0 0 0 0 0 0 0 0 0 0 0 0 0 0 0 0 0 0 0 0 0 0 0 0 0 0 0 0 
0 0 0 0 0 0 0 0 0 0 0 0 0 0 0 0 0 0 0 0 0 0 0 0 0 0 0 0 0 0 0 0 0 0 0 0 0 0 0 0 0 0 0 0 0 0 0 0 0 0 0 0 0 0 0 0 0 0 0 0 0 0 0 0 0 0 0 0 0 0 0 0 0 0 0 0 0 0 0 0 0 0 0 0 0 0 0 0 0 0 0 0 0 0 0 0 0 0 0 0 
0 0 0 0 0 0 0 0 0 0 0 0 0 0 0 0 0 0 0 0 0 0 0 0 0 0 0 0 0 0 0 0 0 0 0 0 0 0 0 0 0 0 0 0 0 0 0 0 0 0 0 0 0 0 0 0 0 0 0 0 0 0 0 0 0 0 0 0 0 0 0 0 0 0 0 0 0 0 0 0 0 0 0 0 0 0 0 0 0 0 0 0 0 0 0 0 0 0 0 0 
0 0 0 0 0 0 0 0 0 0 0 0 0 0 0 0 0 0 0 0 0 0 0 0 0 0 0 0 0 0 0 0 0 0 0 0 0 0 0 0 0 0 0 0 0 0 0 0 0 0 0 0 0 0 0 0 0 0 0 0 0 0 0 0 0 0 0 0 0 0 0 0 0 0 0 0 0 0 0 0 0 0 0 0 0 0 0 0 0 0 0 0 0 0 0 0 0 0 0 0 
0 0 0 0 0 0 0 0 0 0 0 0 0 0 0 0 0 0 0 0 0 0 0 0 0 0 0 0 0 0 0 0 0 0 0 0 0 0 0 0 0 0 0 0 0 0 0 0 0 0 0 0 0 0 0 0 0 0 0 0 0 0 0 0 0 0 0 0 0 0 0 0 0 0 0 0 0 0 0 0 0 0 0 0 0 0 0 0 0 0 0 0 0 0 0 0 0 0 0 0 
0 0 0 0 0 0 0 0 0 0 0 0 0 0 0 0 0 0 0 0 0 0 0 0 0 0 0 0 0 0 0 0 0 0 0 0 0 0 0 0 0 0 0 0 0 0 0 0 0 0 0 0 0 0 0 0 0 0 0 0 0 0 0 0 0 0 0 0 0 0 0 0 0 0 0 0 0 0 0 0 0 0 0 0 0 0 0 0 0 0 0 0 0 0 0 0 0 0 0 0 
0 0 0 0 0 0 0 0 0 0 0 0 0 0 0 0 0 0 0 0 0 0 0 0 0 0 0 0 0 0 0 0 0 0 0 0 0 0 0 0 0 0 0 0 0 0 0 0 0 0 0 0 0 0 0 0 0 0 0 0 0 0 0 0 0 0 0 0 0 0 0 0 0 0 0 0 0 0 0 0 0 0 0 0 0 0 0 0 0 0 0 0 0 0 0 0 0 0 0 0 
0 0 0 0 0 0 0 0 0 0 0 0 0 0 0 0 0 0 0 0 0 0 0 0 0 0 0 0 0 0 0 0 0 0 0 0 0 0 0 0 0 0 0 0 0 0 0 0 0 0 0 0 0 0 0 0 0 0 0 0 0 0 0 0 0 0 0 0 0 0 0 0 0 0 0 0 0 0 0 0 0 0 0 0 0 0 0 0 0 0 0 0 0 0 0 0 0 0 0 0 
0 0 0 0 0 0 0 0 0 0 0 0 0 0 0 0 0 0 0 0 0 0 0 0 0 0 0 0 0 0 0 0 0 0 0 0 0 0 0 0 0 0 0 0 0 0 0 0 0 0 0 0 0 0 0 0 0 0 0 0 0 0 0 0 0 0 0 0 0 0 0 0 0 0 0 0 0 0 0 0 0 0 0 0 0 0 0 0 0 0 0 0 0 0 0 0 0 0 0 0 
0 0 0 0 0 0 0 0 0 0 0 0 0 0 0 0 0 0 0 0 0 0 0 0 0 0 0 0 0 0 0 0 0 0 0 0 0 0 0 0 0 0 0 0 0 0 0 0 0 0 0 0 0 0 0 0 0 0 0 0 0 0 0 0 0 0 0 0 0 0 0 0 0 0 0 0 0 0 0 0 0 0 0 0 0 0 0 0 0 0 0 0 0 0 0 0 0 0 0 0 
0 0 0 0 0 0 0 0 0 0 0 0 0 0 0 0 0 0 0 0 0 0 0 0 0 0 0 0 0 0 0 0 0 0 0 0 0 0 0 0 0 0 0 0 0 0 0 0 0 0 0 0 0 0 0 0 0 0 0 0 0 0 0 0 0 0 0 0 0 0 0 0 0 0 0 0 0 0 0 0 0 0 0 0 0 0 0 0 0 0 0 0 0 0 0 0 0 0 0 0 
0 0 0 0 0 0 0 0 0 0 0 0 0 0 0 0 0 0 0 0 0 0 0 0 0 0 0 0 0 0 0 0 0 0 0 0 0 0 0 0 0 0 0 0 0 0 0 0 0 0 0 0 0 0 0 0 0 0 0 0 0 0 0 0 0 0 0 0 0 0 0 0 0 0 0 0 0 0 0 0 0 0 0 0 0 0 0 0 0 0 0 0 0 0 0 0 0 0 0 0 
0 0 0 0 0 0 0 0 0 0 0 0 0 0 0 0 0 0 0 0 0 0 0 0 0 0 0 0 0 0 0 0 0 0 0 0 0 0 0 0 0 0 0 0 0 0 0 0 0 0 0 0 0 0 0 0 0 0 0 0 0 0 0 0 0 0 0 0 0 0 0 0 0 0 0 0 0 0 0 0 0 0 0 0 0 0 0 0 0 0 0 0 0 0 0 0 0 0 0 0 
0 0 0 0 0 0 0 0 0 0 0 0 0 0 0 0 0 0 0 0 0 0 0 0 0 0 0 0 0 0 0 0 0 0 0 0 0 0 0 0 0 0 0 0 0 0 0 0 0 0 0 0 0 0 0 0 0 0 0 0 0 0 0 0 0 0 0 0 0 0 0 0 0 0 0 0 0 0 0 0 0 0 0 0 0 0 0 0 0 0 0 0 0 0 0 0 0 0 0 0 
0 0 0 0 0 0 0 0 0 0 0 0 0 0 0 0 0 0 0 0 0 0 0 0 0 0 0 0 0 0 0 0 0 0 0 0 0 0 0 0 0 0 0 0 0 0 0 0 0 0 0 0 0 0 0 0 0 0 0 0 0 0 0 0 0 0 0 0 0 0 0 0 0 0 0 0 0 0 0 0 0 0 0 0 0 0 0 0 0 0 0 0 0 0 0 0 0 0 0 0 
0 0 0 0 0 0 0 0 0 0 0 0 0 0 0 0 0 0 0 0 0 0 0 0 0 0 0 0 0 0 0 0 0 0 0 0 0 0 0 0 0 0 0 0 0 0 0 0 0 0 0 0 0 0 0 0 0 0 0 0 0 0 0 0 0 0 0 0 0 0 0 0 0 0 0 0 0 0 0 0 0 0 0 0 0 0 0 0 0 0 0 0 0 0 0 0 0 0 0 0 
0 0 0 0 0 0 0 0 0 0 0 0 0 0 0 0 0 0 0 0 0 0 0 0 0 0 0 0 0 0 0 0 0 0 0 0 0 0 0 0 0 0 0 0 0 0 0 0 0 0 0 0 0 0 0 0 0 0 0 0 0 0 0 0 0 0 0 0 0 0 0 0 0 0 0 0 0 0 0 0 0 0 0 0 0 0 0 0 0 0 0 0 0 0 0 0 0 0 0 0 
0 0 0 0 0 0 0 0 0 0 0 0 0 0 0 0 0 0 0 0 0 0 0 0 0 0 0 0 0 0 0 0 0 0 0 0 0 0 0 0 0 0 0 0 0 0 0 0 0 0 0 0 0 0 0 0 0 0 0 0 0 0 0 0 0 0 0 0 0 0 0 0 0 0 0 0 0 0 0 0 0 0 0 0 0 0 0 0 0 0 0 0 0 0 0 0 0 0 0 0 
14 2 7800 7801 0 0 14 2 7802 7803 0 0 14 2 7804 7805 0 0 14 2 7806 7807 0 0 14 2 7808 7809 0 0 14 2 7810 7811 0 0 14 2 7812 7813 0 0 14 2 7814 7815 0 0 14 2 7816 7817 0 0 14 2 7818 7819 0 0 14 2 7820 7821 0 0 14 2 7822 7823 0 0 14 2 7824 7825 0 0 14 2 7826 7827 0 0 14 2 7828 7829 0 0 14 2 7830 7831 0 0 14 2 7832 7833 0 0 14 2 7834 7835 0 0 14 2 7836 7837 0 0 14 2 7838 7839 0 0 14 2 7840 7841 0 0 14 2 7842 7843 0 0 14 2 7844 7845 0 0 14 2 7846 7847 0 0 14 2 7848 7849 0 0 14 2 7850 7851 0 0 14 2 7852 7853 0 0 14 2 7854 7855 0 0 14 2 7856 7857 0 0 14 2 7858 7859 0 0 14 2 7860 7861 0 0 14 2 7862 7863 0 0 14 2 7864 7865 0 0 14 2 7866 7867 0 0 14 2 7868 7869 0 0 14 2 7870 7871 0 0 14 2 7872 7873 0 0 14 2 7874 7875 0 0 14 2 7876 7877 0 0 14 2 7878 7879 0 0 14 2 7880 7881 0 0 14 2 7882 7883 0 0 14 2 7884 7885 0 0 14 2 7886 7887 0 0 14 2 7888 7889 0 0 14 2 7890 7891 0 0 14 2 7892 7893 0 0 14 2 7894 7895 0 0 14 2 7896 7897 0 0 14 2 7898 7899 0 0 14 2 7900 7901 0 0 14 2 7902 7903 0 0 14 2 7904 7905 0 0 14 2 7906 7907 0 0 14 2 7908 7909 0 0 14 2 7910 7911 0 0 14 2 7912 7913 0 0 14 2 7914 7915 0 0 14 2 7916 7917 0 0 14 2 7918 7919 0 0 14 2 7920 7921 0 0 14 2 7922 7923 0 0 14 2 7924 7925 0 0 14 2 7926 7927 0 0 14 2 7928 7929 0 0 14 2 7930 7931 0 0 14 2 7932 7933 0 0 14 2 7934 7935 0 0 14 2 7936 7937 0 0 14 2 7938 7939 0 0 14 2 7940 7941 0 0 14 2 7942 7943 0 0 14 2 7944 7945 0 0 14 2 7946 7947 0 0 14 2 7948 7949 0 0 14 2 7950 7951 0 0 14 2 7952 7953 0 0 14 2 7954 7955 0 0 14 2 7956 7957 0 0 14 2 7958 7959 0 0 14 2 7960 7961 0 0 14 2 7962 7963 0 0 14 2 7964 7965 0 0 14 2 7966 7967 0 0 14 2 7968 7969 0 0 14 2 7970 7971 0 0 14 2 7972 7973 0 0 14 2 7974 7975 0 0 14 2 7976 7977 0 0 14 2 7978 7979 0 0 14 2 7980 7981 0 0 14 2 7982 7983 0 0 14 2 7984 7985 0 0 14 2 7986 7987 0 0 14 2 7988 7989 0 0 14 2 7990 7991 0 0 14 2 7992 7993 0 0 14 2 7994 7995 0 0 14 2 7996 7997 0 0 14 2 7998 7999 0 0 
14 2 8000 8001 0 0 14 2 8002 8003 0 0 14 2 8004 8005 0 0 14 2 8006 8007 0 0 14 2 8008 8009 0 0 14 2 8010 8011 0 0 14 2 8012 8013 0 0 14 2 8014 8015 0 0 14 2 8016 8017 0 0 14 2 8018 8019 0 0 14 2 8020 8021 0 0 14 2 8022 8023 0 0 14 2 8024 8025 0 0 14 2 8026 8027 0 0 14 2 8028 8029 0 0 14 2 8030 8031 0 0 14 2 8032 8033 0 0 14 2 8034 8035 0 0 14 2 8036 8037 0 0 14 2 8038 8039 0 0 14 2 8040 8041 0 0 14 2 8042 8043 0 0 14 2 8044 8045 0 0 14 2 8046 8047 0 0 14 2 8048 8049 0 0 14 2 8050 8051 0 0 14 2 8052 8053 0 0 14 2 8054 8055 0 0 14 2 8056 8057 0 0 14 2 8058 8059 0 0 14 2 8060 8061 0 0 14 2 8062 8063 0 0 14 2 8064 8065 0 0 14 2 8066 8067 0 0 14 2 8068 8069 0 0 14 2 8070 8071 0 0 14 2 8072 8073 0 0 14 2 8074 8075 0 0 14 2 8076 8077 0 0 14 2 8078 8079 0 0 14 2 8080 8081 0 0 14 2 8082 8083 0 0 14 2 8084 8085 0 0 14 2 8086 8087 0 0 14 2 8088 8089 0 0 14 2 8090 8091 0 0 14 2 8092 8093 0 0 14 2 8094 8095 0 0 14 2 8096 8097 0 0 14 2 8098 8099 0 0 14 2 8100 8101 0 0 14 2 8102 8103 0 0 14 2 8104 8105 0 0 14 2 8106 8107 0 0 14 2 8108 8109 0 0 14 2 8110 8111 0 0 14 2 8112 8113 0 0 14 2 8114 8115 0 0 14 2 8116 8117 0 0 14 2 8118 8119 0 0 14 2 8120 8121 0 0 14 2 8122 8123 0 0 14 2 8124 8125 0 0 14 2 8126 8127 0 0 14 2 8128 8129 0 0 14 2 8130 8131 0 0 14 2 8132 8133 0 0 14 2 8134 8135 0 0 14 2 8136 8137 0 0 14 2 8138 8139 0 0 14 2 8140 8141 0 0 14 2 8142 8143 0 0 14 2 8144 8145 0 0 14 2 8146 8147 0 0 14 2 8148 8149 0 0 14 2 8150 8151 0 0 14 2 8152 8153 0 0 14 2 8154 8155 0 0 14 2 8156 8157 0 0 14 2 8158 8159 0 0 14 2 8160 8161 0 0 14 2 8162 8163 0 0 14 2 8164 8165 0 0 14 2 8166 8167 0 0 14 2 8168 8169 0 0 14 2 8170 8171 0 0 14 2 8172 8173 0 0 14 2 8174 8175 0 0 14 2 8176 8177 0 0 14 2 8178 8179 0 0 14 2 8180 8181 0 0 14 2 8182 8183 0 0 14 2 8184 8185 0 0 14 2 8186 8187 0 0 14 2 8188 8189 0 0 14 2 8190 8191 0 0 14 2 8192 8193 0 0 14 2 8194 8195 0 0 14 2 8196 8197 0 0 14 2 8198 8199 0 0 
14 2 8200 8201 0 0 14 2 8202 8203 0 0 14 2 8204 8205 0 0 14 2 8206 8207 0 0 14 2 8208 8209 0 0 14 2 8210 8211 0 0 14 2 8212 8213 0 0 14 2 8214 8215 0 0 14 2 8216 8217 0 0 14 2 8218 8219 0 0 14 2 8220 8221 0 0 14 2 8222 8223 0 0 14 2 8224 8225 0 0 14 2 8226 8227 0 0 14 2 8228 8229 0 0 14 2 8230 8231 0 0 14 2 8232 8233 0 0 14 2 8234 8235 0 0 14 2 8236 8237 0 0 14 2 8238 8239 0 0 14 2 8240 8241 0 0 14 2 8242 8243 0 0 14 2 8244 8245 0 0 14 2 8246 8247 0 0 14 2 8248 8249 0 0 14 2 8250 8251 0 0 14 2 8252 8253 0 0 14 2 8254 8255 0 0 14 2 8256 8257 0 0 14 2 8258 8259 0 0 14 2 8260 8261 0 0 14 2 8262 8263 0 0 14 2 8264 8265 0 0 14 2 8266 8267 0 0 14 2 8268 8269 0 0 14 2 8270 8271 0 0 14 2 8272 8273 0 0 14 2 8274 8275 0 0 14 2 8276 8277 0 0 14 2 8278 8279 0 0 14 2 8280 8281 0 0 14 2 8282 8283 0 0 14 2 8284 8285 0 0 14 2 8286 8287 0 0 14 2 8288 8289 0 0 14 2 8290 8291 0 0 14 2 8292 8293 0 0 14 2 8294 8295 0 0 14 2 8296 8297 0 0 14 2 8298 8299 0 0 14 2 8300 8301 0 0 14 2 8302 8303 0 0 14 2 8304 8305 0 0 14 2 8306 8307 0 0 14 2 8308 8309 0 0 14 2 8310 8311 0 0 14 2 8312 8313 0 0 14 2 8314 8315 0 0 14 2 8316 8317 0 0 14 2 8318 8319 0 0 14 2 8320 8321 0 0 14 2 8322 8323 0 0 14 2 8324 8325 0 0 14 2 8326 8327 0 0 14 2 8328 8329 0 0 14 2 8330 8331 0 0 14 2 8332 8333 0 0 14 2 8334 8335 0 0 14 2 8336 8337 0 0 14 2 8338 8339 0 0 14 2 8340 8341 0 0 14 2 8342 8343 0 0 14 2 8344 8345 0 0 14 2 8346 8347 0 0 14 2 8348 8349 0 0 14 2 8350 8351 0 0 14 2 8352 8353 0 0 14 2 8354 8355 0 0 14 2 8356 8357 0 0 14 2 8358 8359 0 0 14 2 8360 8361 0 0 14 2 8362 8363 0 0 14 2 8364 8365 0 0 14 2 8366 8367 0 0 14 2 8368 8369 0 0 14 2 8370 8371 0 0 14 2 8372 8373 0 0 14 2 8374 8375 0 0 14 2 8376 8377 0 0 14 2 8378 8379 0 0 14 2 8380 8381 0 0 14 2 8382 8383 0 0 14 2 8384 8385 0 0 14 2 8386 8387 0 0 14 2 8388 8389 0 0 14 2 8390 8391 0 0 14 2 8392 8393 0 0 14 2 8394 8395 0 0 14 2 8396 8397 0 0 14 2 8398 8399 0 0 
0 0 0 0 0 0 0 0 0 0 0 0 0 0 0 0 0 0 0 0 0 0 0 0 0 0 0 0 0 0 0 0 0 0 0 0 0 0 0 0 0 0 0 0 0 0 0 0 0 0 0 0 0 0 0 0 0 0 0 0 0 0 0 0 0 0 0 0 0 0 0 0 0 0 0 0 0 0 0 0 0 0 0 0 0 0 0 0 0 0 0 0 0 0 0 0 0 0 0 0 
0 0 0 0 0 0 0 0 0 0 0 0 0 0 0 0 0 0 0 0 0 0 0 0 0 0 0 0 0 0 0 0 0 0 0 0 0 0 0 0 0 0 0 0 0 0 0 0 0 0 0 0 0 0 0 0 0 0 0 0 0 0 0 0 0 0 0 0 0 0 0 0 0 0 0 0 0 0 0 0 0 0 0 0 0 0 0 0 0 0 0 0 0 0 0 0 0 0 0 0 
0 0 0 0 0 0 0 0 0 0 0 0 0 0 0 0 0 0 0 0 0 0 0 0 0 0 0 0 0 0 0 0 0 0 0 0 0 0 0 0 0 0 0 0 0 0 0 0 0 0 0 0 0 0 0 0 0 0 0 0 0 0 0 0 0 0 0 0 0 0 0 0 0 0 0 0 0 0 0 0 0 0 0 0 0 0 0 0 0 0 0 0 0 0 0 0 0 0 0 0 
0 0 0 0 0 0 0 0 0 0 0 0 0 0 0 0 0 0 0 0 0 0 0 0 0 0 0 0 0 0 0 0 0 0 0 0 0 0 0 0 0 0 0 0 0 0 0 0 0 0 0 0 0 0 0 0 0 0 0 0 0 0 0 0 0 0 0 0 0 0 0 0 0 0 0 0 0 0 0 0 0 0 0 0 0 0 0 0 0 0 0 0 0 0 0 0 0 0 0 0 
0 0 0 0 0 0 0 0 0 0 0 0 0 0 0 0 0 0 0 0 0 0 0 0 0 0 0 0 0 0 0 0 0 0 0 0 0 0 0 0 0 0 0 0 0 0 0 0 0 0 0 0 0 0 0 0 0 0 0 0 0 0 0 0 0 0 0 0 0 0 0 0 0 0 0 0 0 0 0 0 0 0 0 0 0 0 0 0 0 0 0 0 0 0 0 0 0 0 0 0 
0 0 0 0 0 0 0 0 0 0 0 0 0 0 0 0 0 0 0 0 0 0 0 0 0 0 0 0 0 0 0 0 0 0 0 0 0 0 0 0 0 0 0 0 0 0 0 0 0 0 0 0 0 0 0 0 0 0 0 0 0 0 0 0 0 0 0 0 0 0 0 0 0 0 0 0 0 0 0 0 0 0 0 0 0 0 0 0 0 0 0 0 0 0 0 0 0 0 0 0 
0 0 0 0 0 0 0 0 0 0 0 0 0 0 0 0 0 0 0 0 0 0 0 0 0 0 0 0 0 0 0 0 0 0 0 0 0 0 0 0 0 0 0 0 0 0 0 0 0 0 0 0 0 0 0 0 0 0 0 0 0 0 0 0 0 0 0 0 0 0 0 0 0 0 0 0 0 0 0 0 0 0 0 0 0 0 0 0 0 0 0 0 0 0 0 0 0 0 0 0 
0 0 0 0 0 0 0 0 0 0 0 0 0 0 0 0 0 0 0 0 0 0 0 0 0 0 0 0 0 0 0 0 0 0 0 0 0 0 0 0 0 0 0 0 0 0 0 0 0 0 0 0 0 0 0 0 0 0 0 0 0 0 0 0 0 0 0 0 0 0 0 0 0 0 0 0 0 0 0 0 0 0 0 0 0 0 0 0 0 0 0 0 0 0 0 0 0 0 0 0 
0 0 0 0 0 0 0 0 0 0 0 0 0 0 0 0 0 0 0 0 0 0 0 0 0 0 0 0 0 0 0 0 0 0 0 0 0 0 0 0 0 0 0 0 0 0 0 0 0 0 0 0 0 0 0 0 0 0 0 0 0 0 0 0 0 0 0 0 0 0 0 0 0 0 0 0 0 0 0 0 0 0 0 0 0 0 0 0 0 0 0 0 0 0 0 0 0 0 0 0 
0 0 0 0 0 0 0 0 0 0 0 0 0 0 0 0 0 0 0 0 0 0 0 0 0 0 0 0 0 0 0 0 0 0 0 0 0 0 0 0 0 0 0 0 0 0 0 0 0 0 0 0 0 0 0 0 0 0 0 0 0 0 0 0 0 0 0 0 0 0 0 0 0 0 0 0 0 0 0 0 0 0 0 0 0 0 0 0 0 0 0 0 0 0 0 0 0 0 0 0 
0 0 0 0 0 0 0 0 0 0 0 0 0 0 0 0 0 0 0 0 0 0 0 0 0 0 0 0 0 0 0 0 0 0 0 0 0 0 0 0 0 0 0 0 0 0 0 0 0 0 0 0 0 0 0 0 0 0 0 0 0 0 0 0 0 0 0 0 0 0 0 0 0 0 0 0 0 0 0 0 0 0 0 0 0 0 0 0 0 0 0 0 0 0 0 0 0 0 0 0 
0 0 0 0 0 0 0 0 0 0 0 0 0 0 0 0 0 0 0 0 0 0 0 0 0 0 0 0 0 0 0 0 0 0 0 0 0 0 0 0 0 0 0 0 0 0 0 0 0 0 0 0 0 0 0 0 0 0 0 0 0 0 0 0 0 0 0 0 0 0 0 0 0 0 0 0 0 0 0 0 0 0 0 0 0 0 0 0 0 0 0 0 0 0 0 0 0 0 0 0 
0 0 0 0 0 0 0 0 0 0 0 0 0 0 0 0 0 0 0 0 0 0 0 0 0 0 0 0 0 0 0 0 0 0 0 0 0 0 0 0 0 0 0 0 0 0 0 0 0 0 0 0 0 0 0 0 0 0 0 0 0 0 0 0 0 0 0 0 0 0 0 0 0 0 0 0 0 0 0 0 0 0 0 0 0 0 0 0 0 0 0 0 0 0 0 0 0 0 0 0 
0 0 0 0 0 0 0 0 0 0 0 0 0 0 0 0 0 0 0 0 0 0 0 0 0 0 0 0 0 0 0 0 0 0 0 0 0 0 0 0 0 0 0 0 0 0 0 0 0 0 0 0 0 0 0 0 0 0 0 0 0 0 0 0 0 0 0 0 0 0 0 0 0 0 0 0 0 0 0 0 0 0 0 0 0 0 0 0 0 0 0 0 0 0 0 0 0 0 0 0 
0 0 0 0 0 0 0 0 0 0 0 0 0 0 0 0 0 0 0 0 0 0 0 0 0 0 0 0 0 0 0 0 0 0 0 0 0 0 0 0 0 0 0 0 0 0 0 0 0 0 0 0 0 0 0 0 0 0 0 0 0 0 0 0 0 0 0 0 0 0 0 0 0 0 0 0 0 0 0 0 0 0 0 0 0 0 0 0 0 0 0 0 0 0 0 0 0 0 0 0 
0 0 0 0 0 0 0 0 0 0 0 0 0 0 0 0 0 0 0 0 0 0 0 0 0 0 0 0 0 0 0 0 0 0 0 0 0 0 0 0 0 0 0 0 0 0 0 0 0 0 0 0 0 0 0 0 0 0 0 0 0 0 0 0 0 0 0 0 0 0 0 0 0 0 0 0 0 0 0 0 0 0 0 0 0 0 0 0 0 0 0 0 0 0 0 0 0 0 0 0 
0 0 0 0 0 0 0 0 0 0 0 0 0 0 0 0 0 0 0 0 0 0 0 0 0 0 0 0 0 0 0 0 0 0 0 0 0 0 0 0 0 0 0 0 0 0 0 0 0 0 0 0 0 0 0 0 0 0 0 0 0 0 0 0 0 0 0 0 0 0 0 0 0 0 0 0 0 0 0 0 0 0 0 0 0 0 0 0 0 0 0 0 0 0 0 0 0 0 0 0 
0 0 0 0 0 0 0 0 0 0 0 0 0 0 0 0 0 0 0 0 0 0 0 0 0 0 0 0 0 0 0 0 0 0 0 0 0 0 0 0 0 0 0 0 0 0 0 0 0 0 0 0 0 0 0 0 0 0 0 0 0 0 0 0 0 0 0 0 0 0 0 0 0 0 0 0 0 0 0 0 0 0 0 0 0 0 0 0 0 0 0 0 0 0 0 0 0 0 0 0 
0 0 0 0 0 0 0 0 0 0 0 0 0 0 0 0 0 0 0 0 0 0 0 0 0 0 0 0 0 0 0 0 0 0 0 0 0 0 0 0 0 0 0 0 0 0 0 0 0 0 0 0 0 0 0 0 0 0 0 0 0 0 0 0 0 0 0 0 0 0 0 0 0 0 0 0 0 0 0 0 0 0 0 0 0 0 0 0 0 0 0 0 0 0 0 0 0 0 0 0 
0 0 0 0 0 0 0 0 0 0 0 0 0 0 0 0 0 0 0 0 0 0 0 0 0 0 0 0 0 0 0 0 0 0 0 0 0 0 0 0 0 0 0 0 0 0 0 0 0 0 0 0 0 0 0 0 0 0 0 0 0 0 0 0 0 0 0 0 0 0 0 0 0 0 0 0 0 0 0 0 0 0 0 0 0 0 0 0 0 0 0 0 0 0 0 0 0 0 0 0 
0 0 0 0 0 0 0 0 0 0 0 0 0 0 0 0 0 0 0 0 0 0 0 0 0 0 0 0 0 0 0 0 0 0 0 0 0 0 0 0 0 0 0 0 0 0 0 0 0 0 0 0 0 0 0 0 0 0 0 0 0 0 0 0 0 0 0 0 0 0 0 0 0 0 0 0 0 0 0 0 0 0 0 0 0 0 0 0 0 0 0 0 0 0 0 0 0 0 0 0 
0 0 0 0 0 0 0 0 0 0 0 0 0 0 0 0 0 0 0 0 0 0 0 0 0 0 0 0 0 0 0 0 0 0 0 0 0 0 0 0 0 0 0 0 0 0 0 0 0 0 0 0 0 0 0 0 0 0 0 0 0 0 0 0 0 0 0 0 0 0 0 0 0 0 0 0 0 0 0 0 0 0 0 0 0 0 0 0 0 0 0 0 0 0 0 0 0 0 0 0 
0 0 0 0 0 0 0 0 0 0 0 0 0 0 0 0 0 0 0 0 0 0 0 0 0 0 0 0 0 0 0 0 0 0 0 0 0 0 0 0 0 0 0 0 0 0 0 0 0 0 0 0 0 0 0 0 0 0 0 0 0 0 0 0 0 0 0 0 0 0 0 0 0 0 0 0 0 0 0 0 0 0 0 0 0 0 0 0 0 0 0 0 0 0 0 0 0 0 0 0 
0 0 0 0 0 0 0 0 0 0 0 0 0 0 0 0 0 0 0 0 0 0 0 0 0 0 0 0 0 0 0 0 0 0 0 0 0 0 0 0 0 0 0 0 0 0 0 0 0 0 0 0 0 0 0 0 0 0 0 0 0 0 0 0 0 0 0 0 0 0 0 0 0 0 0 0 0 0 0 0 0 0 0 0 0 0 0 0 0 0 0 0 0 0 0 0 0 0 0 0 
0 0 0 0 0 0 0 0 0 0 0 0 0 0 0 0 0 0 0 0 0 0 0 0 0 0 0 0 0 0 0 0 0 0 0 0 0 0 0 0 0 0 0 0 0 0 0 0 0 0 0 0 0 0 0 0 0 0 0 0 0 0 0 0 0 0 0 0 0 0 0 0 0 0 0 0 0 0 0 0 0 0 0 0 0 0 0 0 0 0 0 0 0 0 0 0 0 0 0 0 
0 0 0 0 0 0 0 0 0 0 0 0 0 0 0 0 0 0 0 0 0 0 0 0 0 0 0 0 0 0 0 0 0 0 0 0 0 0 0 0 0 0 0 0 0 0 0 0 0 0 0 0 0 0 0 0 0 0 0 0 0 0 0 0 0 0 0 0 0 0 0 0 0 0 0 0 0 0 0 0 0 0 0 0 0 0 0 0 0 0 0 0 0 0 0 0 0 0 0 0 
0 0 0 0 0 0 0 0 0 0 0 0 0 0 0 0 0 0 0 0 0 0 0 0 0 0 0 0 0 0 0 0 0 0 0 0 0 0 0 0 0 0 0 0 0 0 0 0 0 0 0 0 0 0 0 0 0 0 0 0 0 0 0 0 0 0 0 0 0 0 0 0 0 0 0 0 0 0 0 0 0 0 0 0 0 0 0 0 0 0 0 0 0 0 0 0 0 0 0 0 
0 0 0 0 0 0 0 0 0 0 0 0 0 0 0 0 0 0 0 0 0 0 0 0 0 0 0 0 0 0 0 0 0 0 0 0 0 0 0 0 0 0 0 0 0 0 0 0 0 0 0 0 0 0 0 0 0 0 0 0 0 0 0 0 0 0 0 0 0 0 0 0 0 0 0 0 0 0 0 0 0 0 0 0 0 0 0 0 0 0 0 0 0 0 0 0 0 0 0 0 
0 0 0 0 0 0 0 0 0 0 0 0 0 0 0 0 0 0 0 0 0 0 0 0 0 0 0 0 0 0 0 0 0 0 0 0 0 0 0 0 0 0 0 0 0 0 0 0 0 0 0 0 0 0 0 0 0 0 0 0 0 0 0 0 0 0 0 0 0 0 0 0 0 0 0 0 0 0 0 0 0 0 0 0 0 0 0 0 0 0 0 0 0 0 0 0 0 0 0 0 
0 0 0 0 0 0 0 0 0 0 0 0 0 0 0 0 0 0 0 0 0 0 0 0 0 0 0 0 0 0 0 0 0 0 0 0 0 0 0 0 0 0 0 0 0 0 0 0 0 0 0 0 0 0 0 0 0 0 0 0 0 0 0 0 0 0 0 0 0 0 0 0 0 0 0 0 0 0 0 0 0 0 0 0 0 0 0 0 0 0 0 0 0 0 0 0 0 0 0 0 
0 0 0 0 0 0 0 0 0 0 0 0 0 0 0 0 0 0 0 0 0 0 0 0 0 0 0 0 0 0 0 0 0 0 0 0 0 0 0 0 0 0 0 0 0 0 0 0 0 0 0 0 0 0 0 0 0 0 0 0 0 0 0 0 0 0 0 0 0 0 0 0 0 0 0 0 0 0 0 0 0 0 0 0 0 0 0 0 0 0 0 0 0 0 0 0 0 0 0 0 
0 0 0 0 0 0 0 0 0 0 0 0 0 0 0 0 0 0 0 0 0 0 0 0 0 0 0 0 0 0 0 0 0 0 0 0 0 0 0 0 0 0 0 0 0 0 0 0 0 0 0 0 0 0 0 0 0 0 0 0 0 0 0 0 0 0 0 0 0 0 0 0 0 0 0 0 0 0 0 0 0 0 0 0 0 0 0 0 0 0 0 0 0 0 0 0 0 0 0 0 
0 0 0 0 0 0 0 0 0 0 0 0 0 0 0 0 0 0 0 0 0 0 0 0 0 0 0 0 0 0 0 0 0 0 0 0 0 0 0 0 0 0 0 0 0 0 0 0 0 0 0 0 0 0 0 0 0 0 0 0 0 0 0 0 0 0 0 0 0 0 0 0 0 0 0 0 0 0 0 0 0 0 0 0 0 0 0 0 0 0 0 0 0 0 0 0 0 0 0 0 
0 0 0 0 0 0 0 0 0 0 0 0 0 0 0 0 0 0 0 0 0 0 0 0 0 0 0 0 0 0 0 0 0 0 0 0 0 0 0 0 0 0 0 0 0 0 0 0 0 0 0 0 0 0 0 0 0 0 0 0 0 0 0 0 0 0 0 0 0 0 0 0 0 0 0 0 0 0 0 0 0 0 0 0 0 0 0 0 0 0 0 0 0 0 0 0 0 0 0 0 
0 0 0 0 0 0 0 0 0 0 0 0 0 0 0 0 0 0 0 0 0 0 0 0 0 0 0 0 0 0 0 0 0 0 0 0 0 0 0 0 0 0 0 0 0 0 0 0 0 0 0 0 0 0 0 0 0 0 0 0 0 0 0 0 0 0 0 0 0 0 0 0 0 0 0 0 0 0 0 0 0 0 0 0 0 0 0 0 0 0 0 0 0 0 0 0 0 0 0 0 
0 0 0 0 0 0 0 0 0 0 0 0 0 0 0 0 0 0 0 0 0 0 0 0 0 0 0 0 0 0 0 0 0 0 0 0 0 0 0 0 0 0 0 0 0 0 0 0 0 0 0 0 0 0 0 0 0 0 0 0 0 0 0 0 0 0 0 0 0 0 0 0 0 0 0 0 0 0 0 0 0 0 0 0 0 0 0 0 0 0 0 0 0 0 0 0 0 0 0 0 
0 0 0 0 0 0 0 0 0 0 0 0 0 0 0 0 0 0 0 0 0 0 0 0 0 0 0 0 0 0 0 0 0 0 0 0 0 0 0 0 0 0 0 0 0 0 0 0 0 0 0 0 0 0 0 0 0 0 0 0 0 0 0 0 0 0 0 0 0 0 0 0 0 0 0 0 0 0 0 0 0 0 0 0 0 0 0 0 0 0 0 0 0 0 0 0 0 0 0 0 
0 0 0 0 0 0 0 0 0 0 0 0 0 0 0 0 0 0 0 0 0 0 0 0 0 0 0 0 0 0 0 0 0 0 0 0 0 0 0 0 0 0 0 0 0 0 0 0 0 0 0 0 0 0 0 0 0 0 0 0 0 0 0 0 0 0 0 0 0 0 0 0 0 0 0 0 0 0 0 0 0 0 0 0 0 0 0 0 0 0 0 0 0 0 0 0 0 0 0 0 
0 0 0 0 0 0 0 0 0 0 0 0 0 0 0 0 0 0 0 0 0 0 0 0 0 0 0 0 0 0 0 0 0 0 0 0 0 0 0 0 0 0 0 0 0 0 0 0 0 0 0 0 0 0 0 0 0 0 0 0 0 0 0 0 0 0 0 0 0 0 0 0 0 0 0 0 0 0 0 0 0 0 0 0 0 0 0 0 0 0 0 0 0 0 0 0 0 0 0 0 
0 0 0 0 0 0 0 0 0 0 0 0 0 0 0 0 0 0 0 0 0 0 0 0 0 0 0 0 0 0 0 0 0 0 0 0 0 0 0 0 0 0 0 0 0 0 0 0 0 0 0 0 0 0 0 0 0 0 0 0 0 0 0 0 0 0 0 0 0 0 0 0 0 0 0 0 0 0 0 0 0 0 0 0 0 0 0 0 0 0 0 0 0 0 0 0 0 0 0 0 
0 0 0 0 0 0 0 0 0 0 0 0 0 0 0 0 0 0 0 0 0 0 0 0 0 0 0 0 0 0 0 0 0 0 0 0 0 0 0 0 0 0 0 0 0 0 0 0 0 0 0 0 0 0 0 0 0 0 0 0 0 0 0 0 0 0 0 0 0 0 0 0 0 0 0 0 0 0 0 0 0 0 0 0 0 0 0 0 0 0 0 0 0 0 0 0 0 0 0 0 
0 0 0 0 0 0 0 0 0 0 0 0 0 0 0 0 0 0 0 0 0 0 0 0 0 0 0 0 0 0 0 0 0 0 0 0 0 0 0 0 0 0 0 0 0 0 0 0 0 0 0 0 0 0 0 0 0 0 0 0 0 0 0 0 0 0 0 0 0 0 0 0 0 0 0 0 0 0 0 0 0 0 0 0 0 0 0 0 0 0 0 0 0 0 0 0 0 0 0 0 
0 0 0 0 0 0 0 0 0 0 0 0 0 0 0 0 0 0 0 0 0 0 0 0 0 0 0 0 0 0 0 0 0 0 0 0 0 0 0 0 0 0 0 0 0 0 0 0 0 0 0 0 0 0 0 0 0 0 0 0 0 0 0 0 0 0 0 0 0 0 0 0 0 0 0 0 0 0 0 0 0 0 0 0 0 0 0 0 0 0 0 0 0 0 0 0 0 0 0 0 
0 0 0 0 0 0 0 0 0 0 0 0 0 0 0 0 0 0 0 0 0 0 0 0 0 0 0 0 0 0 0 0 0 0 0 0 0 0 0 0 0 0 0 0 0 0 0 0 0 0 0 0 0 0 0 0 0 0 0 0 0 0 0 0 0 0 0 0 0 0 0 0 0 0 0 0 0 0 0 0 0 0 0 0 0 0 0 0 0 0 0 0 0 0 0 0 0 0 0 0 
0 0 0 0 0 0 0 0 0 0 0 0 0 0 0 0 0 0 0 0 0 0 0 0 0 0 0 0 0 0 0 0 0 0 0 0 0 0 0 0 0 0 0 0 0 0 0 0 0 0 0 0 0 0 0 0 0 0 0 0 0 0 0 0 0 0 0 0 0 0 0 0 0 0 0 0 0 0 0 0 0 0 0 0 0 0 0 0 0 0 0 0 0 0 0 0 0 0 0 0 
0 0 0 0 0 0 0 0 0 0 0 0 0 0 0 0 0 0 0 0 0 0 0 0 0 0 0 0 0 0 0 0 0 0 0 0 0 0 0 0 0 0 0 0 0 0 0 0 0 0 0 0 0 0 0 0 0 0 0 0 0 0 0 0 0 0 0 0 0 0 0 0 0 0 0 0 0 0 0 0 0 0 0 0 0 0 0 0 0 0 0 0 0 0 0 0 0 0 0 0 
0 0 0 0 0 0 0 0 0 0 0 0 0 0 0 0 0 0 0 0 0 0 0 0 0 0 0 0 0 0 0 0 0 0 0 0 0 0 0 0 0 0 0 0 0 0 0 0 0 0 0 0 0 0 0 0 0 0 0 0 0 0 0 0 0 0 0 0 0 0 0 0 0 0 0 0 0 0 0 0 0 0 0 0 0 0 0 0 0 0 0 0 0 0 0 0 0 0 0 0 
0 0 0 0 0 0 0 0 0 0 0 0 0 0 0 0 0 0 0 0 0 0 0 0 0 0 0 0 0 0 0 0 0 0 0 0 0 0 0 0 0 0 0 0 0 0 0 0 0 0 0 0 0 0 0 0 0 0 0 0 0 0 0 0 0 0 0 0 0 0 0 0 0 0 0 0 0 0 0 0 0 0 0 0 0 0 0 0 0 0 0 0 0 0 0 0 0 0 0 0 
0 0 0 0 0 0 0 0 0 0 0 0 0 0 0 0 0 0 0 0 0 0 0 0 0 0 0 0 0 0 0 0 0 0 0 0 0 0 0 0 0 0 0 0 0 0 0 0 0 0 0 0 0 0 0 0 0 0 0 0 0 0 0 0 0 0 0 0 0 0 0 0 0 0 0 0 0 0 0 0 0 0 0 0 0 0 0 0 0 0 0 0 0 0 0 0 0 0 0 0 
0 0 0 0 0 0 0 0 0 0 0 0 0 0 0 0 0 0 0 0 0 0 0 0 0 0 0 0 0 0 0 0 0 0 0 0 0 0 0 0 0 0 0 0 0 0 0 0 0 0 0 0 0 0 0 0 0 0 0 0 0 0 0 0 0 0 0 0 0 0 0 0 0 0 0 0 0 0 0 0 0 0 0 0 0 0 0 0 0 0 0 0 0 0 0 0 0 0 0 0 
0 0 0 0 0 0 0 0 0 0 0 0 0 0 0 0 0 0 0 0 0 0 0 0 0 0 0 0 0 0 0 0 0 0 0 0 0 0 0 0 0 0 0 0 0 0 0 0 0 0 0 0 0 0 0 0 0 0 0 0 0 0 0 0 0 0 0 0 0 0 0 0 0 0 0 0 0 0 0 0 0 0 0 0 0 0 0 0 0 0 0 0 0 0 0 0 0 0 0 0 
0 0 0 0 0 0 0 0 0 0 0 0 0 0 0 0 0 0 0 0 0 0 0 0 0 0 0 0 0 0 0 0 0 0 0 0 0 0 0 0 0 0 0 0 0 0 0 0 0 0 0 0 0 0 0 0 0 0 0 0 0 0 0 0 0 0 0 0 0 0 0 0 0 0 0 0 0 0 0 0 0 0 0 0 0 0 0 0 0 0 0 0 0 0 0 0 0 0 0 0 
0 0 0 0 0 0 0 0 0 0 0 0 0 0 0 0 0 0 0 0 0 0 0 0 0 0 0 0 0 0 0 0 0 0 0 0 0 0 0 0 0 0 0 0 0 0 0 0 0 0 0 0 0 0 0 0 0 0 0 0 0 0 0 0 0 0 0 0 0 0 0 0 0 0 0 0 0 0 0 0 0 0 0 0 0 0 0 0 0 0 0 0 0 0 0 0 0 0 0 0 
0 0 0 0 0 0 0 0 0 0 0 0 0 0 0 0 0 0 0 0 0 0 0 0 0 0 0 0 0 0 0 0 0 0 0 0 0 0 0 0 0 0 0 0 0 0 0 0 0 0 0 0 0 0 0 0 0 0 0 0 0 0 0 0 0 0 0 0 0 0 0 0 0 0 0 0 0 0 0 0 0 0 0 0 0 0 0 0 0 0 0 0 0 0 0 0 0 0 0 0 
0 0 0 0 0 0 0 0 0 0 0 0 0 0 0 0 0 0 0 0 0 0 0 0 0 0 0 0 0 0 0 0 0 0 0 0 0 0 0 0 0 0 0 0 0 0 0 0 0 0 0 0 0 0 0 0 0 0 0 0 0 0 0 0 0 0 0 0 0 0 0 0 0 0 0 0 0 0 0 0 0 0 0 0 0 0 0 0 0 0 0 0 0 0 0 0 0 0 0 0 
0 0 0 0 0 0 0 0 0 0 0 0 0 0 0 0 0 0 0 0 0 0 0 0 0 0 0 0 0 0 0 0 0 0 0 0 0 0 0 0 0 0 0 0 0 0 0 0 0 0 0 0 0 0 0 0 0 0 0 0 0 0 0 0 0 0 0 0 0 0 0 0 0 0 0 0 0 0 0 0 0 0 0 0 0 0 0 0 0 0 0 0 0 0 0 0 0 0 0 0 
0 0 0 0 0 0 0 0 0 0 0 0 0 0 0 0 0 0 0 0 0 0 0 0 0 0 0 0 0 0 0 0 0 0 0 0 0 0 0 0 0 0 0 0 0 0 0 0 0 0 0 0 0 0 0 0 0 0 0 0 0 0 0 0 0 0 0 0 0 0 0 0 0 0 0 0 0 0 0 0 0 0 0 0 0 0 0 0 0 0 0 0 0 0 0 0 0 0 0 0 
0 0 0 0 0 0 0 0 0 0 0 0 0 0 0 0 0 0 0 0 0 0 0 0 0 0 0 0 0 0 0 0 0 0 0 0 0 0 0 0 0 0 0 0 0 0 0 0 0 0 0 0 0 0 0 0 0 0 0 0 0 0 0 0 0 0 0 0 0 0 0 0 0 0 0 0 0 0 0 0 0 0 0 0 0 0 0 0 0 0 0 0 0 0 0 0 0 0 0 0 

0 0 0 0 0 0 0 0 0 0 0 0 0 0 0 0 0 0 0 0 0 0 0 0 0 0 0 0 0 0 0 0 0 0 0 0 0 0 0 0 0 0 0 0 0 0 0 0 0 0 0 0 0 0 0 0 0 0 0 0 0 0 0 0 0 0 0 0 0 0 0 0 0 0 0 0 0 0 0 0 0 0 0 0 0 0 0 0 0 0 0 0 0 0 0 0 0 0 0 0 
0 0 0 0 0 0 0 0 0 0 0 0 0 0 0 0 0 0 0 0 0 0 0 0 0 0 0 0 0 0 0 0 0 0 0 0 0 0 0 0 0 0 0 0 0 0 0 0 0 0 0 0 0 0 0 0 0 0 0 0 0 0 0 0 0 0 0 0 0 0 0 0 0 0 0 0 0 0 0 0 0 0 0 0 0 0 0 0 0 0 0 0 0 0 0 0 0 0 0 0 
0 0 0 0 0 0 0 0 0 0 0 0 0 0 0 0 0 0 0 0 0 0 0 0 0 0 0 0 0 0 0 0 0 0 0 0 0 0 0 0 0 0 0 0 0 0 0 0 0 0 0 0 0 0 0 0 0 0 0 0 0 0 0 0 0 0 0 0 0 0 0 0 0 0 0 0 0 0 0 0 0 0 0 0 0 0 0 0 0 0 0 0 0 0 0 0 0 0 0 0 
0 0 0 0 0 0 0 0 0 0 0 0 0 0 0 0 0 0 0 0 0 0 0 0 0 0 0 0 0 0 0 0 0 0 0 0 0 0 0 0 0 0 0 0 0 0 0 0 0 0 0 0 0 0 0 0 0 0 0 0 0 0 0 0 0 0 0 0 0 0 0 0 0 0 0 0 0 0 0 0 0 0 0 0 0 0 0 0 0 0 0 0 0 0 0 0 0 0 0 0 
0 0 0 0 0 0 0 0 0 0 0 0 0 0 0 0 0 0 0 0 0 0 0 0 0 0 0 0 0 0 0 0 0 0 0 0 0 0 0 0 0 0 0 0 0 0 0 0 0 0 0 0 0 0 0 0 0 0 0 0 0 0 0 0 0 0 0 0 0 0 0 0 0 0 0 0 0 0 0 0 0 0 0 0 0 0 0 0 0 0 0 0 0 0 0 0 0 0 0 0 
0 0 0 0 0 0 0 0 0 0 0 0 0 0 0 0 0 0 0 0 0 0 0 0 0 0 0 0 0 0 0 0 0 0 0 0 0 0 0 0 0 0 0 0 0 0 0 0 0 0 0 0 0 0 0 0 0 0 0 0 0 0 0 0 0 0 0 0 0 0 0 0 0 0 0 0 0 0 0 0 0 0 0 0 0 0 0 0 0 0 0 0 0 0 0 0 0 0 0 0 
0 0 0 0 0 0 0 0 0 0 0 0 0 0 0 0 0 0 0 0 0 0 0 0 0 0 0 0 0 0 0 0 0 0 0 0 0 0 0 0 0 0 0 0 0 0 0 0 0 0 0 0 0 0 0 0 0 0 0 0 0 0 0 0 0 0 0 0 0 0 0 0 0 0 0 0 0 0 0 0 0 0 0 0 0 0 0 0 0 0 0 0 0 0 0 0 0 0 0 0 
0 0 0 0 0 0 0 0 0 0 0 0 0 0 0 0 0 0 0 0 0 0 0 0 0 0 0 0 0 0 0 0 0 0 0 0 0 0 0 0 0 0 0 0 0 0 0 0 0 0 0 0 0 0 0 0 0 0 0 0 0 0 0 0 0 0 0 0 0 0 0 0 0 0 0 0 0 0 0 0 0 0 0 0 0 0 0 0 0 0 0 0 0 0 0 0 0 0 0 0 
0 0 0 0 0 0 0 0 0 0 0 0 0 0 0 0 0 0 0 0 0 0 0 0 0 0 0 0 0 0 0 0 0 0 0 0 0 0 0 0 0 0 0 0 0 0 0 0 0 0 0 0 0 0 0 0 0 0 0 0 0 0 0 0 0 0 0 0 0 0 0 0 0 0 0 0 0 0 0 0 0 0 0 0 0 0 0 0 0 0 0 0 0 0 0 0 0 0 0 0 
0 0 0 0 0 0 0 0 0 0 0 0 0 0 0 0 0 0 0 0 0 0 0 0 0 0 0 0 0 0 0 0 0 0 0 0 0 0 0 0 0 0 0 0 0 0 0 0 0 0 0 0 0 0 0 0 0 0 0 0 0 0 0 0 0 0 0 0 0 0 0 0 0 0 0 0 0 0 0 0 0 0 0 0 0 0 0 0 0 0 0 0 0 0 0 0 0 0 0 0 
14 2 2000 2001 0 0 14 2 2002 2003 0 0 14 2 2004 2005 0 0 14 2 2006 2007 0 0 14 2 2008 2009 0 0 14 2 2010 2011 0 0 14 2 2012 2013 0 0 14 2 2014 2015 0 0 14 2 2016 2017 0 0 14 2 2018 2019 0 0 14 2 2020 2021 0 0 14 2 2022 2023 0 0 14 2 2024 2025 0 0 14 2 2026 2027 0 0 14 2 2028 2029 0 0 14 2 2030 2031 0 0 14 2 2032 2033 0 0 14 2 2034 2035 0 0 14 2 2036 2037 0 0 14 2 2038 2039 0 0 14 2 2040 2041 0 0 14 2 2042 2043 0 0 14 2 2044 2045 0 0 14 2 2046 2047 0 0 14 2 2048 2049 0 0 14 2 2050 2051 0 0 14 2 2052 2053 0 0 14 2 2054 2055 0 0 14 2 2056 2057 0 0 14 2 2058 2059 0 0 14 2 2060 2061 0 0 14 2 2062 2063 0 0 14 2 2064 2065 0 0 14 2 2066 2067 0 0 14 2 2068 2069 0 0 14 2 2070 2071 0 0 14 2 2072 2073 0 0 14 2 2074 2075 0 0 14 2 2076 2077 0 0 14 2 2078 2079 0 0 14 2 2080 2081 0 0 14 2 2082 2083 0 0 14 2 2084 2085 0 0 14 2 2086 2087 0 0 14 2 2088 2089 0 0 14 2 2090 2091 0 0 14 2 2092 2093 0 0 14 2 2094 2095 0 0 14 2 2096 2097 0 0 14 2 2098 2099 0 0 14 2 2100 2101 0 0 14 2 2102 2103 0 0 14 2 2104 2105 0 0 14 2 2106 2107 0 0 14 2 2108 2109 0 0 14 2 2110 2111 0 0 14 2 2112 2113 0 0 14 2 2114 2115 0 0 14 2 2116 2117 0 0 14 2 2118 2119 0 0 14 2 2120 2121 0 0 14 2 2122 2123 0 0 14 2 2124 2125 0 0 14 2 2126 2127 0 0 14 2 2128 2129 0 0 14 2 2130 2131 0 0 14 2 2132 2133 0 0 14 2 2134 2135 0 0 14 2 2136 2137 0 0 14 2 2138 2139 0 0 14 2 2140 2141 0 0 14 2 2142 2143 0 0 14 2 2144 2145 0 0 14 2 2146 2147 0 0 14 2 2148 2149 0 0 14 2 2150 2151 0 0 14 2 2152 2153 0 0 14 2 2154 2155 0 0 14 2 2156 2157 0 0 14 2 2158 2159 0 0 14 2 2160 2161 0 0 14 2 2162 2163 0 0 14 2 2164 2165 0 0 14 2 2166 2167 0 0 14 2 2168 2169 0 0 14 2 2170 2171 0 0 14 2 2172 2173 0 0 14 2 2174 2175 0 0 14 2 2176 2177 0 0 14 2 2178 2179 0 0 14 2 2180 2181 0 0 14 2 2182 2183 0 0 14 2 2184 2185 0 0 14 2 2186 2187 0 0 14 2 2188 2189 0 0 14 2 2190 2191 0 0 14 2 2192 2193 0 0 14 2 2194 2195 0 0 14 2 2196 2197 0 0 14 2 2198 2199 0 0 
14 2 2200 2201 0 0 14 2 2202 2203 0 0 14 2 2204 2205 0 0 14 2 2206 2207 0 0 14 2 2208 2209 0 0 14 2 2210 2211 0 0 14 2 2212 2213 0 0 14 2 2214 2215 0 0 14 2 2216 2217 0 0 14 2 2218 2219 0 0 14 2 2220 2221 0 0 14 2 2222 2223 0 0 14 2 2224 2225 0 0 14 2 2226 2227 0 0 14 2 2228 2229 0 0 14 2 2230 2231 0 0 14 2 2232 2233 0 0 14 2 2234 2235 0 0 14 2 2236 2237 0 0 14 2 2238 2239 0 0 14 2 2240 2241 0 0 14 2 2242 2243 0 0 14 2 2244 2245 0 0 14 2 2246 2247 0 0 14 2 2248 2249 0 0 14 2 2250 2251 0 0 14 2 2252 2253 0 0 14 2 2254 2255 0 0 14 2 2256 2257 0 0 14 2 2258 2259 0 0 14 2 2260 2261 0 0 14 2 2262 2263 0 0 14 2 2264 2265 0 0 14 2 2266 2267 0 0 14 2 2268 2269 0 0 14 2 2270 2271 0 0 14 2 2272 2273 0 0 14 2 2274 2275 0 0 14 2 2276 2277 0 0 14 2 2278 2279 0 0 14 2 2280 2281 0 0 14 2 2282 2283 0 0 14 2 2284 2285 0 0 14 2 2286 2287 0 0 14 2 2288 2289 0 0 14 2 2290 2291 0 0 14 2 2292 2293 0 0 14 2 2294 2295 0 0 14 2 2296 2297 0 0 14 2 2298 2299 0 0 14 2 2300 2301 0 0 14 2 2302 2303 0 0 14 2 2304 2305 0 0 14 2 2306 2307 0 0 14 2 2308 2309 0 0 14 2 2310 2311 0 0 14 2 2312 2313 0 0 14 2 2314 2315 0 0 14 2 2316 2317 0 0 14 2 2318 2319 0 0 14 2 2320 2321 0 0 14 2 2322 2323 0 0 14 2 2324 2325 0 0 14 2 2326 2327 0 0 14 2 2328 2329 0 0 14 2 2330 2331 0 0 14 2 2332 2333 0 0 14 2 2334 2335 0 0 14 2 2336 2337 0 0 14 2 2338 2339 0 0 14 2 2340 2341 0 0 14 2 2342 2343 0 0 14 2 2344 2345 0 0 14 2 2346 2347 0 0 14 2 2348 2349 0 0 14 2 2350 2351 0 0 14 2 2352 2353 0 0 14 2 2354 2355 0 0 14 2 2356 2357 0 0 14 2 2358 2359 0 0 14 2 2360 2361 0 0 14 2 2362 2363 0 0 14 2 2364 2365 0 0 14 2 2366 2367 0 0 14 2 2368 2369 0 0 14 2 2370 2371 0 0 14 2 2372 2373 0 0 14 2 2374 2375 0 0 14 2 2376 2377 0 0 14 2 2378 2379 0 0 14 2 2380 2381 0 0 14 2 2382 2383 0 0 14 2 2384 2385 0 0 14 2 2386 2387 0 0 14 2 2388 2389 0 0 14 2 2390 2391 0 0 14 2 2392 2393 0 0 14 2 2394 2395 0 0 14 2 2396 2397 0 0 14 2 2398 2399 0 0 
14 2 2400 2401 0 0 14 2 2402 2403 0 0 14 2 2404 2405 0 0 14 2 2406 2407 0 0 14 2 2408 2409 0 0 14 2 2410 2411 0 0 14 2 2412 2413 0 0 14 2 2414 2415 0 0 14 2 2416 2417 0 0 14 2 2418 2419 0 0 14 2 2420 2421 0 0 14 2 2422 2423 0 0 14 2 2424 2425 0 0 14 2 2426 2427 0 0 14 2 2428 2429 0 0 14 2 2430 2431 0 0 14 2 2432 2433 0 0 14 2 2434 2435 0 0 14 2 2436 2437 0 0 14 2 2438 2439 0 0 14 2 2440 2441 0 0 14 2 2442 2443 0 0 14 2 2444 2445 0 0 14 2 2446 2447 0 0 14 2 2448 2449 0 0 14 2 2450 2451 0 0 14 2 2452 2453 0 0 14 2 2454 2455 0 0 14 2 2456 2457 0 0 14 2 2458 2459 0 0 14 2 2460 2461 0 0 14 2 2462 2463 0 0 14 2 2464 2465 0 0 14 2 2466 2467 0 0 14 2 2468 2469 0 0 14 2 2470 2471 0 0 14 2 2472 2473 0 0 14 2 2474 2475 0 0 14 2 2476 2477 0 0 14 2 2478 2479 0 0 14 2 2480 2481 0 0 14 2 2482 2483 0 0 14 2 2484 2485 0 0 14 2 2486 2487 0 0 14 2 2488 2489 0 0 14 2 2490 2491 0 0 14 2 2492 2493 0 0 14 2 2494 2495 0 0 14 2 2496 2497 0 0 14 2 2498 2499 0 0 14 2 2500 2501 0 0 14 2 2502 2503 0 0 14 2 2504 2505 0 0 14 2 2506 2507 0 0 14 2 2508 2509 0 0 14 2 2510 2511 0 0 14 2 2512 2513 0 0 14 2 2514 2515 0 0 14 2 2516 2517 0 0 14 2 2518 2519 0 0 14 2 2520 2521 0 0 14 2 2522 2523 0 0 14 2 2524 2525 0 0 14 2 2526 2527 0 0 14 2 2528 2529 0 0 14 2 2530 2531 0 0 14 2 2532 2533 0 0 14 2 2534 2535 0 0 14 2 2536 2537 0 0 14 2 2538 2539 0 0 14 2 2540 2541 0 0 14 2 2542 2543 0 0 14 2 2544 2545 0 0 14 2 2546 2547 0 0 14 2 2548 2549 0 0 14 2 2550 2551 0 0 14 2 2552 2553 0 0 14 2 2554 2555 0 0 14 2 2556 2557 0 0 14 2 2558 2559 0 0 14 2 2560 2561 0 0 14 2 2562 2563 0 0 14 2 2564 2565 0 0 14 2 2566 2567 0 0 14 2 2568 2569 0 0 14 2 2570 2571 0 0 14 2 2572 2573 0 0 14 2 2574 2575 0 0 14 2 2576 2577 0 0 14 2 2578 2579 0 0 14 2 2580 2581 0 0 14 2 2582 2583 0 0 14 2 2584 2585 0 0 14 2 2586 2587 0 0 14 2 2588 2589 0 0 14 2 2590 2591 0 0 14 2 2592 2593 0 0 14 2 2594 2595 0 0 14 2 2596 2597 0 0 14 2 2598 2599 0 0 
0 0 0 0 0 0 0 0 0 0 0 0 0 0 0 0 0 0 0 0 0 0 0 0 0 0 0 0 0 0 0 0 0 0 0 0 0 0 0 0 0 0 0 0 0 0 0 0 0 0 0 0 0 0 0 0 0 0 0 0 0 0 0 0 0 0 0 0 0 0 0 0 0 0 0 0 0 0 0 0 0 0 0 0 0 0 0 0 0 0 0 0 0 0 0 0 0 0 0 0 
0 0 0 0 0 0 0 0 0 0 0 0 0 0 0 0 0 0 0 0 0 0 0 0 0 0 0 0 0 0 0 0 0 0 0 0 0 0 0 0 0 0 0 0 0 0 0 0 0 0 0 0 0 0 0 0 0 0 0 0 0 0 0 0 0 0 0 0 0 0 0 0 0 0 0 0 0 0 0 0 0 0 0 0 0 0 0 0 0 0 0 0 0 0 0 0 0 0 0 0 
0 0 0 0 0 0 0 0 0 0 0 0 0 0 0 0 0 0 0 0 0 0 0 0 0 0 0 0 0 0 0 0 0 0 0 0 0 0 0 0 0 0 0 0 0 0 0 0 0 0 0 0 0 0 0 0 0 0 0 0 0 0 0 0 0 0 0 0 0 0 0 0 0 0 0 0 0 0 0 0 0 0 0 0 0 0 0 0 0 0 0 0 0 0 0 0 0 0 0 0 
0 0 0 0 0 0 0 0 0 0 0 0 0 0 0 0 0 0 0 0 0 0 0 0 0 0 0 0 0 0 0 0 0 0 0 0 0 0 0 0 0 0 0 0 0 0 0 0 0 0 0 0 0 0 0 0 0 0 0 0 0 0 0 0 0 0 0 0 0 0 0 0 0 0 0 0 0 0 0 0 0 0 0 0 0 0 0 0 0 0 0 0 0 0 0 0 0 0 0 0 
0 0 0 0 0 0 0 0 0 0 0 0 0 0 0 0 0 0 0 0 0 0 0 0 0 0 0 0 0 0 0 0 0 0 0 0 0 0 0 0 0 0 0 0 0 0 0 0 0 0 0 0 0 0 0 0 0 0 0 0 0 0 0 0 0 0 0 0 0 0 0 0 0 0 0 0 0 0 0 0 0 0 0 0 0 0 0 0 0 0 0 0 0 0 0 0 0 0 0 0 
0 0 0 0 0 0 0 0 0 0 0 0 0 0 0 0 0 0 0 0 0 0 0 0 0 0 0 0 0 0 0 0 0 0 0 0 0 0 0 0 0 0 0 0 0 0 0 0 0 0 0 0 0 0 0 0 0 0 0 0 0 0 0 0 0 0 0 0 0 0 0 0 0 0 0 0 0 0 0 0 0 0 0 0 0 0 0 0 0 0 0 0 0 0 0 0 0 0 0 0 
0 0 0 0 0 0 0 0 0 0 0 0 0 0 0 0 0 0 0 0 0 0 0 0 0 0 0 0 0 0 0 0 0 0 0 0 0 0 0 0 0 0 0 0 0 0 0 0 0 0 0 0 0 0 0 0 0 0 0 0 0 0 0 0 0 0 0 0 0 0 0 0 0 0 0 0 0 0 0 0 0 0 0 0 0 0 0 0 0 0 0 0 0 0 0 0 0 0 0 0 
0 0 0 0 0 0 0 0 0 0 0 0 0 0 0 0 0 0 0 0 0 0 0 0 0 0 0 0 0 0 0 0 0 0 0 0 0 0 0 0 0 0 0 0 0 0 0 0 0 0 0 0 0 0 0 0 0 0 0 0 0 0 0 0 0 0 0 0 0 0 0 0 0 0 0 0 0 0 0 0 0 0 0 0 0 0 0 0 0 0 0 0 0 0 0 0 0 0 0 0 
0 0 0 0 0 0 0 0 0 0 0 0 0 0 0 0 0 0 0 0 0 0 0 0 0 0 0 0 0 0 0 0 0 0 0 0 0 0 0 0 0 0 0 0 0 0 0 0 0 0 0 0 0 0 0 0 0 0 0 0 0 0 0 0 0 0 0 0 0 0 0 0 0 0 0 0 0 0 0 0 0 0 0 0 0 0 0 0 0 0 0 0 0 0 0 0 0 0 0 0 
0 0 0 0 0 0 0 0 0 0 0 0 0 0 0 0 0 0 0 0 0 0 0 0 0 0 0 0 0 0 0 0 0 0 0 0 0 0 0 0 0 0 0 0 0 0 0 0 0 0 0 0 0 0 0 0 0 0 0 0 0 0 0 0 0 0 0 0 0 0 0 0 0 0 0 0 0 0 0 0 0 0 0 0 0 0 0 0 0 0 0 0 0 0 0 0 0 0 0 0 
0 0 0 0 0 0 0 0 0 0 0 0 0 0 0 0 0 0 0 0 0 0 0 0 0 0 0 0 0 0 0 0 0 0 0 0 0 0 0 0 0 0 0 0 0 0 0 0 0 0 0 0 0 0 0 0 0 0 0 0 0 0 0 0 0 0 0 0 0 0 0 0 0 0 0 0 0 0 0 0 0 0 0 0 0 0 0 0 0 0 0 0 0 0 0 0 0 0 0 0 
0 0 0 0 0 0 0 0 0 0 0 0 0 0 0 0 0 0 0 0 0 0 0 0 0 0 0 0 0 0 0 0 0 0 0 0 0 0 0 0 0 0 0 0 0 0 0 0 0 0 0 0 0 0 0 0 0 0 0 0 0 0 0 0 0 0 0 0 0 0 0 0 0 0 0 0 0 0 0 0 0 0 0 0 0 0 0 0 0 0 0 0 0 0 0 0 0 0 0 0 
0 0 0 0 0 0 0 0 0 0 0 0 0 0 0 0 0 0 0 0 0 0 0 0 0 0 0 0 0 0 0 0 0 0 0 0 0 0 0 0 0 0 0 0 0 0 0 0 0 0 0 0 0 0 0 0 0 0 0 0 0 0 0 0 0 0 0 0 0 0 0 0 0 0 0 0 0 0 0 0 0 0 0 0 0 0 0 0 0 0 0 0 0 0 0 0 0 0 0 0 
0 0 0 0 0 0 0 0 0 0 0 0 0 0 0 0 0 0 0 0 0 0 0 0 0 0 0 0 0 0 0 0 0 0 0 0 0 0 0 0 0 0 0 0 0 0 0 0 0 0 0 0 0 0 0 0 0 0 0 0 0 0 0 0 0 0 0 0 0 0 0 0 0 0 0 0 0 0 0 0 0 0 0 0 0 0 0 0 0 0 0 0 0 0 0 0 0 0 0 0 
0 0 0 0 0 0 0 0 0 0 0 0 0 0 0 0 0 0 0 0 0 0 0 0 0 0 0 0 0 0 0 0 0 0 0 0 0 0 0 0 0 0 0 0 0 0 0 0 0 0 0 0 0 0 0 0 0 0 0 0 0 0 0 0 0 0 0 0 0 0 0 0 0 0 0 0 0 0 0 0 0 0 0 0 0 0 0 0 0 0 0 0 0 0 0 0 0 0 0 0 
0 0 0 0 0 0 0 0 0 0 0 0 0 0 0 0 0 0 0 0 0 0 0 0 0 0 0 0 0 0 0 0 0 0 0 0 0 0 0 0 0 0 0 0 0 0 0 0 0 0 0 0 0 0 0 0 0 0 0 0 0 0 0 0 0 0 0 0 0 0 0 0 0 0 0 0 0 0 0 0 0 0 0 0 0 0 0 0 0 0 0 0 0 0 0 0 0 0 0 0 
0 0 0 0 0 0 0 0 0 0 0 0 0 0 0 0 0 0 0 0 0 0 0 0 0 0 0 0 0 0 0 0 0 0 0 0 0 0 0 0 0 0 0 0 0 0 0 0 0 0 0 0 0 0 0 0 0 0 0 0 0 0 0 0 0 0 0 0 0 0 0 0 0 0 0 0 0 0 0 0 0 0 0 0 0 0 0 0 0 0 0 0 0 0 0 0 0 0 0 0 
0 0 0 0 0 0 0 0 0 0 0 0 0 0 0 0 0 0 0 0 0 0 0 0 0 0 0 0 0 0 0 0 0 0 0 0 0 0 0 0 0 0 0 0 0 0 0 0 0 0 0 0 0 0 0 0 0 0 0 0 0 0 0 0 0 0 0 0 0 0 0 0 0 0 0 0 0 0 0 0 0 0 0 0 0 0 0 0 0 0 0 0 0 0 0 0 0 0 0 0 
0 0 0 0 0 0 0 0 0 0 0 0 0 0 0 0 0 0 0 0 0 0 0 0 0 0 0 0 0 0 0 0 0 0 0 0 0 0 0 0 0 0 0 0 0 0 0 0 0 0 0 0 0 0 0 0 0 0 0 0 0 0 0 0 0 0 0 0 0 0 0 0 0 0 0 0 0 0 0 0 0 0 0 0 0 0 0 0 0 0 0 0 0 0 0 0 0 0 0 0 
0 0 0 0 0 0 0 0 0 0 0 0 0 0 0 0 0 0 0 0 0 0 0 0 0 0 0 0 0 0 0 0 0 0 0 0 0 0 0 0 0 0 0 0 0 0 0 0 0 0 0 0 0 0 0 0 0 0 0 0 0 0 0 0 0 0 0 0 0 0 0 0 0 0 0 0 0 0 0 0 0 0 0 0 0 0 0 0 0 0 0 0 0 0 0 0 0 0 0 0 
0 0 0 0 0 0 0 0 0 0 0 0 0 0 0 0 0 0 0 0 0 0 0 0 0 0 0 0 0 0 0 0 0 0 0 0 0 0 0 0 0 0 0 0 0 0 0 0 0 0 0 0 0 0 0 0 0 0 0 0 0 0 0 0 0 0 0 0 0 0 0 0 0 0 0 0 0 0 0 0 0 0 0 0 0 0 0 0 0 0 0 0 0 0 0 0 0 0 0 0 
0 0 0 0 0 0 0 0 0 0 0 0 0 0 0 0 0 0 0 0 0 0 0 0 0 0 0 0 0 0 0 0 0 0 0 0 0 0 0 0 0 0 0 0 0 0 0 0 0 0 0 0 0 0 0 0 0 0 0 0 0 0 0 0 0 0 0 0 0 0 0 0 0 0 0 0 0 0 0 0 0 0 0 0 0 0 0 0 0 0 0 0 0 0 0 0 0 0 0 0 
0 0 0 0 0 0 0 0 0 0 0 0 0 0 0 0 0 0 0 0 0 0 0 0 0 0 0 0 0 0 0 0 0 0 0 0 0 0 0 0 0 0 0 0 0 0 0 0 0 0 0 0 0 0 0 0 0 0 0 0 0 0 0 0 0 0 0 0 0 0 0 0 0 0 0 0 0 0 0 0 0 0 0 0 0 0 0 0 0 0 0 0 0 0 0 0 0 0 0 0 
0 0 0 0 0 0 0 0 0 0 0 0 0 0 0 0 0 0 0 0 0 0 0 0 0 0 0 0 0 0 0 0 0 0 0 0 0 0 0 0 0 0 0 0 0 0 0 0 0 0 0 0 0 0 0 0 0 0 0 0 0 0 0 0 0 0 0 0 0 0 0 0 0 0 0 0 0 0 0 0 0 0 0 0 0 0 0 0 0 0 0 0 0 0 0 0 0 0 0 0 
14 2 7400 7401 0 0 14 2 7402 7403 0 0 14 2 7404 7405 0 0 14 2 7406 7407 0 0 14 2 7408 7409 0 0 14 2 7410 7411 0 0 14 2 7412 7413 0 0 14 2 7414 7415 0 0 14 2 7416 7417 0 0 14 2 7418 7419 0 0 14 2 7420 7421 0 0 14 2 7422 7423 0 0 14 2 7424 7425 0 0 14 2 7426 7427 0 0 14 2 7428 7429 0 0 14 2 7430 7431 0 0 14 2 7432 7433 0 0 14 2 7434 7435 0 0 14 2 7436 7437 0 0 14 2 7438 7439 0 0 14 2 7440 7441 0 0 14 2 7442 7443 0 0 14 2 7444 7445 0 0 14 2 7446 7447 0 0 14 2 7448 7449 0 0 14 2 7450 7451 0 0 14 2 7452 7453 0 0 14 2 7454 7455 0 0 14 2 7456 7457 0 0 14 2 7458 7459 0 0 14 2 7460 7461 0 0 14 2 7462 7463 0 0 14 2 7464 7465 0 0 14 2 7466 7467 0 0 14 2 7468 7469 0 0 14 2 7470 7471 0 0 14 2 7472 7473 0 0 14 2 7474 7475 0 0 14 2 7476 7477 0 0 14 2 7478 7479 0 0 14 2 7480 7481 0 0 14 2 7482 7483 0 0 14 2 7484 7485 0 0 14 2 7486 7487 0 0 14 2 7488 7489 0 0 14 2 7490 7491 0 0 14 2 7492 7493 0 0 14 2 7494 7495 0 0 14 2 7496 7497 0 0 14 2 7498 7499 0 0 14 2 7500 7501 0 0 14 2 7502 7503 0 0 14 2 7504 7505 0 0 14 2 7506 7507 0 0 14 2 7508 7509 0 0 14 2 7510 7511 0 0 14 2 7512 7513 0 0 14 2 7514 7515 0 0 14 2 7516 7517 0 0 14 2 7518 7519 0 0 14 2 7520 7521 0 0 14 2 7522 7523 0 0 14 2 7524 7525 0 0 14 2 7526 7527 0 0 14 2 7528 7529 0 0 14 2 7530 7531 0 0 14 2 7532 7533 0 0 14 2 7534 7535 0 0 14 2 7536 7537 0 0 14 2 7538 7539 0 0 14 2 7540 7541 0 0 14 2 7542 7543 0 0 14 2 7544 7545 0 0 14 2 7546 7547 0 0 14 2 7548 7549 0 0 14 2 7550 7551 0 0 14 2 7552 7553 0 0 14 2 7554 7555 0 0 14 2 7556 7557 0 0 14 2 7558 7559 0 0 14 2 7560 7561 0 0 14 2 7562 7563 0 0 14 2 7564 7565 0 0 14 2 7566 7567 0 0 14 2 7568 7569 0 0 14 2 7570 7571 0 0 14 2 7572 7573 0 0 14 2 7574 7575 0 0 14 2 7576 7577 0 0 14 2 7578 7579 0 0 14 2 7580 7581 0 0 14 2 7582 7583 0 0 14 2 7584 7585 0 0 14 2 7586 7587 0 0 14 2 7588 7589 0 0 14 2 7590 7591 0 0 14 2 7592 7593 0 0 14 2 7594 7595 0 0 14 2 7596 7597 0 0 14 2 7598 7599 0 0 
14 2 7600 7601 0 0 14 2 7602 7603 0 0 14 2 7604 7605 0 0 14 2 7606 7607 0 0 14 2 7608 7609 0 0 14 2 7610 7611 0 0 14 2 7612 7613 0 0 14 2 7614 7615 0 0 14 2 7616 7617 0 0 14 2 7618 7619 0 0 14 2 7620 7621 0 0 14 2 7622 7623 0 0 14 2 7624 7625 0 0 14 2 7626 7627 0 0 14 2 7628 7629 0 0 14 2 7630 7631 0 0 14 2 7632 7633 0 0 14 2 7634 7635 0 0 14 2 7636 7637 0 0 14 2 7638 7639 0 0 14 2 7640 7641 0 0 14 2 7642 7643 0 0 14 2 7644 7645 0 0 14 2 7646 7647 0 0 14 2 7648 7649 0 0 14 2 7650 7651 0 0 14 2 7652 7653 0 0 14 2 7654 7655 0 0 14 2 7656 7657 0 0 14 2 7658 7659 0 0 14 2 7660 7661 0 0 14 2 7662 7663 0 0 14 2 7664 7665 0 0 14 2 7666 7667 0 0 14 2 7668 7669 0 0 14 2 7670 7671 0 0 14 2 7672 7673 0 0 14 2 7674 7675 0 0 14 2 7676 7677 0 0 14 2 7678 7679 0 0 14 2 7680 7681 0 0 14 2 7682 7683 0 0 14 2 7684 7685 0 0 14 2 7686 7687 0 0 14 2 7688 7689 0 0 14 2 7690 7691 0 0 14 2 7692 7693 0 0 14 2 7694 7695 0 0 14 2 7696 7697 0 0 14 2 7698 7699 0 0 14 2 7700 7701 0 0 14 2 7702 7703 0 0 14 2 7704 7705 0 0 14 2 7706 7707 0 0 14 2 7708 7709 0 0 14 2 7710 7711 0 0 14 2 7712 7713 0 0 14 2 7714 7715 0 0 14 2 7716 7717 0 0 14 2 7718 7719 0 0 14 2 7720 7721 0 0 14 2 7722 7723 0 0 14 2 7724 7725 0 0 14 2 7726 7727 0 0 14 2 7728 7729 0 0 14 2 7730 7731 0 0 14 2 7732 7733 0 0 14 2 7734 7735 0 0 14 2 7736 7737 0 0 14 2 7738 7739 0 0 14 2 7740 7741 0 0 14 2 7742 7743 0 0 14 2 7744 7745 0 0 14 2 7746 7747 0 0 14 2 7748 7749 0 0 14 2 7750 7751 0 0 14 2 7752 7753 0 0 14 2 7754 7755 0 0 14 2 7756 7757 0 0 14 2 7758 7759 0 0 14 2 7760 7761 0 0 14 2 7762 7763 0 0 14 2 7764 7765 0 0 14 2 7766 7767 0 0 14 2 7768 7769 0 0 14 2 7770 7771 0 0 14 2 7772 7773 0 0 14 2 7774 7775 0 0 14 2 7776 7777 0 0 14 2 7778 7779 0 0 14 2 7780 7781 0 0 14 2 7782 7783 0 0 14 2 7784 7785 0 0 14 2 7786 7787 0 0 14 2 7788 7789 0 0 14 2 7790 7791 0 0 14 2 7792 7793 0 0 14 2 7794 7795 0 0 14 2 7796 7797 0 0 14 2 7798 7799 0 0 
14 2 7800 7801 0 0 14 2 7802 7803 0 0 14 2 7804 7805 0 0 14 2 7806 7807 0 0 14 2 7808 7809 0 0 14 2 7810 7811 0 0 14 2 7812 7813 0 0 14 2 7814 7815 0 0 14 2 7816 7817 0 0 14 2 7818 7819 0 0 14 2 7820 7821 0 0 14 2 7822 7823 0 0 14 2 7824 7825 0 0 14 2 7826 7827 0 0 14 2 7828 7829 0 0 14 2 7830 7831 0 0 14 2 7832 7833 0 0 14 2 7834 7835 0 0 14 2 7836 7837 0 0 14 2 7838 7839 0 0 14 2 7840 7841 0 0 14 2 7842 7843 0 0 14 2 7844 7845 0 0 14 2 7846 7847 0 0 14 2 7848 7849 0 0 14 2 7850 7851 0 0 14 2 7852 7853 0 0 14 2 7854 7855 0 0 14 2 7856 7857 0 0 14 2 7858 7859 0 0 14 2 7860 7861 0 0 14 2 7862 7863 0 0 14 2 7864 7865 0 0 14 2 7866 7867 0 0 14 2 7868 7869 0 0 14 2 7870 7871 0 0 14 2 7872 7873 0 0 14 2 7874 7875 0 0 14 2 7876 7877 0 0 14 2 7878 7879 0 0 14 2 7880 7881 0 0 14 2 7882 7883 0 0 14 2 7884 7885 0 0 14 2 7886 7887 0 0 14 2 7888 7889 0 0 14 2 7890 7891 0 0 14 2 7892 7893 0 0 14 2 7894 7895 0 0 14 2 7896 7897 0 0 14 2 7898 7899 0 0 14 2 7900 7901 0 0 14 2 7902 7903 0 0 14 2 7904 7905 0 0 14 2 7906 7907 0 0 14 2 7908 7909 0 0 14 2 7910 7911 0 0 14 2 7912 7913 0 0 14 2 7914 7915 0 0 14 2 7916 7917 0 0 14 2 7918 7919 0 0 14 2 7920 7921 0 0 14 2 7922 7923 0 0 14 2 7924 7925 0 0 14 2 7926 7927 0 0 14 2 7928 7929 0 0 14 2 7930 7931 0 0 14 2 7932 7933 0 0 14 2 7934 7935 0 0 14 2 7936 7937 0 0 14 2 7938 7939 0 0 14 2 7940 7941 0 0 14 2 7942 7943 0 0 14 2 7944 7945 0 0 14 2 7946 7947 0 0 14 2 7948 7949 0 0 14 2 7950 7951 0 0 14 2 7952 7953 0 0 14 2 7954 7955 0 0 14 2 7956 7957 0 0 14 2 7958 7959 0 0 14 2 7960 7961 0 0 14 2 7962 7963 0 0 14 2 7964 7965 0 0 14 2 7966 7967 0 0 14 2 7968 7969 0 0 14 2 7970 7971 0 0 14 2 7972 7973 0 0 14 2 7974 7975 0 0 14 2 7976 7977 0 0 14 2 7978 7979 0 0 14 2 7980 7981 0 0 14 2 7982 7983 0 0 14 2 7984 7985 0 0 14 2 7986 7987 0 0 14 2 7988 7989 0 0 14 2 7990 7991 0 0 14 2 7992 7993 0 0 14 2 7994 7995 0 0 14 2 7996 7997 0 0 14 2 7998 7999 0 0 
0 0 0 0 0 0 0 0 0 0 0 0 0 0 0 0 0 0 0 0 0 0 0 0 0 0 0 0 0 0 0 0 0 0 0 0 0 0 0 0 0 0 0 0 0 0 0 0 0 0 0 0 0 0 0 0 0 0 0 0 0 0 0 0 0 0 0 0 0 0 0 0 0 0 0 0 0 0 0 0 0 0 0 0 0 0 0 0 0 0 0 0 0 0 0 0 0 0 0 0 
0 0 0 0 0 0 0 0 0 0 0 0 0 0 0 0 0 0 0 0 0 0 0 0 0 0 0 0 0 0 0 0 0 0 0 0 0 0 0 0 0 0 0 0 0 0 0 0 0 0 0 0 0 0 0 0 0 0 0 0 0 0 0 0 0 0 0 0 0 0 0 0 0 0 0 0 0 0 0 0 0 0 0 0 0 0 0 0 0 0 0 0 0 0 0 0 0 0 0 0 
0 0 0 0 0 0 0 0 0 0 0 0 0 0 0 0 0 0 0 0 0 0 0 0 0 0 0 0 0 0 0 0 0 0 0 0 0 0 0 0 0 0 0 0 0 0 0 0 0 0 0 0 0 0 0 0 0 0 0 0 0 0 0 0 0 0 0 0 0 0 0 0 0 0 0 0 0 0 0 0 0 0 0 0 0 0 0 0 0 0 0 0 0 0 0 0 0 0 0 0 
0 0 0 0 0 0 0 0 0 0 0 0 0 0 0 0 0 0 0 0 0 0 0 0 0 0 0 0 0 0 0 0 0 0 0 0 0 0 0 0 0 0 0 0 0 0 0 0 0 0 0 0 0 0 0 0 0 0 0 0 0 0 0 0 0 0 0 0 0 0 0 0 0 0 0 0 0 0 0 0 0 0 0 0 0 0 0 0 0 0 0 0 0 0 0 0 0 0 0 0 
0 0 0 0 0 0 0 0 0 0 0 0 0 0 0 0 0 0 0 0 0 0 0 0 0 0 0 0 0 0 0 0 0 0 0 0 0 0 0 0 0 0 0 0 0 0 0 0 0 0 0 0 0 0 0 0 0 0 0 0 0 0 0 0 0 0 0 0 0 0 0 0 0 0 0 0 0 0 0 0 0 0 0 0 0 0 0 0 0 0 0 0 0 0 0 0 0 0 0 0 
0 0 0 0 0 0 0 0 0 0 0 0 0 0 0 0 0 0 0 0 0 0 0 0 0 0 0 0 0 0 0 0 0 0 0 0 0 0 0 0 0 0 0 0 0 0 0 0 0 0 0 0 0 0 0 0 0 0 0 0 0 0 0 0 0 0 0 0 0 0 0 0 0 0 0 0 0 0 0 0 0 0 0 0 0 0 0 0 0 0 0 0 0 0 0 0 0 0 0 0 
0 0 0 0 0 0 0 0 0 0 0 0 0 0 0 0 0 0 0 0 0 0 0 0 0 0 0 0 0 0 0 0 0 0 0 0 0 0 0 0 0 0 0 0 0 0 0 0 0 0 0 0 0 0 0 0 0 0 0 0 0 0 0 0 0 0 0 0 0 0 0 0 0 0 0 0 0 0 0 0 0 0 0 0 0 0 0 0 0 0 0 0 0 0 0 0 0 0 0 0 
0 0 0 0 0 0 0 0 0 0 0 0 0 0 0 0 0 0 0 0 0 0 0 0 0 0 0 0 0 0 0 0 0 0 0 0 0 0 0 0 0 0 0 0 0 0 0 0 0 0 0 0 0 0 0 0 0 0 0 0 0 0 0 0 0 0 0 0 0 0 0 0 0 0 0 0 0 0 0 0 0 0 0 0 0 0 0 0 0 0 0 0 0 0 0 0 0 0 0 0 
0 0 0 0 0 0 0 0 0 0 0 0 0 0 0 0 0 0 0 0 0 0 0 0 0 0 0 0 0 0 0 0 0 0 0 0 0 0 0 0 0 0 0 0 0 0 0 0 0 0 0 0 0 0 0 0 0 0 0 0 0 0 0 0 0 0 0 0 0 0 0 0 0 0 0 0 0 0 0 0 0 0 0 0 0 0 0 0 0 0 0 0 0 0 0 0 0 0 0 0 
0 0 0 0 0 0 0 0 0 0 0 0 0 0 0 0 0 0 0 0 0 0 0 0 0 0 0 0 0 0 0 0 0 0 0 0 0 0 0 0 0 0 0 0 0 0 0 0 0 0 0 0 0 0 0 0 0 0 0 0 0 0 0 0 0 0 0 0 0 0 0 0 0 0 0 0 0 0 0 0 0 0 0 0 0 0 0 0 0 0 0 0 0 0 0 0 0 0 0 0 
0 0 0 0 0 0 0 0 0 0 0 0 0 0 0 0 0 0 0 0 0 0 0 0 0 0 0 0 0 0 0 0 0 0 0 0 0 0 0 0 0 0 0 0 0 0 0 0 0 0 0 0 0 0 0 0 0 0 0 0 0 0 0 0 0 0 0 0 0 0 0 0 0 0 0 0 0 0 0 0 0 0 0 0 0 0 0 0 0 0 0 0 0 0 0 0 0 0 0 0 
0 0 0 0 0 0 0 0 0 0 0 0 0 0 0 0 0 0 0 0 0 0 0 0 0 0 0 0 0 0 0 0 0 0 0 0 0 0 0 0 0 0 0 0 0 0 0 0 0 0 0 0 0 0 0 0 0 0 0 0 0 0 0 0 0 0 0 0 0 0 0 0 0 0 0 0 0 0 0 0 0 0 0 0 0 0 0 0 0 0 0 0 0 0 0 0 0 0 0 0 
0 0 0 0 0 0 0 0 0 0 0 0 0 0 0 0 0 0 0 0 0 0 0 0 0 0 0 0 0 0 0 0 0 0 0 0 0 0 0 0 0 0 0 0 0 0 0 0 0 0 0 0 0 0 0 0 0 0 0 0 0 0 0 0 0 0 0 0 0 0 0 0 0 0 0 0 0 0 0 0 0 0 0 0 0 0 0 0 0 0 0 0 0 0 0 0 0 0 0 0 
0 0 0 0 0 0 0 0 0 0 0 0 0 0 0 0 0 0 0 0 0 0 0 0 0 0 0 0 0 0 0 0 0 0 0 0 0 0 0 0 0 0 0 0 0 0 0 0 0 0 0 0 0 0 0 0 0 0 0 0 0 0 0 0 0 0 0 0 0 0 0 0 0 0 0 0 0 0 0 0 0 0 0 0 0 0 0 0 0 0 0 0 0 0 0 0 0 0 0 0 
0 0 0 0 0 0 0 0 0 0 0 0 0 0 0 0 0 0 0 0 0 0 0 0 0 0 0 0 0 0 0 0 0 0 0 0 0 0 0 0 0 0 0 0 0 0 0 0 0 0 0 0 0 0 0 0 0 0 0 0 0 0 0 0 0 0 0 0 0 0 0 0 0 0 0 0 0 0 0 0 0 0 0 0 0 0 0 0 0 0 0 0 0 0 0 0 0 0 0 0 
0 0 0 0 0 0 0 0 0 0 0 0 0 0 0 0 0 0 0 0 0 0 0 0 0 0 0 0 0 0 0 0 0 0 0 0 0 0 0 0 0 0 0 0 0 0 0 0 0 0 0 0 0 0 0 0 0 0 0 0 0 0 0 0 0 0 0 0 0 0 0 0 0 0 0 0 0 0 0 0 0 0 0 0 0 0 0 0 0 0 0 0 0 0 0 0 0 0 0 0 
0 0 0 0 0 0 0 0 0 0 0 0 0 0 0 0 0 0 0 0 0 0 0 0 0 0 0 0 0 0 0 0 0 0 0 0 0 0 0 0 0 0 0 0 0 0 0 0 0 0 0 0 0 0 0 0 0 0 0 0 0 0 0 0 0 0 0 0 0 0 0 0 0 0 0 0 0 0 0 0 0 0 0 0 0 0 0 0 0 0 0 0 0 0 0 0 0 0 0 0 
0 0 0 0 0 0 0 0 0 0 0 0 0 0 0 0 0 0 0 0 0 0 0 0 0 0 0 0 0 0 0 0 0 0 0 0 0 0 0 0 0 0 0 0 0 0 0 0 0 0 0 0 0 0 0 0 0 0 0 0 0 0 0 0 0 0 0 0 0 0 0 0 0 0 0 0 0 0 0 0 0 0 0 0 0 0 0 0 0 0 0 0 0 0 0 0 0 0 0 0 
0 0 0 0 0 0 0 0 0 0 0 0 0 0 0 0 0 0 0 0 0 0 0 0 0 0 0 0 0 0 0 0 0 0 0 0 0 0 0 0 0 0 0 0 0 0 0 0 0 0 0 0 0 0 0 0 0 0 0 0 0 0 0 0 0 0 0 0 0 0 0 0 0 0 0 0 0 0 0 0 0 0 0 0 0 0 0 0 0 0 0 0 0 0 0 0 0 0 0 0 
0 0 0 0 0 0 0 0 0 0 0 0 0 0 0 0 0 0 0 0 0 0 0 0 0 0 0 0 0 0 0 0 0 0 0 0 0 0 0 0 0 0 0 0 0 0 0 0 0 0 0 0 0 0 0 0 0 0 0 0 0 0 0 0 0 0 0 0 0 0 0 0 0 0 0 0 0 0 0 0 0 0 0 0 0 0 0 0 0 0 0 0 0 0 0 0 0 0 0 0 
0 0 0 0 0 0 0 0 0 0 0 0 0 0 0 0 0 0 0 0 0 0 0 0 0 0 0 0 0 0 0 0 0 0 0 0 0 0 0 0 0 0 0 0 0 0 0 0 0 0 0 0 0 0 0 0 0 0 0 0 0 0 0 0 0 0 0 0 0 0 0 0 0 0 0 0 0 0 0 0 0 0 0 0 0 0 0 0 0 0 0 0 0 0 0 0 0 0 0 0 
0 0 0 0 0 0 0 0 0 0 0 0 0 0 0 0 0 0 0 0 0 0 0 0 0 0 0 0 0 0 0 0 0 0 0 0 0 0 0 0 0 0 0 0 0 0 0 0 0 0 0 0 0 0 0 0 0 0 0 0 0 0 0 0 0 0 0 0 0 0 0 0 0 0 0 0 0 0 0 0 0 0 0 0 0 0 0 0 0 0 0 0 0 0 0 0 0 0 0 0 
0 0 0 0 0 0 0 0 0 0 0 0 0 0 0 0 0 0 0 0 0 0 0 0 0 0 0 0 0 0 0 0 0 0 0 0 0 0 0 0 0 0 0 0 0 0 0 0 0 0 0 0 0 0 0 0 0 0 0 0 0 0 0 0 0 0 0 0 0 0 0 0 0 0 0 0 0 0 0 0 0 0 0 0 0 0 0 0 0 0 0 0 0 0 0 0 0 0 0 0 
0 0 0 0 0 0 0 0 0 0 0 0 0 0 0 0 0 0 0 0 0 0 0 0 0 0 0 0 0 0 0 0 0 0 0 0 0 0 0 0 0 0 0 0 0 0 0 0 0 0 0 0 0 0 0 0 0 0 0 0 0 0 0 0 0 0 0 0 0 0 0 0 0 0 0 0 0 0 0 0 0 0 0 0 0 0 0 0 0 0 0 0 0 0 0 0 0 0 0 0 
0 0 0 0 0 0 0 0 0 0 0 0 0 0 0 0 0 0 0 0 0 0 0 0 0 0 0 0 0 0 0 0 0 0 0 0 0 0 0 0 0 0 0 0 0 0 0 0 0 0 0 0 0 0 0 0 0 0 0 0 0 0 0 0 0 0 0 0 0 0 0 0 0 0 0 0 0 0 0 0 0 0 0 0 0 0 0 0 0 0 0 0 0 0 0 0 0 0 0 0 
0 0 0 0 0 0 0 0 0 0 0 0 0 0 0 0 0 0 0 0 0 0 0 0 0 0 0 0 0 0 0 0 0 0 0 0 0 0 0 0 0 0 0 0 0 0 0 0 0 0 0 0 0 0 0 0 0 0 0 0 0 0 0 0 0 0 0 0 0 0 0 0 0 0 0 0 0 0 0 0 0 0 0 0 0 0 0 0 0 0 0 0 0 0 0 0 0 0 0 0 
0 0 0 0 0 0 0 0 0 0 0 0 0 0 0 0 0 0 0 0 0 0 0 0 0 0 0 0 0 0 0 0 0 0 0 0 0 0 0 0 0 0 0 0 0 0 0 0 0 0 0 0 0 0 0 0 0 0 0 0 0 0 0 0 0 0 0 0 0 0 0 0 0 0 0 0 0 0 0 0 0 0 0 0 0 0 0 0 0 0 0 0 0 0 0 0 0 0 0 0 
0 0 0 0 0 0 0 0 0 0 0 0 0 0 0 0 0 0 0 0 0 0 0 0 0 0 0 0 0 0 0 0 0 0 0 0 0 0 0 0 0 0 0 0 0 0 0 0 0 0 0 0 0 0 0 0 0 0 0 0 0 0 0 0 0 0 0 0 0 0 0 0 0 0 0 0 0 0 0 0 0 0 0 0 0 0 0 0 0 0 0 0 0 0 0 0 0 0 0 0 
0 0 0 0 0 0 0 0 0 0 0 0 0 0 0 0 0 0 0 0 0 0 0 0 0 0 0 0 0 0 0 0 0 0 0 0 0 0 0 0 0 0 0 0 0 0 0 0 0 0 0 0 0 0 0 0 0 0 0 0 0 0 0 0 0 0 0 0 0 0 0 0 0 0 0 0 0 0 0 0 0 0 0 0 0 0 0 0 0 0 0 0 0 0 0 0 0 0 0 0 
0 0 0 0 0 0 0 0 0 0 0 0 0 0 0 0 0 0 0 0 0 0 0 0 0 0 0 0 0 0 0 0 0 0 0 0 0 0 0 0 0 0 0 0 0 0 0 0 0 0 0 0 0 0 0 0 0 0 0 0 0 0 0 0 0 0 0 0 0 0 0 0 0 0 0 0 0 0 0 0 0 0 0 0 0 0 0 0 0 0 0 0 0 0 0 0 0 0 0 0 
0 0 0 0 0 0 0 0 0 0 0 0 0 0 0 0 0 0 0 0 0 0 0 0 0 0 0 0 0 0 0 0 0 0 0 0 0 0 0 0 0 0 0 0 0 0 0 0 0 0 0 0 0 0 0 0 0 0 0 0 0 0 0 0 0 0 0 0 0 0 0 0 0 0 0 0 0 0 0 0 0 0 0 0 0 0 0 0 0 0 0 0 0 0 0 0 0 0 0 0 
0 0 0 0 0 0 0 0 0 0 0 0 0 0 0 0 0 0 0 0 0 0 0 0 0 0 0 0 0 0 0 0 0 0 0 0 0 0 0 0 0 0 0 0 0 0 0 0 0 0 0 0 0 0 0 0 0 0 0 0 0 0 0 0 0 0 0 0 0 0 0 0 0 0 0 0 0 0 0 0 0 0 0 0 0 0 0 0 0 0 0 0 0 0 0 0 0 0 0 0 
0 0 0 0 0 0 0 0 0 0 0 0 0 0 0 0 0 0 0 0 0 0 0 0 0 0 0 0 0 0 0 0 0 0 0 0 0 0 0 0 0 0 0 0 0 0 0 0 0 0 0 0 0 0 0 0 0 0 0 0 0 0 0 0 0 0 0 0 0 0 0 0 0 0 0 0 0 0 0 0 0 0 0 0 0 0 0 0 0 0 0 0 0 0 0 0 0 0 0 0 
0 0 0 0 0 0 0 0 0 0 0 0 0 0 0 0 0 0 0 0 0 0 0 0 0 0 0 0 0 0 0 0 0 0 0 0 0 0 0 0 0 0 0 0 0 0 0 0 0 0 0 0 0 0 0 0 0 0 0 0 0 0 0 0 0 0 0 0 0 0 0 0 0 0 0 0 0 0 0 0 0 0 0 0 0 0 0 0 0 0 0 0 0 0 0 0 0 0 0 0 
0 0 0 0 0 0 0 0 0 0 0 0 0 0 0 0 0 0 0 0 0 0 0 0 0 0 0 0 0 0 0 0 0 0 0 0 0 0 0 0 0 0 0 0 0 0 0 0 0 0 0 0 0 0 0 0 0 0 0 0 0 0 0 0 0 0 0 0 0 0 0 0 0 0 0 0 0 0 0 0 0 0 0 0 0 0 0 0 0 0 0 0 0 0 0 0 0 0 0 0 
0 0 0 0 0 0 0 0 0 0 0 0 0 0 0 0 0 0 0 0 0 0 0 0 0 0 0 0 0 0 0 0 0 0 0 0 0 0 0 0 0 0 0 0 0 0 0 0 0 0 0 0 0 0 0 0 0 0 0 0 0 0 0 0 0 0 0 0 0 0 0 0 0 0 0 0 0 0 0 0 0 0 0 0 0 0 0 0 0 0 0 0 0 0 0 0 0 0 0 0 
0 0 0 0 0 0 0 0 0 0 0 0 0 0 0 0 0 0 0 0 0 0 0 0 0 0 0 0 0 0 0 0 0 0 0 0 0 0 0 0 0 0 0 0 0 0 0 0 0 0 0 0 0 0 0 0 0 0 0 0 0 0 0 0 0 0 0 0 0 0 0 0 0 0 0 0 0 0 0 0 0 0 0 0 0 0 0 0 0 0 0 0 0 0 0 0 0 0 0 0 
0 0 0 0 0 0 0 0 0 0 0 0 0 0 0 0 0 0 0 0 0 0 0 0 0 0 0 0 0 0 0 0 0 0 0 0 0 0 0 0 0 0 0 0 0 0 0 0 0 0 0 0 0 0 0 0 0 0 0 0 0 0 0 0 0 0 0 0 0 0 0 0 0 0 0 0 0 0 0 0 0 0 0 0 0 0 0 0 0 0 0 0 0 0 0 0 0 0 0 0 
0 0 0 0 0 0 0 0 0 0 0 0 0 0 0 0 0 0 0 0 0 0 0 0 0 0 0 0 0 0 0 0 0 0 0 0 0 0 0 0 0 0 0 0 0 0 0 0 0 0 0 0 0 0 0 0 0 0 0 0 0 0 0 0 0 0 0 0 0 0 0 0 0 0 0 0 0 0 0 0 0 0 0 0 0 0 0 0 0 0 0 0 0 0 0 0 0 0 0 0 
0 0 0 0 0 0 0 0 0 0 0 0 0 0 0 0 0 0 0 0 0 0 0 0 0 0 0 0 0 0 0 0 0 0 0 0 0 0 0 0 0 0 0 0 0 0 0 0 0 0 0 0 0 0 0 0 0 0 0 0 0 0 0 0 0 0 0 0 0 0 0 0 0 0 0 0 0 0 0 0 0 0 0 0 0 0 0 0 0 0 0 0 0 0 0 0 0 0 0 0 
0 0 0 0 0 0 0 0 0 0 0 0 0 0 0 0 0 0 0 0 0 0 0 0 0 0 0 0 0 0 0 0 0 0 0 0 0 0 0 0 0 0 0 0 0 0 0 0 0 0 0 0 0 0 0 0 0 0 0 0 0 0 0 0 0 0 0 0 0 0 0 0 0 0 0 0 0 0 0 0 0 0 0 0 0 0 0 0 0 0 0 0 0 0 0 0 0 0 0 0 
0 0 0 0 0 0 0 0 0 0 0 0 0 0 0 0 0 0 0 0 0 0 0 0 0 0 0 0 0 0 0 0 0 0 0 0 0 0 0 0 0 0 0 0 0 0 0 0 0 0 0 0 0 0 0 0 0 0 0 0 0 0 0 0 0 0 0 0 0 0 0 0 0 0 0 0 0 0 0 0 0 0 0 0 0 0 0 0 0 0 0 0 0 0 0 0 0 0 0 0 
0 0 0 0 0 0 0 0 0 0 0 0 0 0 0 0 0 0 0 0 0 0 0 0 0 0 0 0 0 0 0 0 0 0 0 0 0 0 0 0 0 0 0 0 0 0 0 0 0 0 0 0 0 0 0 0 0 0 0 0 0 0 0 0 0 0 0 0 0 0 0 0 0 0 0 0 0 0 0 0 0 0 0 0 0 0 0 0 0 0 0 0 0 0 0 0 0 0 0 0 
0 0 0 0 0 0 0 0 0 0 0 0 0 0 0 0 0 0 0 0 0 0 0 0 0 0 0 0 0 0 0 0 0 0 0 0 0 0 0 0 0 0 0 0 0 0 0 0 0 0 0 0 0 0 0 0 0 0 0 0 0 0 0 0 0 0 0 0 0 0 0 0 0 0 0 0 0 0 0 0 0 0 0 0 0 0 0 0 0 0 0 0 0 0 0 0 0 0 0 0 
0 0 0 0 0 0 0 0 0 0 0 0 0 0 0 0 0 0 0 0 0 0 0 0 0 0 0 0 0 0 0 0 0 0 0 0 0 0 0 0 0 0 0 0 0 0 0 0 0 0 0 0 0 0 0 0 0 0 0 0 0 0 0 0 0 0 0 0 0 0 0 0 0 0 0 0 0 0 0 0 0 0 0 0 0 0 0 0 0 0 0 0 0 0 0 0 0 0 0 0 
0 0 0 0 0 0 0 0 0 0 0 0 0 0 0 0 0 0 0 0 0 0 0 0 0 0 0 0 0 0 0 0 0 0 0 0 0 0 0 0 0 0 0 0 0 0 0 0 0 0 0 0 0 0 0 0 0 0 0 0 0 0 0 0 0 0 0 0 0 0 0 0 0 0 0 0 0 0 0 0 0 0 0 0 0 0 0 0 0 0 0 0 0 0 0 0 0 0 0 0 
0 0 0 0 0 0 0 0 0 0 0 0 0 0 0 0 0 0 0 0 0 0 0 0 0 0 0 0 0 0 0 0 0 0 0 0 0 0 0 0 0 0 0 0 0 0 0 0 0 0 0 0 0 0 0 0 0 0 0 0 0 0 0 0 0 0 0 0 0 0 0 0 0 0 0 0 0 0 0 0 0 0 0 0 0 0 0 0 0 0 0 0 0 0 0 0 0 0 0 0 
0 0 0 0 0 0 0 0 0 0 0 0 0 0 0 0 0 0 0 0 0 0 0 0 0 0 0 0 0 0 0 0 0 0 0 0 0 0 0 0 0 0 0 0 0 0 0 0 0 0 0 0 0 0 0 0 0 0 0 0 0 0 0 0 0 0 0 0 0 0 0 0 0 0 0 0 0 0 0 0 0 0 0 0 0 0 0 0 0 0 0 0 0 0 0 0 0 0 0 0 
0 0 0 0 0 0 0 0 0 0 0 0 0 0 0 0 0 0 0 0 0 0 0 0 0 0 0 0 0 0 0 0 0 0 0 0 0 0 0 0 0 0 0 0 0 0 0 0 0 0 0 0 0 0 0 0 0 0 0 0 0 0 0 0 0 0 0 0 0 0 0 0 0 0 0 0 0 0 0 0 0 0 0 0 0 0 0 0 0 0 0 0 0 0 0 0 0 0 0 0 
0 0 0 0 0 0 0 0 0 0 0 0 0 0 0 0 0 0 0 0 0 0 0 0 0 0 0 0 0 0 0 0 0 0 0 0 0 0 0 0 0 0 0 0 0 0 0 0 0 0 0 0 0 0 0 0 0 0 0 0 0 0 0 0 0 0 0 0 0 0 0 0 0 0 0 0 0 0 0 0 0 0 0 0 0 0 0 0 0 0 0 0 0 0 0 0 0 0 0 0 
0 0 0 0 0 0 0 0 0 0 0 0 0 0 0 0 0 0 0 0 0 0 0 0 0 0 0 0 0 0 0 0 0 0 0 0 0 0 0 0 0 0 0 0 0 0 0 0 0 0 0 0 0 0 0 0 0 0 0 0 0 0 0 0 0 0 0 0 0 0 0 0 0 0 0 0 0 0 0 0 0 0 0 0 0 0 0 0 0 0 0 0 0 0 0 0 0 0 0 0 
0 0 0 0 0 0 0 0 0 0 0 0 0 0 0 0 0 0 0 0 0 0 0 0 0 0 0 0 0 0 0 0 0 0 0 0 0 0 0 0 0 0 0 0 0 0 0 0 0 0 0 0 0 0 0 0 0 0 0 0 0 0 0 0 0 0 0 0 0 0 0 0 0 0 0 0 0 0 0 0 0 0 0 0 0 0 0 0 0 0 0 0 0 0 0 0 0 0 0 0 
0 0 0 0 0 0 0 0 0 0 0 0 0 0 0 0 0 0 0 0 0 0 0 0 0 0 0 0 0 0 0 0 0 0 0 0 0 0 0 0 0 0 0 0 0 0 0 0 0 0 0 0 0 0 0 0 0 0 0 0 0 0 0 0 0 0 0 0 0 0 0 0 0 0 0 0 0 0 0 0 0 0 0 0 0 0 0 0 0 0 0 0 0 0 0 0 0 0 0 0 
0 0 0 0 0 0 0 0 0 0 0 0 0 0 0 0 0 0 0 0 0 0 0 0 0 0 0 0 0 0 0 0 0 0 0 0 0 0 0 0 0 0 0 0 0 0 0 0 0 0 0 0 0 0 0 0 0 0 0 0 0 0 0 0 0 0 0 0 0 0 0 0 0 0 0 0 0 0 0 0 0 0 0 0 0 0 0 0 0 0 0 0 0 0 0 0 0 0 0 0 
0 0 0 0 0 0 0 0 0 0 0 0 0 0 0 0 0 0 0 0 0 0 0 0 0 0 0 0 0 0 0 0 0 0 0 0 0 0 0 0 0 0 0 0 0 0 0 0 0 0 0 0 0 0 0 0 0 0 0 0 0 0 0 0 0 0 0 0 0 0 0 0 0 0 0 0 0 0 0 0 0 0 0 0 0 0 0 0 0 0 0 0 0 0 0 0 0 0 0 0 
0 0 0 0 0 0 0 0 0 0 0 0 0 0 0 0 0 0 0 0 0 0 0 0 0 0 0 0 0 0 0 0 0 0 0 0 0 0 0 0 0 0 0 0 0 0 0 0 0 0 0 0 0 0 0 0 0 0 0 0 0 0 0 0 0 0 0 0 0 0 0 0 0 0 0 0 0 0 0 0 0 0 0 0 0 0 0 0 0 0 0 0 0 0 0 0 0 0 0 0 
0 0 0 0 0 0 0 0 0 0 0 0 0 0 0 0 0 0 0 0 0 0 0 0 0 0 0 0 0 0 0 0 0 0 0 0 0 0 0 0 0 0 0 0 0 0 0 0 0 0 0 0 0 0 0 0 0 0 0 0 0 0 0 0 0 0 0 0 0 0 0 0 0 0 0 0 0 0 0 0 0 0 0 0 0 0 0 0 0 0 0 0 0 0 0 0 0 0 0 0 
0 0 0 0 0 0 0 0 0 0 0 0 0 0 0 0 0 0 0 0 0 0 0 0 0 0 0 0 0 0 0 0 0 0 0 0 0 0 0 0 0 0 0 0 0 0 0 0 0 0 0 0 0 0 0 0 0 0 0 0 0 0 0 0 0 0 0 0 0 0 0 0 0 0 0 0 0 0 0 0 0 0 0 0 0 0 0 0 0 0 0 0 0 0 0 0 0 0 0 0 
0 0 0 0 0 0 0 0 0 0 0 0 0 0 0 0 0 0 0 0 0 0 0 0 0 0 0 0 0 0 0 0 0 0 0 0 0 0 0 0 0 0 0 0 0 0 0 0 0 0 0 0 0 0 0 0 0 0 0 0 0 0 0 0 0 0 0 0 0 0 0 0 0 0 0 0 0 0 0 0 0 0 0 0 0 0 0 0 0 0 0 0 0 0 0 0 0 0 0 0 
0 0 0 0 0 0 0 0 0 0 0 0 0 0 0 0 0 0 0 0 0 0 0 0 0 0 0 0 0 0 0 0 0 0 0 0 0 0 0 0 0 0 0 0 0 0 0 0 0 0 0 0 0 0 0 0 0 0 0 0 0 0 0 0 0 0 0 0 0 0 0 0 0 0 0 0 0 0 0 0 0 0 0 0 0 0 0 0 0 0 0 0 0 0 0 0 0 0 0 0 

0 0 0 0 0 0 0 0 0 0 0 0 0 0 0 0 0 0 0 0 0 0 0 0 0 0 0 0 0 0 0 0 0 0 0 0 0 0 0 0 0 0 0 0 0 0 0 0 0 0 0 0 0 0 0 0 0 0 0 0 0 0 0 0 0 0 0 0 0 0 0 0 0 0 0 0 0 0 0 0 0 0 0 0 0 0 0 0 0 0 0 0 0 0 0 0 0 0 0 0 
0 0 0 0 0 0 0 0 0 0 0 0 0 0 0 0 0 0 0 0 0 0 0 0 0 0 0 0 0 0 0 0 0 0 0 0 0 0 0 0 0 0 0 0 0 0 0 0 0 0 0 0 0 0 0 0 0 0 0 0 0 0 0 0 0 0 0 0 0 0 0 0 0 0 0 0 0 0 0 0 0 0 0 0 0 0 0 0 0 0 0 0 0 0 0 0 0 0 0 0 
0 0 0 0 0 0 0 0 0 0 0 0 0 0 0 0 0 0 0 0 0 0 0 0 0 0 0 0 0 0 0 0 0 0 0 0 0 0 0 0 0 0 0 0 0 0 0 0 0 0 0 0 0 0 0 0 0 0 0 0 0 0 0 0 0 0 0 0 0 0 0 0 0 0 0 0 0 0 0 0 0 0 0 0 0 0 0 0 0 0 0 0 0 0 0 0 0 0 0 0 
0 0 0 0 0 0 0 0 0 0 0 0 0 0 0 0 0 0 0 0 0 0 0 0 0 0 0 0 0 0 0 0 0 0 0 0 0 0 0 0 0 0 0 0 0 0 0 0 0 0 0 0 0 0 0 0 0 0 0 0 0 0 0 0 0 0 0 0 0 0 0 0 0 0 0 0 0 0 0 0 0 0 0 0 0 0 0 0 0 0 0 0 0 0 0 0 0 0 0 0 
0 0 0 0 0 0 0 0 0 0 0 0 0 0 0 0 0 0 0 0 0 0 0 0 0 0 0 0 0 0 0 0 0 0 0 0 0 0 0 0 0 0 0 0 0 0 0 0 0 0 0 0 0 0 0 0 0 0 0 0 0 0 0 0 0 0 0 0 0 0 0 0 0 0 0 0 0 0 0 0 0 0 0 0 0 0 0 0 0 0 0 0 0 0 0 0 0 0 0 0 
0 0 0 0 0 0 0 0 0 0 0 0 0 0 0 0 0 0 0 0 0 0 0 0 0 0 0 0 0 0 0 0 0 0 0 0 0 0 0 0 0 0 0 0 0 0 0 0 0 0 0 0 0 0 0 0 0 0 0 0 0 0 0 0 0 0 0 0 0 0 0 0 0 0 0 0 0 0 0 0 0 0 0 0 0 0 0 0 0 0 0 0 0 0 0 0 0 0 0 0 
0 0 0 0 0 0 0 0 0 0 0 0 0 0 0 0 0 0 0 0 0 0 0 0 0 0 0 0 0 0 0 0 0 0 0 0 0 0 0 0 0 0 0 0 0 0 0 0 0 0 0 0 0 0 0 0 0 0 0 0 0 0 0 0 0 0 0 0 0 0 0 0 0 0 0 0 0 0 0 0 0 0 0 0 0 0 0 0 0 0 0 0 0 0 0 0 0 0 0 0 
0 0 0 0 0 0 0 0 0 0 0 0 0 0 0 0 0 0 0 0 0 0 0 0 0 0 0 0 0 0 0 0 0 0 0 0 0 0 0 0 0 0 0 0 0 0 0 0 0 0 0 0 0 0 0 0 0 0 0 0 0 0 0 0 0 0 0 0 0 0 0 0 0 0 0 0 0 0 0 0 0 0 0 0 0 0 0 0 0 0 0 0 0 0 0 0 0 0 0 0 
0 0 0 0 0 0 0 0 0 0 0 0 0 0 0 0 0 0 0 0 0 0 0 0 0 0 0 0 0 0 0 0 0 0 0 0 0 0 0 0 0 0 0 0 0 0 0 0 0 0 0 0 0 0 0 0 0 0 0 0 0 0 0 0 0 0 0 0 0 0 0 0 0 0 0 0 0 0 0 0 0 0 0 0 0 0 0 0 0 0 0 0 0 0 0 0 0 0 0 0 
0 0 0 0 0 0 0 0 0 0 0 0 0 0 0 0 0 0 0 0 0 0 0 0 0 0 0 0 0 0 0 0 0 0 0 0 0 0 0 0 0 0 0 0 0 0 0 0 0 0 0 0 0 0 0 0 0 0 0 0 0 0 0 0 0 0 0 0 0 0 0 0 0 0 0 0 0 0 0 0 0 0 0 0 0 0 0 0 0 0 0 0 0 0 0 0 0 0 0 0 
0 0 0 0 0 0 0 0 0 0 0 0 0 0 0 0 0 0 0 0 0 0 0 0 0 0 0 0 0 0 0 0 0 0 0 0 0 0 0 0 0 0 0 0 0 0 0 0 0 0 0 0 0 0 0 0 0 0 0 0 0 0 0 0 0 0 0 0 0 0 0 0 0 0 0 0 0 0 0 0 0 0 0 0 0 0 0 0 0 0 0 0 0 0 0 0 0 0 0 0 
0 0 0 0 0 0 0 0 0 0 0 0 0 0 0 0 0 0 0 0 0 0 0 0 0 0 0 0 0 0 0 0 0 0 0 0 0 0 0 0 0 0 0 0 0 0 0 0 0 0 0 0 0 0 0 0 0 0 0 0 0 0 0 0 0 0 0 0 0 0 0 0 0 0 0 0 0 0 0 0 0 0 0 0 0 0 0 0 0 0 0 0 0 0 0 0 0 0 0 0 
14 2 2400 2401 0 0 14 2 2402 2403 0 0 14 2 2404 2405 0 0 14 2 2406 2407 0 0 14 2 2408 2409 0 0 14 2 2410 2411 0 0 14 2 2412 2413 0 0 14 2 2414 2415 0 0 14 2 2416 2417 0 0 14 2 2418 2419 0 0 14 2 2420 2421 0 0 14 2 2422 2423 0 0 14 2 2424 2425 0 0 14 2 2426 2427 0 0 14 2 2428 2429 0 0 14 2 2430 2431 0 0 14 2 2432 2433 0 0 14 2 2434 2435 0 0 14 2 2436 2437 0 0 14 2 2438 2439 0 0 14 2 2440 2441 0 0 14 2 2442 2443 0 0 14 2 2444 2445 0 0 14 2 2446 2447 0 0 14 2 2448 2449 0 0 14 2 2450 2451 0 0 14 2 2452 2453 0 0 14 2 2454 2455 0 0 14 2 2456 2457 0 0 14 2 2458 2459 0 0 14 2 2460 2461 0 0 14 2 2462 2463 0 0 14 2 2464 2465 0 0 14 2 2466 2467 0 0 14 2 2468 2469 0 0 14 2 2470 2471 0 0 14 2 2472 2473 0 0 14 2 2474 2475 0 0 14 2 2476 2477 0 0 14 2 2478 2479 0 0 14 2 2480 2481 0 0 14 2 2482 2483 0 0 14 2 2484 2485 0 0 14 2 2486 2487 0 0 14 2 2488 2489 0 0 14 2 2490 2491 0 0 14 2 2492 2493 0 0 14 2 2494 2495 0 0 14 2 2496 2497 0 0 14 2 2498 2499 0 0 14 2 2500 2501 0 0 14 2 2502 2503 0 0 14 2 2504 2505 0 0 14 2 2506 2507 0 0 14 2 2508 2509 0 0 14 2 2510 2511 0 0 14 2 2512 2513 0 0 14 2 2514 2515 0 0 14 2 2516 2517 0 0 14 2 2518 2519 0 0 14 2 2520 2521 0 0 14 2 2522 2523 0 0 14 2 2524 2525 0 0 14 2 2526 2527 0 0 14 2 2528 2529 0 0 14 2 2530 2531 0 0 14 2 2532 2533 0 0 14 2 2534 2535 0 0 14 2 2536 2537 0 0 14 2 2538 2539 0 0 14 2 2540 2541 0 0 14 2 2542 2543 0 0 14 2 2544 2545 0 0 14 2 2546 2547 0 0 14 2 2548 2549 0 0 14 2 2550 2551 0 0 14 2 2552 2553 0 0 14 2 2554 2555 0 0 14 2 2556 2557 0 0 14 2 2558 2559 0 0 14 2 2560 2561 0 0 14 2 2562 2563 0 0 14 2 2564 2565 0 0 14 2 2566 2567 0 0 14 2 2568 2569 0 0 14 2 2570 2571 0 0 14 2 2572 2573 0 0 14 2 2574 2575 0 0 14 2 2576 2577 0 0 14 2 2578 2579 0 0 14 2 2580 2581 0 0 14 2 2582 2583 0 0 14 2 2584 2585 0 0 14 2 2586 2587 0 0 14 2 2588 2589 0 0 14 2 2590 2591 0 0 14 2 2592 2593 0 0 14 2 2594 2595 0 0 14 2 2596 2597 0 0 14 2 2598 2599 0 0 
14 2 2600 2601 0 0 14 2 2602 2603 0 0 14 2 2604 2605 0 0 14 2 2606 2607 0 0 14 2 2608 2609 0 0 14 2 2610 2611 0 0 14 2 2612 2613 0 0 14 2 2614 2615 0 0 14 2 2616 2617 0 0 14 2 2618 2619 0 0 14 2 2620 2621 0 0 14 2 2622 2623 0 0 14 2 2624 2625 0 0 14 2 2626 2627 0 0 14 2 2628 2629 0 0 14 2 2630 2631 0 0 14 2 2632 2633 0 0 14 2 2634 2635 0 0 14 2 2636 2637 0 0 14 2 2638 2639 0 0 14 2 2640 2641 0 0 14 2 2642 2643 0 0 14 2 2644 2645 0 0 14 2 2646 2647 0 0 14 2 2648 2649 0 0 14 2 2650 2651 0 0 14 2 2652 2653 0 0 14 2 2654 2655 0 0 14 2 2656 2657 0 0 14 2 2658 2659 0 0 14 2 2660 2661 0 0 14 2 2662 2663 0 0 14 2 2664 2665 0 0 14 2 2666 2667 0 0 14 2 2668 2669 0 0 14 2 2670 2671 0 0 14 2 2672 2673 0 0 14 2 2674 2675 0 0 14 2 2676 2677 0 0 14 2 2678 2679 0 0 14 2 2680 2681 0 0 14 2 2682 2683 0 0 14 2 2684 2685 0 0 14 2 2686 2687 0 0 14 2 2688 2689 0 0 14 2 2690 2691 0 0 14 2 2692 2693 0 0 14 2 2694 2695 0 0 14 2 2696 2697 0 0 14 2 2698 2699 0 0 14 2 2700 2701 0 0 14 2 2702 2703 0 0 14 2 2704 2705 0 0 14 2 2706 2707 0 0 14 2 2708 2709 0 0 14 2 2710 2711 0 0 14 2 2712 2713 0 0 14 2 2714 2715 0 0 14 2 2716 2717 0 0 14 2 2718 2719 0 0 14 2 2720 2721 0 0 14 2 2722 2723 0 0 14 2 2724 2725 0 0 14 2 2726 2727 0 0 14 2 2728 2729 0 0 14 2 2730 2731 0 0 14 2 2732 2733 0 0 14 2 2734 2735 0 0 14 2 2736 2737 0 0 14 2 2738 2739 0 0 14 2 2740 2741 0 0 14 2 2742 2743 0 0 14 2 2744 2745 0 0 14 2 2746 2747 0 0 14 2 2748 2749 0 0 14 2 2750 2751 0 0 14 2 2752 2753 0 0 14 2 2754 2755 0 0 14 2 2756 2757 0 0 14 2 2758 2759 0 0 14 2 2760 2761 0 0 14 2 2762 2763 0 0 14 2 2764 2765 0 0 14 2 2766 2767 0 0 14 2 2768 2769 0 0 14 2 2770 2771 0 0 14 2 2772 2773 0 0 14 2 2774 2775 0 0 14 2 2776 2777 0 0 14 2 2778 2779 0 0 14 2 2780 2781 0 0 14 2 2782 2783 0 0 14 2 2784 2785 0 0 14 2 2786 2787 0 0 14 2 2788 2789 0 0 14 2 2790 2791 0 0 14 2 2792 2793 0 0 14 2 2794 2795 0 0 14 2 2796 2797 0 0 14 2 2798 2799 0 0 
14 2 2800 2801 0 0 14 2 2802 2803 0 0 14 2 2804 2805 0 0 14 2 2806 2807 0 0 14 2 2808 2809 0 0 14 2 2810 2811 0 0 14 2 2812 2813 0 0 14 2 2814 2815 0 0 14 2 2816 2817 0 0 14 2 2818 2819 0 0 14 2 2820 2821 0 0 14 2 2822 2823 0 0 14 2 2824 2825 0 0 14 2 2826 2827 0 0 14 2 2828 2829 0 0 14 2 2830 2831 0 0 14 2 2832 2833 0 0 14 2 2834 2835 0 0 14 2 2836 2837 0 0 14 2 2838 2839 0 0 14 2 2840 2841 0 0 14 2 2842 2843 0 0 14 2 2844 2845 0 0 14 2 2846 2847 0 0 14 2 2848 2849 0 0 14 2 2850 2851 0 0 14 2 2852 2853 0 0 14 2 2854 2855 0 0 14 2 2856 2857 0 0 14 2 2858 2859 0 0 14 2 2860 2861 0 0 14 2 2862 2863 0 0 14 2 2864 2865 0 0 14 2 2866 2867 0 0 14 2 2868 2869 0 0 14 2 2870 2871 0 0 14 2 2872 2873 0 0 14 2 2874 2875 0 0 14 2 2876 2877 0 0 14 2 2878 2879 0 0 14 2 2880 2881 0 0 14 2 2882 2883 0 0 14 2 2884 2885 0 0 14 2 2886 2887 0 0 14 2 2888 2889 0 0 14 2 2890 2891 0 0 14 2 2892 2893 0 0 14 2 2894 2895 0 0 14 2 2896 2897 0 0 14 2 2898 2899 0 0 14 2 2900 2901 0 0 14 2 2902 2903 0 0 14 2 2904 2905 0 0 14 2 2906 2907 0 0 14 2 2908 2909 0 0 14 2 2910 2911 0 0 14 2 2912 2913 0 0 14 2 2914 2915 0 0 14 2 2916 2917 0 0 14 2 2918 2919 0 0 14 2 2920 2921 0 0 14 2 2922 2923 0 0 14 2 2924 2925 0 0 14 2 2926 2927 0 0 14 2 2928 2929 0 0 14 2 2930 2931 0 0 14 2 2932 2933 0 0 14 2 2934 2935 0 0 14 2 2936 2937 0 0 14 2 2938 2939 0 0 14 2 2940 2941 0 0 14 2 2942 2943 0 0 14 2 2944 2945 0 0 14 2 2946 2947 0 0 14 2 2948 2949 0 0 14 2 2950 2951 0 0 14 2 2952 2953 0 0 14 2 2954 2955 0 0 14 2 2956 2957 0 0 14 2 2958 2959 0 0 14 2 2960 2961 0 0 14 2 2962 2963 0 0 14 2 2964 2965 0 0 14 2 2966 2967 0 0 14 2 2968 2969 0 0 14 2 2970 2971 0 0 14 2 2972 2973 0 0 14 2 2974 2975 0 0 14 2 2976 2977 0 0 14 2 2978 2979 0 0 14 2 2980 2981 0 0 14 2 2982 2983 0 0 14 2 2984 2985 0 0 14 2 2986 2987 0 0 14 2 2988 2989 0 0 14 2 2990 2991 0 0 14 2 2992 2993 0 0 14 2 2994 2995 0 0 14 2 2996 2997 0 0 14 2 2998 2999 0 0 
0 0 0 0 0 0 0 0 0 0 0 0 0 0 0 0 0 0 0 0 0 0 0 0 0 0 0 0 0 0 0 0 0 0 0 0 0 0 0 0 0 0 0 0 0 0 0 0 0 0 0 0 0 0 0 0 0 0 0 0 0 0 0 0 0 0 0 0 0 0 0 0 0 0 0 0 0 0 0 0 0 0 0 0 0 0 0 0 0 0 0 0 0 0 0 0 0 0 0 0 
0 0 0 0 0 0 0 0 0 0 0 0 0 0 0 0 0 0 0 0 0 0 0 0 0 0 0 0 0 0 0 0 0 0 0 0 0 0 0 0 0 0 0 0 0 0 0 0 0 0 0 0 0 0 0 0 0 0 0 0 0 0 0 0 0 0 0 0 0 0 0 0 0 0 0 0 0 0 0 0 0 0 0 0 0 0 0 0 0 0 0 0 0 0 0 0 0 0 0 0 
0 0 0 0 0 0 0 0 0 0 0 0 0 0 0 0 0 0 0 0 0 0 0 0 0 0 0 0 0 0 0 0 0 0 0 0 0 0 0 0 0 0 0 0 0 0 0 0 0 0 0 0 0 0 0 0 0 0 0 0 0 0 0 0 0 0 0 0 0 0 0 0 0 0 0 0 0 0 0 0 0 0 0 0 0 0 0 0 0 0 0 0 0 0 0 0 0 0 0 0 
0 0 0 0 0 0 0 0 0 0 0 0 0 0 0 0 0 0 0 0 0 0 0 0 0 0 0 0 0 0 0 0 0 0 0 0 0 0 0 0 0 0 0 0 0 0 0 0 0 0 0 0 0 0 0 0 0 0 0 0 0 0 0 0 0 0 0 0 0 0 0 0 0 0 0 0 0 0 0 0 0 0 0 0 0 0 0 0 0 0 0 0 0 0 0 0 0 0 0 0 
0 0 0 0 0 0 0 0 0 0 0 0 0 0 0 0 0 0 0 0 0 0 0 0 0 0 0 0 0 0 0 0 0 0 0 0 0 0 0 0 0 0 0 0 0 0 0 0 0 0 0 0 0 0 0 0 0 0 0 0 0 0 0 0 0 0 0 0 0 0 0 0 0 0 0 0 0 0 0 0 0 0 0 0 0 0 0 0 0 0 0 0 0 0 0 0 0 0 0 0 
0 0 0 0 0 0 0 0 0 0 0 0 0 0 0 0 0 0 0 0 0 0 0 0 0 0 0 0 0 0 0 0 0 0 0 0 0 0 0 0 0 0 0 0 0 0 0 0 0 0 0 0 0 0 0 0 0 0 0 0 0 0 0 0 0 0 0 0 0 0 0 0 0 0 0 0 0 0 0 0 0 0 0 0 0 0 0 0 0 0 0 0 0 0 0 0 0 0 0 0 
0 0 0 0 0 0 0 0 0 0 0 0 0 0 0 0 0 0 0 0 0 0 0 0 0 0 0 0 0 0 0 0 0 0 0 0 0 0 0 0 0 0 0 0 0 0 0 0 0 0 0 0 0 0 0 0 0 0 0 0 0 0 0 0 0 0 0 0 0 0 0 0 0 0 0 0 0 0 0 0 0 0 0 0 0 0 0 0 0 0 0 0 0 0 0 0 0 0 0 0 
0 0 0 0 0 0 0 0 0 0 0 0 0 0 0 0 0 0 0 0 0 0 0 0 0 0 0 0 0 0 0 0 0 0 0 0 0 0 0 0 0 0 0 0 0 0 0 0 0 0 0 0 0 0 0 0 0 0 0 0 0 0 0 0 0 0 0 0 0 0 0 0 0 0 0 0 0 0 0 0 0 0 0 0 0 0 0 0 0 0 0 0 0 0 0 0 0 0 0 0 
0 0 0 0 0 0 0 0 0 0 0 0 0 0 0 0 0 0 0 0 0 0 0 0 0 0 0 0 0 0 0 0 0 0 0 0 0 0 0 0 0 0 0 0 0 0 0 0 0 0 0 0 0 0 0 0 0 0 0 0 0 0 0 0 0 0 0 0 0 0 0 0 0 0 0 0 0 0 0 0 0 0 0 0 0 0 0 0 0 0 0 0 0 0 0 0 0 0 0 0 
0 0 0 0 0 0 0 0 0 0 0 0 0 0 0 0 0 0 0 0 0 0 0 0 0 0 0 0 0 0 0 0 0 0 0 0 0 0 0 0 0 0 0 0 0 0 0 0 0 0 0 0 0 0 0 0 0 0 0 0 0 0 0 0 0 0 0 0 0 0 0 0 0 0 0 0 0 0 0 0 0 0 0 0 0 0 0 0 0 0 0 0 0 0 0 0 0 0 0 0 
0 0 0 0 0 0 0 0 0 0 0 0 0 0 0 0 0 0 0 0 0 0 0 0 0 0 0 0 0 0 0 0 0 0 0 0 0 0 0 0 0 0 0 0 0 0 0 0 0 0 0 0 0 0 0 0 0 0 0 0 0 0 0 0 0 0 0 0 0 0 0 0 0 0 0 0 0 0 0 0 0 0 0 0 0 0 0 0 0 0 0 0 0 0 0 0 0 0 0 0 
0 0 0 0 0 0 0 0 0 0 0 0 0 0 0 0 0 0 0 0 0 0 0 0 0 0 0 0 0 0 0 0 0 0 0 0 0 0 0 0 0 0 0 0 0 0 0 0 0 0 0 0 0 0 0 0 0 0 0 0 0 0 0 0 0 0 0 0 0 0 0 0 0 0 0 0 0 0 0 0 0 0 0 0 0 0 0 0 0 0 0 0 0 0 0 0 0 0 0 0 
0 0 0 0 0 0 0 0 0 0 0 0 0 0 0 0 0 0 0 0 0 0 0 0 0 0 0 0 0 0 0 0 0 0 0 0 0 0 0 0 0 0 0 0 0 0 0 0 0 0 0 0 0 0 0 0 0 0 0 0 0 0 0 0 0 0 0 0 0 0 0 0 0 0 0 0 0 0 0 0 0 0 0 0 0 0 0 0 0 0 0 0 0 0 0 0 0 0 0 0 
0 0 0 0 0 0 0 0 0 0 0 0 0 0 0 0 0 0 0 0 0 0 0 0 0 0 0 0 0 0 0 0 0 0 0 0 0 0 0 0 0 0 0 0 0 0 0 0 0 0 0 0 0 0 0 0 0 0 0 0 0 0 0 0 0 0 0 0 0 0 0 0 0 0 0 0 0 0 0 0 0 0 0 0 0 0 0 0 0 0 0 0 0 0 0 0 0 0 0 0 
0 0 0 0 0 0 0 0 0 0 0 0 0 0 0 0 0 0 0 0 0 0 0 0 0 0 0 0 0 0 0 0 0 0 0 0 0 0 0 0 0 0 0 0 0 0 0 0 0 0 0 0 0 0 0 0 0 0 0 0 0 0 0 0 0 0 0 0 0 0 0 0 0 0 0 0 0 0 0 0 0 0 0 0 0 0 0 0 0 0 0 0 0 0 0 0 0 0 0 0 
0 0 0 0 0 0 0 0 0 0 0 0 0 0 0 0 0 0 0 0 0 0 0 0 0 0 0 0 0 0 0 0 0 0 0 0 0 0 0 0 0 0 0 0 0 0 0 0 0 0 0 0 0 0 0 0 0 0 0 0 0 0 0 0 0 0 0 0 0 0 0 0 0 0 0 0 0 0 0 0 0 0 0 0 0 0 0 0 0 0 0 0 0 0 0 0 0 0 0 0 
0 0 0 0 0 0 0 0 0 0 0 0 0 0 0 0 0 0 0 0 0 0 0 0 0 0 0 0 0 0 0 0 0 0 0 0 0 0 0 0 0 0 0 0 0 0 0 0 0 0 0 0 0 0 0 0 0 0 0 0 0 0 0 0 0 0 0 0 0 0 0 0 0 0 0 0 0 0 0 0 0 0 0 0 0 0 0 0 0 0 0 0 0 0 0 0 0 0 0 0 
0 0 0 0 0 0 0 0 0 0 0 0 0 0 0 0 0 0 0 0 0 0 0 0 0 0 0 0 0 0 0 0 0 0 0 0 0 0 0 0 0 0 0 0 0 0 0 0 0 0 0 0 0 0 0 0 0 0 0 0 0 0 0 0 0 0 0 0 0 0 0 0 0 0 0 0 0 0 0 0 0 0 0 0 0 0 0 0 0 0 0 0 0 0 0 0 0 0 0 0 
0 0 0 0 0 0 0 0 0 0 0 0 0 0 0 0 0 0 0 0 0 0 0 0 0 0 0 0 0 0 0 0 0 0 0 0 0 0 0 0 0 0 0 0 0 0 0 0 0 0 0 0 0 0 0 0 0 0 0 0 0 0 0 0 0 0 0 0 0 0 0 0 0 0 0 0 0 0 0 0 0 0 0 0 0 0 0 0 0 0 0 0 0 0 0 0 0 0 0 0 
14 2 6800 6801 0 0 14 2 6802 6803 0 0 14 2 6804 6805 0 0 14 2 6806 6807 0 0 14 2 6808 6809 0 0 14 2 6810 6811 0 0 14 2 6812 6813 0 0 14 2 6814 6815 0 0 14 2 6816 6817 0 0 14 2 6818 6819 0 0 14 2 6820 6821 0 0 14 2 6822 6823 0 0 14 2 6824 6825 0 0 14 2 6826 6827 0 0 14 2 6828 6829 0 0 14 2 6830 6831 0 0 14 2 6832 6833 0 0 14 2 6834 6835 0 0 14 2 6836 6837 0 0 14 2 6838 6839 0 0 14 2 6840 6841 0 0 14 2 6842 6843 0 0 14 2 6844 6845 0 0 14 2 6846 6847 0 0 14 2 6848 6849 0 0 14 2 6850 6851 0 0 14 2 6852 6853 0 0 14 2 6854 6855 0 0 14 2 6856 6857 0 0 14 2 6858 6859 0 0 14 2 6860 6861 0 0 14 2 6862 6863 0 0 14 2 6864 6865 0 0 14 2 6866 6867 0 0 14 2 6868 6869 0 0 14 2 6870 6871 0 0 14 2 6872 6873 0 0 14 2 6874 6875 0 0 14 2 6876 6877 0 0 14 2 6878 6879 0 0 14 2 6880 6881 0 0 14 2 6882 6883 0 0 14 2 6884 6885 0 0 14 2 6886 6887 0 0 14 2 6888 6889 0 0 14 2 6890 6891 0 0 14 2 6892 6893 0 0 14 2 6894 6895 0 0 14 2 6896 6897 0 0 14 2 6898 6899 0 0 14 2 6900 6901 0 0 14 2 6902 6903 0 0 14 2 6904 6905 0 0 14 2 6906 6907 0 0 14 2 6908 6909 0 0 14 2 6910 6911 0 0 14 2 6912 6913 0 0 14 2 6914 6915 0 0 14 2 6916 6917 0 0 14 2 6918 6919 0 0 14 2 6920 6921 0 0 14 2 6922 6923 0 0 14 2 6924 6925 0 0 14 2 6926 6927 0 0 14 2 6928 6929 0 0 14 2 6930 6931 0 0 14 2 6932 6933 0 0 14 2 6934 6935 0 0 14 2 6936 6937 0 0 14 2 6938 6939 0 0 14 2 6940 6941 0 0 14 2 6942 6943 0 0 14 2 6944 6945 0 0 14 2 6946 6947 0 0 14 2 6948 6949 0 0 14 2 6950 6951 0 0 14 2 6952 6953 0 0 14 2 6954 6955 0 0 14 2 6956 6957 0 0 14 2 6958 6959 0 0 14 2 6960 6961 0 0 14 2 6962 6963 0 0 14 2 6964 6965 0 0 14 2 6966 6967 0 0 14 2 6968 6969 0 0 14 2 6970 6971 0 0 14 2 6972 6973 0 0 14 2 6974 6975 0 0 14 2 6976 6977 0 0 14 2 6978 6979 0 0 14 2 6980 6981 0 0 14 2 6982 6983 0 0 14 2 6984 6985 0 0 14 2 6986 6987 0 0 14 2 6988 6989 0 0 14 2 6990 6991 0 0 14 2 6992 6993 0 0 14 2 6994 6995 0 0 14 2 6996 6997 0 0 14 2 6998 6999 0 0 
14 2 7000 7001 0 0 14 2 7002 7003 0 0 14 2 7004 7005 0 0 14 2 7006 7007 0 0 14 2 7008 7009 0 0 14 2 7010 7011 0 0 14 2 7012 7013 0 0 14 2 7014 7015 0 0 14 2 7016 7017 0 0 14 2 7018 7019 0 0 14 2 7020 7021 0 0 14 2 7022 7023 0 0 14 2 7024 7025 0 0 14 2 7026 7027 0 0 14 2 7028 7029 0 0 14 2 7030 7031 0 0 14 2 7032 7033 0 0 14 2 7034 7035 0 0 14 2 7036 7037 0 0 14 2 7038 7039 0 0 14 2 7040 7041 0 0 14 2 7042 7043 0 0 14 2 7044 7045 0 0 14 2 7046 7047 0 0 14 2 7048 7049 0 0 14 2 7050 7051 0 0 14 2 7052 7053 0 0 14 2 7054 7055 0 0 14 2 7056 7057 0 0 14 2 7058 7059 0 0 14 2 7060 7061 0 0 14 2 7062 7063 0 0 14 2 7064 7065 0 0 14 2 7066 7067 0 0 14 2 7068 7069 0 0 14 2 7070 7071 0 0 14 2 7072 7073 0 0 14 2 7074 7075 0 0 14 2 7076 7077 0 0 14 2 7078 7079 0 0 14 2 7080 7081 0 0 14 2 7082 7083 0 0 14 2 7084 7085 0 0 14 2 7086 7087 0 0 14 2 7088 7089 0 0 14 2 7090 7091 0 0 14 2 7092 7093 0 0 14 2 7094 7095 0 0 14 2 7096 7097 0 0 14 2 7098 7099 0 0 14 2 7100 7101 0 0 14 2 7102 7103 0 0 14 2 7104 7105 0 0 14 2 7106 7107 0 0 14 2 7108 7109 0 0 14 2 7110 7111 0 0 14 2 7112 7113 0 0 14 2 7114 7115 0 0 14 2 7116 7117 0 0 14 2 7118 7119 0 0 14 2 7120 7121 0 0 14 2 7122 7123 0 0 14 2 7124 7125 0 0 14 2 7126 7127 0 0 14 2 7128 7129 0 0 14 2 7130 7131 0 0 14 2 7132 7133 0 0 14 2 7134 7135 0 0 14 2 7136 7137 0 0 14 2 7138 7139 0 0 14 2 7140 7141 0 0 14 2 7142 7143 0 0 14 2 7144 7145 0 0 14 2 7146 7147 0 0 14 2 7148 7149 0 0 14 2 7150 7151 0 0 14 2 7152 7153 0 0 14 2 7154 7155 0 0 14 2 7156 7157 0 0 14 2 7158 7159 0 0 14 2 7160 7161 0 0 14 2 7162 7163 0 0 14 2 7164 7165 0 0 14 2 7166 7167 0 0 14 2 7168 7169 0 0 14 2 7170 7171 0 0 14 2 7172 7173 0 0 14 2 7174 7175 0 0 14 2 7176 7177 0 0 14 2 7178 7179 0 0 14 2 7180 7181 0 0 14 2 7182 7183 0 0 14 2 7184 7185 0 0 14 2 7186 7187 0 0 14 2 7188 7189 0 0 14 2 7190 7191 0 0 14 2 7192 7193 0 0 14 2 7194 7195 0 0 14 2 7196 7197 0 0 14 2 7198 7199 0 0 
14 2 7200 7201 0 0 14 2 7202 7203 0 0 14 2 7204 7205 0 0 14 2 7206 7207 0 0 14 2 7208 7209 0 0 14 2 7210 7211 0 0 14 2 7212 7213 0 0 14 2 7214 7215 0 0 14 2 7216 7217 0 0 14 2 7218 7219 0 0 14 2 7220 7221 0 0 14 2 7222 7223 0 0 14 2 7224 7225 0 0 14 2 7226 7227 0 0 14 2 7228 7229 0 0 14 2 7230 7231 0 0 14 2 7232 7233 0 0 14 2 7234 7235 0 0 14 2 7236 7237 0 0 14 2 7238 7239 0 0 14 2 7240 7241 0 0 14 2 7242 7243 0 0 14 2 7244 7245 0 0 14 2 7246 7247 0 0 14 2 7248 7249 0 0 14 2 7250 7251 0 0 14 2 7252 7253 0 0 14 2 7254 7255 0 0 14 2 7256 7257 0 0 14 2 7258 7259 0 0 14 2 7260 7261 0 0 14 2 7262 7263 0 0 14 2 7264 7265 0 0 14 2 7266 7267 0 0 14 2 7268 7269 0 0 14 2 7270 7271 0 0 14 2 7272 7273 0 0 14 2 7274 7275 0 0 14 2 7276 7277 0 0 14 2 7278 7279 0 0 14 2 7280 7281 0 0 14 2 7282 7283 0 0 14 2 7284 7285 0 0 14 2 7286 7287 0 0 14 2 7288 7289 0 0 14 2 7290 7291 0 0 14 2 7292 7293 0 0 14 2 7294 7295 0 0 14 2 7296 7297 0 0 14 2 7298 7299 0 0 14 2 7300 7301 0 0 14 2 7302 7303 0 0 14 2 7304 7305 0 0 14 2 7306 7307 0 0 14 2 7308 7309 0 0 14 2 7310 7311 0 0 14 2 7312 7313 0 0 14 2 7314 7315 0 0 14 2 7316 7317 0 0 14 2 7318 7319 0 0 14 2 7320 7321 0 0 14 2 7322 7323 0 0 14 2 7324 7325 0 0 14 2 7326 7327 0 0 14 2 7328 7329 0 0 14 2 7330 7331 0 0 14 2 7332 7333 0 0 14 2 7334 7335 0 0 14 2 7336 7337 0 0 14 2 7338 7339 0 0 14 2 7340 7341 0 0 14 2 7342 7343 0 0 14 2 7344 7345 0 0 14 2 7346 7347 0 0 14 2 7348 7349 0 0 14 2 7350 7351 0 0 14 2 7352 7353 0 0 14 2 7354 7355 0 0 14 2 7356 7357 0 0 14 2 7358 7359 0 0 14 2 7360 7361 0 0 14 2 7362 7363 0 0 14 2 7364 7365 0 0 14 2 7366 7367 0 0 14 2 7368 7369 0 0 14 2 7370 7371 0 0 14 2 7372 7373 0 0 14 2 7374 7375 0 0 14 2 7376 7377 0 0 14 2 7378 7379 0 0 14 2 7380 7381 0 0 14 2 7382 7383 0 0 14 2 7384 7385 0 0 14 2 7386 7387 0 0 14 2 7388 7389 0 0 14 2 7390 7391 0 0 14 2 7392 7393 0 0 14 2 7394 7395 0 0 14 2 7396 7397 0 0 14 2 7398 7399 0 0 
14 2 7400 7401 0 0 14 2 7402 7403 0 0 14 2 7404 7405 0 0 14 2 7406 7407 0 0 14 2 7408 7409 0 0 14 2 7410 7411 0 0 14 2 7412 7413 0 0 14 2 7414 7415 0 0 14 2 7416 7417 0 0 14 2 7418 7419 0 0 14 2 7420 7421 0 0 14 2 7422 7423 0 0 14 2 7424 7425 0 0 14 2 7426 7427 0 0 14 2 7428 7429 0 0 14 2 7430 7431 0 0 14 2 7432 7433 0 0 14 2 7434 7435 0 0 14 2 7436 7437 0 0 14 2 7438 7439 0 0 14 2 7440 7441 0 0 14 2 7442 7443 0 0 14 2 7444 7445 0 0 14 2 7446 7447 0 0 14 2 7448 7449 0 0 14 2 7450 7451 0 0 14 2 7452 7453 0 0 14 2 7454 7455 0 0 14 2 7456 7457 0 0 14 2 7458 7459 0 0 14 2 7460 7461 0 0 14 2 7462 7463 0 0 14 2 7464 7465 0 0 14 2 7466 7467 0 0 14 2 7468 7469 0 0 14 2 7470 7471 0 0 14 2 7472 7473 0 0 14 2 7474 7475 0 0 14 2 7476 7477 0 0 14 2 7478 7479 0 0 14 2 7480 7481 0 0 14 2 7482 7483 0 0 14 2 7484 7485 0 0 14 2 7486 7487 0 0 14 2 7488 7489 0 0 14 2 7490 7491 0 0 14 2 7492 7493 0 0 14 2 7494 7495 0 0 14 2 7496 7497 0 0 14 2 7498 7499 0 0 14 2 7500 7501 0 0 14 2 7502 7503 0 0 14 2 7504 7505 0 0 14 2 7506 7507 0 0 14 2 7508 7509 0 0 14 2 7510 7511 0 0 14 2 7512 7513 0 0 14 2 7514 7515 0 0 14 2 7516 7517 0 0 14 2 7518 7519 0 0 14 2 7520 7521 0 0 14 2 7522 7523 0 0 14 2 7524 7525 0 0 14 2 7526 7527 0 0 14 2 7528 7529 0 0 14 2 7530 7531 0 0 14 2 7532 7533 0 0 14 2 7534 7535 0 0 14 2 7536 7537 0 0 14 2 7538 7539 0 0 14 2 7540 7541 0 0 14 2 7542 7543 0 0 14 2 7544 7545 0 0 14 2 7546 7547 0 0 14 2 7548 7549 0 0 14 2 7550 7551 0 0 14 2 7552 7553 0 0 14 2 7554 7555 0 0 14 2 7556 7557 0 0 14 2 7558 7559 0 0 14 2 7560 7561 0 0 14 2 7562 7563 0 0 14 2 7564 7565 0 0 14 2 7566 7567 0 0 14 2 7568 7569 0 0 14 2 7570 7571 0 0 14 2 7572 7573 0 0 14 2 7574 7575 0 0 14 2 7576 7577 0 0 14 2 7578 7579 0 0 14 2 7580 7581 0 0 14 2 7582 7583 0 0 14 2 7584 7585 0 0 14 2 7586 7587 0 0 14 2 7588 7589 0 0 14 2 7590 7591 0 0 14 2 7592 7593 0 0 14 2 7594 7595 0 0 14 2 7596 7597 0 0 14 2 7598 7599 0 0 
0 0 0 0 0 0 0 0 0 0 0 0 0 0 0 0 0 0 0 0 0 0 0 0 0 0 0 0 0 0 0 0 0 0 0 0 0 0 0 0 0 0 0 0 0 0 0 0 0 0 0 0 0 0 0 0 0 0 0 0 0 0 0 0 0 0 0 0 0 0 0 0 0 0 0 0 0 0 0 0 0 0 0 0 0 0 0 0 0 0 0 0 0 0 0 0 0 0 0 0 
0 0 0 0 0 0 0 0 0 0 0 0 0 0 0 0 0 0 0 0 0 0 0 0 0 0 0 0 0 0 0 0 0 0 0 0 0 0 0 0 0 0 0 0 0 0 0 0 0 0 0 0 0 0 0 0 0 0 0 0 0 0 0 0 0 0 0 0 0 0 0 0 0 0 0 0 0 0 0 0 0 0 0 0 0 0 0 0 0 0 0 0 0 0 0 0 0 0 0 0 
0 0 0 0 0 0 0 0 0 0 0 0 0 0 0 0 0 0 0 0 0 0 0 0 0 0 0 0 0 0 0 0 0 0 0 0 0 0 0 0 0 0 0 0 0 0 0 0 0 0 0 0 0 0 0 0 0 0 0 0 0 0 0 0 0 0 0 0 0 0 0 0 0 0 0 0 0 0 0 0 0 0 0 0 0 0 0 0 0 0 0 0 0 0 0 0 0 0 0 0 
0 0 0 0 0 0 0 0 0 0 0 0 0 0 0 0 0 0 0 0 0 0 0 0 0 0 0 0 0 0 0 0 0 0 0 0 0 0 0 0 0 0 0 0 0 0 0 0 0 0 0 0 0 0 0 0 0 0 0 0 0 0 0 0 0 0 0 0 0 0 0 0 0 0 0 0 0 0 0 0 0 0 0 0 0 0 0 0 0 0 0 0 0 0 0 0 0 0 0 0 
0 0 0 0 0 0 0 0 0 0 0 0 0 0 0 0 0 0 0 0 0 0 0 0 0 0 0 0 0 0 0 0 0 0 0 0 0 0 0 0 0 0 0 0 0 0 0 0 0 0 0 0 0 0 0 0 0 0 0 0 0 0 0 0 0 0 0 0 0 0 0 0 0 0 0 0 0 0 0 0 0 0 0 0 0 0 0 0 0 0 0 0 0 0 0 0 0 0 0 0 
0 0 0 0 0 0 0 0 0 0 0 0 0 0 0 0 0 0 0 0 0 0 0 0 0 0 0 0 0 0 0 0 0 0 0 0 0 0 0 0 0 0 0 0 0 0 0 0 0 0 0 0 0 0 0 0 0 0 0 0 0 0 0 0 0 0 0 0 0 0 0 0 0 0 0 0 0 0 0 0 0 0 0 0 0 0 0 0 0 0 0 0 0 0 0 0 0 0 0 0 
0 0 0 0 0 0 0 0 0 0 0 0 0 0 0 0 0 0 0 0 0 0 0 0 0 0 0 0 0 0 0 0 0 0 0 0 0 0 0 0 0 0 0 0 0 0 0 0 0 0 0 0 0 0 0 0 0 0 0 0 0 0 0 0 0 0 0 0 0 0 0 0 0 0 0 0 0 0 0 0 0 0 0 0 0 0 0 0 0 0 0 0 0 0 0 0 0 0 0 0 
0 0 0 0 0 0 0 0 0 0 0 0 0 0 0 0 0 0 0 0 0 0 0 0 0 0 0 0 0 0 0 0 0 0 0 0 0 0 0 0 0 0 0 0 0 0 0 0 0 0 0 0 0 0 0 0 0 0 0 0 0 0 0 0 0 0 0 0 0 0 0 0 0 0 0 0 0 0 0 0 0 0 0 0 0 0 0 0 0 0 0 0 0 0 0 0 0 0 0 0 
0 0 0 0 0 0 0 0 0 0 0 0 0 0 0 0 0 0 0 0 0 0 0 0 0 0 0 0 0 0 0 0 0 0 0 0 0 0 0 0 0 0 0 0 0 0 0 0 0 0 0 0 0 0 0 0 0 0 0 0 0 0 0 0 0 0 0 0 0 0 0 0 0 0 0 0 0 0 0 0 0 0 0 0 0 0 0 0 0 0 0 0 0 0 0 0 0 0 0 0 
0 0 0 0 0 0 0 0 0 0 0 0 0 0 0 0 0 0 0 0 0 0 0 0 0 0 0 0 0 0 0 0 0 0 0 0 0 0 0 0 0 0 0 0 0 0 0 0 0 0 0 0 0 0 0 0 0 0 0 0 0 0 0 0 0 0 0 0 0 0 0 0 0 0 0 0 0 0 0 0 0 0 0 0 0 0 0 0 0 0 0 0 0 0 0 0 0 0 0 0 
0 0 0 0 0 0 0 0 0 0 0 0 0 0 0 0 0 0 0 0 0 0 0 0 0 0 0 0 0 0 0 0 0 0 0 0 0 0 0 0 0 0 0 0 0 0 0 0 0 0 0 0 0 0 0 0 0 0 0 0 0 0 0 0 0 0 0 0 0 0 0 0 0 0 0 0 0 0 0 0 0 0 0 0 0 0 0 0 0 0 0 0 0 0 0 0 0 0 0 0 
0 0 0 0 0 0 0 0 0 0 0 0 0 0 0 0 0 0 0 0 0 0 0 0 0 0 0 0 0 0 0 0 0 0 0 0 0 0 0 0 0 0 0 0 0 0 0 0 0 0 0 0 0 0 0 0 0 0 0 0 0 0 0 0 0 0 0 0 0 0 0 0 0 0 0 0 0 0 0 0 0 0 0 0 0 0 0 0 0 0 0 0 0 0 0 0 0 0 0 0 
0 0 0 0 0 0 0 0 0 0 0 0 0 0 0 0 0 0 0 0 0 0 0 0 0 0 0 0 0 0 0 0 0 0 0 0 0 0 0 0 0 0 0 0 0 0 0 0 0 0 0 0 0 0 0 0 0 0 0 0 0 0 0 0 0 0 0 0 0 0 0 0 0 0 0 0 0 0 0 0 0 0 0 0 0 0 0 0 0 0 0 0 0 0 0 0 0 0 0 0 
0 0 0 0 0 0 0 0 0 0 0 0 0 0 0 0 0 0 0 0 0 0 0 0 0 0 0 0 0 0 0 0 0 0 0 0 0 0 0 0 0 0 0 0 0 0 0 0 0 0 0 0 0 0 0 0 0 0 0 0 0 0 0 0 0 0 0 0 0 0 0 0 0 0 0 0 0 0 0 0 0 0 0 0 0 0 0 0 0 0 0 0 0 0 0 0 0 0 0 0 
0 0 0 0 0 0 0 0 0 0 0 0 0 0 0 0 0 0 0 0 0 0 0 0 0 0 0 0 0 0 0 0 0 0 0 0 0 0 0 0 0 0 0 0 0 0 0 0 0 0 0 0 0 0 0 0 0 0 0 0 0 0 0 0 0 0 0 0 0 0 0 0 0 0 0 0 0 0 0 0 0 0 0 0 0 0 0 0 0 0 0 0 0 0 0 0 0 0 0 0 
0 0 0 0 0 0 0 0 0 0 0 0 0 0 0 0 0 0 0 0 0 0 0 0 0 0 0 0 0 0 0 0 0 0 0 0 0 0 0 0 0 0 0 0 0 0 0 0 0 0 0 0 0 0 0 0 0 0 0 0 0 0 0 0 0 0 0 0 0 0 0 0 0 0 0 0 0 0 0 0 0 0 0 0 0 0 0 0 0 0 0 0 0 0 0 0 0 0 0 0 
0 0 0 0 0 0 0 0 0 0 0 0 0 0 0 0 0 0 0 0 0 0 0 0 0 0 0 0 0 0 0 0 0 0 0 0 0 0 0 0 0 0 0 0 0 0 0 0 0 0 0 0 0 0 0 0 0 0 0 0 0 0 0 0 0 0 0 0 0 0 0 0 0 0 0 0 0 0 0 0 0 0 0 0 0 0 0 0 0 0 0 0 0 0 0 0 0 0 0 0 
0 0 0 0 0 0 0 0 0 0 0 0 0 0 0 0 0 0 0 0 0 0 0 0 0 0 0 0 0 0 0 0 0 0 0 0 0 0 0 0 0 0 0 0 0 0 0 0 0 0 0 0 0 0 0 0 0 0 0 0 0 0 0 0 0 0 0 0 0 0 0 0 0 0 0 0 0 0 0 0 0 0 0 0 0 0 0 0 0 0 0 0 0 0 0 0 0 0 0 0 
0 0 0 0 0 0 0 0 0 0 0 0 0 0 0 0 0 0 0 0 0 0 0 0 0 0 0 0 0 0 0 0 0 0 0 0 0 0 0 0 0 0 0 0 0 0 0 0 0 0 0 0 0 0 0 0 0 0 0 0 0 0 0 0 0 0 0 0 0 0 0 0 0 0 0 0 0 0 0 0 0 0 0 0 0 0 0 0 0 0 0 0 0 0 0 0 0 0 0 0 
0 0 0 0 0 0 0 0 0 0 0 0 0 0 0 0 0 0 0 0 0 0 0 0 0 0 0 0 0 0 0 0 0 0 0 0 0 0 0 0 0 0 0 0 0 0 0 0 0 0 0 0 0 0 0 0 0 0 0 0 0 0 0 0 0 0 0 0 0 0 0 0 0 0 0 0 0 0 0 0 0 0 0 0 0 0 0 0 0 0 0 0 0 0 0 0 0 0 0 0 
0 0 0 0 0 0 0 0 0 0 0 0 0 0 0 0 0 0 0 0 0 0 0 0 0 0 0 0 0 0 0 0 0 0 0 0 0 0 0 0 0 0 0 0 0 0 0 0 0 0 0 0 0 0 0 0 0 0 0 0 0 0 0 0 0 0 0 0 0 0 0 0 0 0 0 0 0 0 0 0 0 0 0 0 0 0 0 0 0 0 0 0 0 0 0 0 0 0 0 0 
0 0 0 0 0 0 0 0 0 0 0 0 0 0 0 0 0 0 0 0 0 0 0 0 0 0 0 0 0 0 0 0 0 0 0 0 0 0 0 0 0 0 0 0 0 0 0 0 0 0 0 0 0 0 0 0 0 0 0 0 0 0 0 0 0 0 0 0 0 0 0 0 0 0 0 0 0 0 0 0 0 0 0 0 0 0 0 0 0 0 0 0 0 0 0 0 0 0 0 0 
0 0 0 0 0 0 0 0 0 0 0 0 0 0 0 0 0 0 0 0 0 0 0 0 0 0 0 0 0 0 0 0 0 0 0 0 0 0 0 0 0 0 0 0 0 0 0 0 0 0 0 0 0 0 0 0 0 0 0 0 0 0 0 0 0 0 0 0 0 0 0 0 0 0 0 0 0 0 0 0 0 0 0 0 0 0 0 0 0 0 0 0 0 0 0 0 0 0 0 0 
0 0 0 0 0 0 0 0 0 0 0 0 0 0 0 0 0 0 0 0 0 0 0 0 0 0 0 0 0 0 0 0 0 0 0 0 0 0 0 0 0 0 0 0 0 0 0 0 0 0 0 0 0 0 0 0 0 0 0 0 0 0 0 0 0 0 0 0 0 0 0 0 0 0 0 0 0 0 0 0 0 0 0 0 0 0 0 0 0 0 0 0 0 0 0 0 0 0 0 0 
0 0 0 0 0 0 0 0 0 0 0 0 0 0 0 0 0 0 0 0 0 0 0 0 0 0 0 0 0 0 0 0 0 0 0 0 0 0 0 0 0 0 0 0 0 0 0 0 0 0 0 0 0 0 0 0 0 0 0 0 0 0 0 0 0 0 0 0 0 0 0 0 0 0 0 0 0 0 0 0 0 0 0 0 0 0 0 0 0 0 0 0 0 0 0 0 0 0 0 0 
0 0 0 0 0 0 0 0 0 0 0 0 0 0 0 0 0 0 0 0 0 0 0 0 0 0 0 0 0 0 0 0 0 0 0 0 0 0 0 0 0 0 0 0 0 0 0 0 0 0 0 0 0 0 0 0 0 0 0 0 0 0 0 0 0 0 0 0 0 0 0 0 0 0 0 0 0 0 0 0 0 0 0 0 0 0 0 0 0 0 0 0 0 0 0 0 0 0 0 0 
0 0 0 0 0 0 0 0 0 0 0 0 0 0 0 0 0 0 0 0 0 0 0 0 0 0 0 0 0 0 0 0 0 0 0 0 0 0 0 0 0 0 0 0 0 0 0 0 0 0 0 0 0 0 0 0 0 0 0 0 0 0 0 0 0 0 0 0 0 0 0 0 0 0 0 0 0 0 0 0 0 0 0 0 0 0 0 0 0 0 0 0 0 0 0 0 0 0 0 0 
0 0 0 0 0 0 0 0 0 0 0 0 0 0 0 0 0 0 0 0 0 0 0 0 0 0 0 0 0 0 0 0 0 0 0 0 0 0 0 0 0 0 0 0 0 0 0 0 0 0 0 0 0 0 0 0 0 0 0 0 0 0 0 0 0 0 0 0 0 0 0 0 0 0 0 0 0 0 0 0 0 0 0 0 0 0 0 0 0 0 0 0 0 0 0 0 0 0 0 0 
0 0 0 0 0 0 0 0 0 0 0 0 0 0 0 0 0 0 0 0 0 0 0 0 0 0 0 0 0 0 0 0 0 0 0 0 0 0 0 0 0 0 0 0 0 0 0 0 0 0 0 0 0 0 0 0 0 0 0 0 0 0 0 0 0 0 0 0 0 0 0 0 0 0 0 0 0 0 0 0 0 0 0 0 0 0 0 0 0 0 0 0 0 0 0 0 0 0 0 0 
0 0 0 0 0 0 0 0 0 0 0 0 0 0 0 0 0 0 0 0 0 0 0 0 0 0 0 0 0 0 0 0 0 0 0 0 0 0 0 0 0 0 0 0 0 0 0 0 0 0 0 0 0 0 0 0 0 0 0 0 0 0 0 0 0 0 0 0 0 0 0 0 0 0 0 0 0 0 0 0 0 0 0 0 0 0 0 0 0 0 0 0 0 0 0 0 0 0 0 0 
0 0 0 0 0 0 0 0 0 0 0 0 0 0 0 0 0 0 0 0 0 0 0 0 0 0 0 0 0 0 0 0 0 0 0 0 0 0 0 0 0 0 0 0 0 0 0 0 0 0 0 0 0 0 0 0 0 0 0 0 0 0 0 0 0 0 0 0 0 0 0 0 0 0 0 0 0 0 0 0 0 0 0 0 0 0 0 0 0 0 0 0 0 0 0 0 0 0 0 0 
0 0 0 0 0 0 0 0 0 0 0 0 0 0 0 0 0 0 0 0 0 0 0 0 0 0 0 0 0 0 0 0 0 0 0 0 0 0 0 0 0 0 0 0 0 0 0 0 0 0 0 0 0 0 0 0 0 0 0 0 0 0 0 0 0 0 0 0 0 0 0 0 0 0 0 0 0 0 0 0 0 0 0 0 0 0 0 0 0 0 0 0 0 0 0 0 0 0 0 0 
0 0 0 0 0 0 0 0 0 0 0 0 0 0 0 0 0 0 0 0 0 0 0 0 0 0 0 0 0 0 0 0 0 0 0 0 0 0 0 0 0 0 0 0 0 0 0 0 0 0 0 0 0 0 0 0 0 0 0 0 0 0 0 0 0 0 0 0 0 0 0 0 0 0 0 0 0 0 0 0 0 0 0 0 0 0 0 0 0 0 0 0 0 0 0 0 0 0 0 0 
0 0 0 0 0 0 0 0 0 0 0 0 0 0 0 0 0 0 0 0 0 0 0 0 0 0 0 0 0 0 0 0 0 0 0 0 0 0 0 0 0 0 0 0 0 0 0 0 0 0 0 0 0 0 0 0 0 0 0 0 0 0 0 0 0 0 0 0 0 0 0 0 0 0 0 0 0 0 0 0 0 0 0 0 0 0 0 0 0 0 0 0 0 0 0 0 0 0 0 0 
0 0 0 0 0 0 0 0 0 0 0 0 0 0 0 0 0 0 0 0 0 0 0 0 0 0 0 0 0 0 0 0 0 0 0 0 0 0 0 0 0 0 0 0 0 0 0 0 0 0 0 0 0 0 0 0 0 0 0 0 0 0 0 0 0 0 0 0 0 0 0 0 0 0 0 0 0 0 0 0 0 0 0 0 0 0 0 0 0 0 0 0 0 0 0 0 0 0 0 0 
0 0 0 0 0 0 0 0 0 0 0 0 0 0 0 0 0 0 0 0 0 0 0 0 0 0 0 0 0 0 0 0 0 0 0 0 0 0 0 0 0 0 0 0 0 0 0 0 0 0 0 0 0 0 0 0 0 0 0 0 0 0 0 0 0 0 0 0 0 0 0 0 0 0 0 0 0 0 0 0 0 0 0 0 0 0 0 0 0 0 0 0 0 0 0 0 0 0 0 0 
0 0 0 0 0 0 0 0 0 0 0 0 0 0 0 0 0 0 0 0 0 0 0 0 0 0 0 0 0 0 0 0 0 0 0 0 0 0 0 0 0 0 0 0 0 0 0 0 0 0 0 0 0 0 0 0 0 0 0 0 0 0 0 0 0 0 0 0 0 0 0 0 0 0 0 0 0 0 0 0 0 0 0 0 0 0 0 0 0 0 0 0 0 0 0 0 0 0 0 0 
0 0 0 0 0 0 0 0 0 0 0 0 0 0 0 0 0 0 0 0 0 0 0 0 0 0 0 0 0 0 0 0 0 0 0 0 0 0 0 0 0 0 0 0 0 0 0 0 0 0 0 0 0 0 0 0 0 0 0 0 0 0 0 0 0 0 0 0 0 0 0 0 0 0 0 0 0 0 0 0 0 0 0 0 0 0 0 0 0 0 0 0 0 0 0 0 0 0 0 0 
0 0 0 0 0 0 0 0 0 0 0 0 0 0 0 0 0 0 0 0 0 0 0 0 0 0 0 0 0 0 0 0 0 0 0 0 0 0 0 0 0 0 0 0 0 0 0 0 0 0 0 0 0 0 0 0 0 0 0 0 0 0 0 0 0 0 0 0 0 0 0 0 0 0 0 0 0 0 0 0 0 0 0 0 0 0 0 0 0 0 0 0 0 0 0 0 0 0 0 0 
0 0 0 0 0 0 0 0 0 0 0 0 0 0 0 0 0 0 0 0 0 0 0 0 0 0 0 0 0 0 0 0 0 0 0 0 0 0 0 0 0 0 0 0 0 0 0 0 0 0 0 0 0 0 0 0 0 0 0 0 0 0 0 0 0 0 0 0 0 0 0 0 0 0 0 0 0 0 0 0 0 0 0 0 0 0 0 0 0 0 0 0 0 0 0 0 0 0 0 0 
0 0 0 0 0 0 0 0 0 0 0 0 0 0 0 0 0 0 0 0 0 0 0 0 0 0 0 0 0 0 0 0 0 0 0 0 0 0 0 0 0 0 0 0 0 0 0 0 0 0 0 0 0 0 0 0 0 0 0 0 0 0 0 0 0 0 0 0 0 0 0 0 0 0 0 0 0 0 0 0 0 0 0 0 0 0 0 0 0 0 0 0 0 0 0 0 0 0 0 0 
0 0 0 0 0 0 0 0 0 0 0 0 0 0 0 0 0 0 0 0 0 0 0 0 0 0 0 0 0 0 0 0 0 0 0 0 0 0 0 0 0 0 0 0 0 0 0 0 0 0 0 0 0 0 0 0 0 0 0 0 0 0 0 0 0 0 0 0 0 0 0 0 0 0 0 0 0 0 0 0 0 0 0 0 0 0 0 0 0 0 0 0 0 0 0 0 0 0 0 0 
0 0 0 0 0 0 0 0 0 0 0 0 0 0 0 0 0 0 0 0 0 0 0 0 0 0 0 0 0 0 0 0 0 0 0 0 0 0 0 0 0 0 0 0 0 0 0 0 0 0 0 0 0 0 0 0 0 0 0 0 0 0 0 0 0 0 0 0 0 0 0 0 0 0 0 0 0 0 0 0 0 0 0 0 0 0 0 0 0 0 0 0 0 0 0 0 0 0 0 0 
0 0 0 0 0 0 0 0 0 0 0 0 0 0 0 0 0 0 0 0 0 0 0 0 0 0 0 0 0 0 0 0 0 0 0 0 0 0 0 0 0 0 0 0 0 0 0 0 0 0 0 0 0 0 0 0 0 0 0 0 0 0 0 0 0 0 0 0 0 0 0 0 0 0 0 0 0 0 0 0 0 0 0 0 0 0 0 0 0 0 0 0 0 0 0 0 0 0 0 0 
0 0 0 0 0 0 0 0 0 0 0 0 0 0 0 0 0 0 0 0 0 0 0 0 0 0 0 0 0 0 0 0 0 0 0 0 0 0 0 0 0 0 0 0 0 0 0 0 0 0 0 0 0 0 0 0 0 0 0 0 0 0 0 0 0 0 0 0 0 0 0 0 0 0 0 0 0 0 0 0 0 0 0 0 0 0 0 0 0 0 0 0 0 0 0 0 0 0 0 0 
0 0 0 0 0 0 0 0 0 0 0 0 0 0 0 0 0 0 0 0 0 0 0 0 0 0 0 0 0 0 0 0 0 0 0 0 0 0 0 0 0 0 0 0 0 0 0 0 0 0 0 0 0 0 0 0 0 0 0 0 0 0 0 0 0 0 0 0 0 0 0 0 0 0 0 0 0 0 0 0 0 0 0 0 0 0 0 0 0 0 0 0 0 0 0 0 0 0 0 0 
0 0 0 0 0 0 0 0 0 0 0 0 0 0 0 0 0 0 0 0 0 0 0 0 0 0 0 0 0 0 0 0 0 0 0 0 0 0 0 0 0 0 0 0 0 0 0 0 0 0 0 0 0 0 0 0 0 0 0 0 0 0 0 0 0 0 0 0 0 0 0 0 0 0 0 0 0 0 0 0 0 0 0 0 0 0 0 0 0 0 0 0 0 0 0 0 0 0 0 0 
0 0 0 0 0 0 0 0 0 0 0 0 0 0 0 0 0 0 0 0 0 0 0 0 0 0 0 0 0 0 0 0 0 0 0 0 0 0 0 0 0 0 0 0 0 0 0 0 0 0 0 0 0 0 0 0 0 0 0 0 0 0 0 0 0 0 0 0 0 0 0 0 0 0 0 0 0 0 0 0 0 0 0 0 0 0 0 0 0 0 0 0 0 0 0 0 0 0 0 0 
0 0 0 0 0 0 0 0 0 0 0 0 0 0 0 0 0 0 0 0 0 0 0 0 0 0 0 0 0 0 0 0 0 0 0 0 0 0 0 0 0 0 0 0 0 0 0 0 0 0 0 0 0 0 0 0 0 0 0 0 0 0 0 0 0 0 0 0 0 0 0 0 0 0 0 0 0 0 0 0 0 0 0 0 0 0 0 0 0 0 0 0 0 0 0 0 0 0 0 0 
0 0 0 0 0 0 0 0 0 0 0 0 0 0 0 0 0 0 0 0 0 0 0 0 0 0 0 0 0 0 0 0 0 0 0 0 0 0 0 0 0 0 0 0 0 0 0 0 0 0 0 0 0 0 0 0 0 0 0 0 0 0 0 0 0 0 0 0 0 0 0 0 0 0 0 0 0 0 0 0 0 0 0 0 0 0 0 0 0 0 0 0 0 0 0 0 0 0 0 0 
0 0 0 0 0 0 0 0 0 0 0 0 0 0 0 0 0 0 0 0 0 0 0 0 0 0 0 0 0 0 0 0 0 0 0 0 0 0 0 0 0 0 0 0 0 0 0 0 0 0 0 0 0 0 0 0 0 0 0 0 0 0 0 0 0 0 0 0 0 0 0 0 0 0 0 0 0 0 0 0 0 0 0 0 0 0 0 0 0 0 0 0 0 0 0 0 0 0 0 0 
0 0 0 0 0 0 0 0 0 0 0 0 0 0 0 0 0 0 0 0 0 0 0 0 0 0 0 0 0 0 0 0 0 0 0 0 0 0 0 0 0 0 0 0 0 0 0 0 0 0 0 0 0 0 0 0 0 0 0 0 0 0 0 0 0 0 0 0 0 0 0 0 0 0 0 0 0 0 0 0 0 0 0 0 0 0 0 0 0 0 0 0 0 0 0 0 0 0 0 0 
0 0 0 0 0 0 0 0 0 0 0 0 0 0 0 0 0 0 0 0 0 0 0 0 0 0 0 0 0 0 0 0 0 0 0 0 0 0 0 0 0 0 0 0 0 0 0 0 0 0 0 0 0 0 0 0 0 0 0 0 0 0 0 0 0 0 0 0 0 0 0 0 0 0 0 0 0 0 0 0 0 0 0 0 0 0 0 0 0 0 0 0 0 0 0 0 0 0 0 0 
0 0 0 0 0 0 0 0 0 0 0 0 0 0 0 0 0 0 0 0 0 0 0 0 0 0 0 0 0 0 0 0 0 0 0 0 0 0 0 0 0 0 0 0 0 0 0 0 0 0 0 0 0 0 0 0 0 0 0 0 0 0 0 0 0 0 0 0 0 0 0 0 0 0 0 0 0 0 0 0 0 0 0 0 0 0 0 0 0 0 0 0 0 0 0 0 0 0 0 0 
0 0 0 0 0 0 0 0 0 0 0 0 0 0 0 0 0 0 0 0 0 0 0 0 0 0 0 0 0 0 0 0 0 0 0 0 0 0 0 0 0 0 0 0 0 0 0 0 0 0 0 0 0 0 0 0 0 0 0 0 0 0 0 0 0 0 0 0 0 0 0 0 0 0 0 0 0 0 0 0 0 0 0 0 0 0 0 0 0 0 0 0 0 0 0 0 0 0 0 0 
0 0 0 0 0 0 0 0 0 0 0 0 0 0 0 0 0 0 0 0 0 0 0 0 0 0 0 0 0 0 0 0 0 0 0 0 0 0 0 0 0 0 0 0 0 0 0 0 0 0 0 0 0 0 0 0 0 0 0 0 0 0 0 0 0 0 0 0 0 0 0 0 0 0 0 0 0 0 0 0 0 0 0 0 0 0 0 0 0 0 0 0 0 0 0 0 0 0 0 0 
0 0 0 0 0 0 0 0 0 0 0 0 0 0 0 0 0 0 0 0 0 0 0 0 0 0 0 0 0 0 0 0 0 0 0 0 0 0 0 0 0 0 0 0 0 0 0 0 0 0 0 0 0 0 0 0 0 0 0 0 0 0 0 0 0 0 0 0 0 0 0 0 0 0 0 0 0 0 0 0 0 0 0 0 0 0 0 0 0 0 0 0 0 0 0 0 0 0 0 0 
0 0 0 0 0 0 0 0 0 0 0 0 0 0 0 0 0 0 0 0 0 0 0 0 0 0 0 0 0 0 0 0 0 0 0 0 0 0 0 0 0 0 0 0 0 0 0 0 0 0 0 0 0 0 0 0 0 0 0 0 0 0 0 0 0 0 0 0 0 0 0 0 0 0 0 0 0 0 0 0 0 0 0 0 0 0 0 0 0 0 0 0 0 0 0 0 0 0 0 0 
0 0 0 0 0 0 0 0 0 0 0 0 0 0 0 0 0 0 0 0 0 0 0 0 0 0 0 0 0 0 0 0 0 0 0 0 0 0 0 0 0 0 0 0 0 0 0 0 0 0 0 0 0 0 0 0 0 0 0 0 0 0 0 0 0 0 0 0 0 0 0 0 0 0 0 0 0 0 0 0 0 0 0 0 0 0 0 0 0 0 0 0 0 0 0 0 0 0 0 0 
0 0 0 0 0 0 0 0 0 0 0 0 0 0 0 0 0 0 0 0 0 0 0 0 0 0 0 0 0 0 0 0 0 0 0 0 0 0 0 0 0 0 0 0 0 0 0 0 0 0 0 0 0 0 0 0 0 0 0 0 0 0 0 0 0 0 0 0 0 0 0 0 0 0 0 0 0 0 0 0 0 0 0 0 0 0 0 0 0 0 0 0 0 0 0 0 0 0 0 0 
0 0 0 0 0 0 0 0 0 0 0 0 0 0 0 0 0 0 0 0 0 0 0 0 0 0 0 0 0 0 0 0 0 0 0 0 0 0 0 0 0 0 0 0 0 0 0 0 0 0 0 0 0 0 0 0 0 0 0 0 0 0 0 0 0 0 0 0 0 0 0 0 0 0 0 0 0 0 0 0 0 0 0 0 0 0 0 0 0 0 0 0 0 0 0 0 0 0 0 0 
0 0 0 0 0 0 0 0 0 0 0 0 0 0 0 0 0 0 0 0 0 0 0 0 0 0 0 0 0 0 0 0 0 0 0 0 0 0 0 0 0 0 0 0 0 0 0 0 0 0 0 0 0 0 0 0 0 0 0 0 0 0 0 0 0 0 0 0 0 0 0 0 0 0 0 0 0 0 0 0 0 0 0 0 0 0 0 0 0 0 0 0 0 0 0 0 0 0 0 0 

0 0 0 0 0 0 0 0 0 0 0 0 0 0 0 0 0 0 0 0 0 0 0 0 0 0 0 0 0 0 0 0 0 0 0 0 0 0 0 0 0 0 0 0 0 0 0 0 0 0 0 0 0 0 0 0 0 0 0 0 0 0 0 0 0 0 0 0 0 0 0 0 0 0 0 0 0 0 0 0 0 0 0 0 0 0 0 0 0 0 0 0 0 0 0 0 0 0 0 0 
0 0 0 0 0 0 0 0 0 0 0 0 0 0 0 0 0 0 0 0 0 0 0 0 0 0 0 0 0 0 0 0 0 0 0 0 0 0 0 0 0 0 0 0 0 0 0 0 0 0 0 0 0 0 0 0 0 0 0 0 0 0 0 0 0 0 0 0 0 0 0 0 0 0 0 0 0 0 0 0 0 0 0 0 0 0 0 0 0 0 0 0 0 0 0 0 0 0 0 0 
0 0 0 0 0 0 0 0 0 0 0 0 0 0 0 0 0 0 0 0 0 0 0 0 0 0 0 0 0 0 0 0 0 0 0 0 0 0 0 0 0 0 0 0 0 0 0 0 0 0 0 0 0 0 0 0 0 0 0 0 0 0 0 0 0 0 0 0 0 0 0 0 0 0 0 0 0 0 0 0 0 0 0 0 0 0 0 0 0 0 0 0 0 0 0 0 0 0 0 0 
0 0 0 0 0 0 0 0 0 0 0 0 0 0 0 0 0 0 0 0 0 0 0 0 0 0 0 0 0 0 0 0 0 0 0 0 0 0 0 0 0 0 0 0 0 0 0 0 0 0 0 0 0 0 0 0 0 0 0 0 0 0 0 0 0 0 0 0 0 0 0 0 0 0 0 0 0 0 0 0 0 0 0 0 0 0 0 0 0 0 0 0 0 0 0 0 0 0 0 0 
0 0 0 0 0 0 0 0 0 0 0 0 0 0 0 0 0 0 0 0 0 0 0 0 0 0 0 0 0 0 0 0 0 0 0 0 0 0 0 0 0 0 0 0 0 0 0 0 0 0 0 0 0 0 0 0 0 0 0 0 0 0 0 0 0 0 0 0 0 0 0 0 0 0 0 0 0 0 0 0 0 0 0 0 0 0 0 0 0 0 0 0 0 0 0 0 0 0 0 0 
0 0 0 0 0 0 0 0 0 0 0 0 0 0 0 0 0 0 0 0 0 0 0 0 0 0 0 0 0 0 0 0 0 0 0 0 0 0 0 0 0 0 0 0 0 0 0 0 0 0 0 0 0 0 0 0 0 0 0 0 0 0 0 0 0 0 0 0 0 0 0 0 0 0 0 0 0 0 0 0 0 0 0 0 0 0 0 0 0 0 0 0 0 0 0 0 0 0 0 0 
0 0 0 0 0 0 0 0 0 0 0 0 0 0 0 0 0 0 0 0 0 0 0 0 0 0 0 0 0 0 0 0 0 0 0 0 0 0 0 0 0 0 0 0 0 0 0 0 0 0 0 0 0 0 0 0 0 0 0 0 0 0 0 0 0 0 0 0 0 0 0 0 0 0 0 0 0 0 0 0 0 0 0 0 0 0 0 0 0 0 0 0 0 0 0 0 0 0 0 0 
0 0 0 0 0 0 0 0 0 0 0 0 0 0 0 0 0 0 0 0 0 0 0 0 0 0 0 0 0 0 0 0 0 0 0 0 0 0 0 0 0 0 0 0 0 0 0 0 0 0 0 0 0 0 0 0 0 0 0 0 0 0 0 0 0 0 0 0 0 0 0 0 0 0 0 0 0 0 0 0 0 0 0 0 0 0 0 0 0 0 0 0 0 0 0 0 0 0 0 0 
0 0 0 0 0 0 0 0 0 0 0 0 0 0 0 0 0 0 0 0 0 0 0 0 0 0 0 0 0 0 0 0 0 0 0 0 0 0 0 0 0 0 0 0 0 0 0 0 0 0 0 0 0 0 0 0 0 0 0 0 0 0 0 0 0 0 0 0 0 0 0 0 0 0 0 0 0 0 0 0 0 0 0 0 0 0 0 0 0 0 0 0 0 0 0 0 0 0 0 0 
0 0 0 0 0 0 0 0 0 0 0 0 0 0 0 0 0 0 0 0 0 0 0 0 0 0 0 0 0 0 0 0 0 0 0 0 0 0 0 0 0 0 0 0 0 0 0 0 0 0 0 0 0 0 0 0 0 0 0 0 0 0 0 0 0 0 0 0 0 0 0 0 0 0 0 0 0 0 0 0 0 0 0 0 0 0 0 0 0 0 0 0 0 0 0 0 0 0 0 0 
0 0 0 0 0 0 0 0 0 0 0 0 0 0 0 0 0 0 0 0 0 0 0 0 0 0 0 0 0 0 0 0 0 0 0 0 0 0 0 0 0 0 0 0 0 0 0 0 0 0 0 0 0 0 0 0 0 0 0 0 0 0 0 0 0 0 0 0 0 0 0 0 0 0 0 0 0 0 0 0 0 0 0 0 0 0 0 0 0 0 0 0 0 0 0 0 0 0 0 0 
0 0 0 0 0 0 0 0 0 0 0 0 0 0 0 0 0 0 0 0 0 0 0 0 0 0 0 0 0 0 0 0 0 0 0 0 0 0 0 0 0 0 0 0 0 0 0 0 0 0 0 0 0 0 0 0 0 0 0 0 0 0 0 0 0 0 0 0 0 0 0 0 0 0 0 0 0 0 0 0 0 0 0 0 0 0 0 0 0 0 0 0 0 0 0 0 0 0 0 0 
0 0 0 0 0 0 0 0 0 0 0 0 0 0 0 0 0 0 0 0 0 0 0 0 0 0 0 0 0 0 0 0 0 0 0 0 0 0 0 0 0 0 0 0 0 0 0 0 0 0 0 0 0 0 0 0 0 0 0 0 0 0 0 0 0 0 0 0 0 0 0 0 0 0 0 0 0 0 0 0 0 0 0 0 0 0 0 0 0 0 0 0 0 0 0 0 0 0 0 0 
0 0 0 0 0 0 0 0 0 0 0 0 0 0 0 0 0 0 0 0 0 0 0 0 0 0 0 0 0 0 0 0 0 0 0 0 0 0 0 0 0 0 0 0 0 0 0 0 0 0 0 0 0 0 0 0 0 0 0 0 0 0 0 0 0 0 0 0 0 0 0 0 0 0 0 0 0 0 0 0 0 0 0 0 0 0 0 0 0 0 0 0 0 0 0 0 0 0 0 0 
14 2 2800 2801 0 0 14 2 2802 2803 0 0 14 2 2804 2805 0 0 14 2 2806 2807 0 0 14 2 2808 2809 0 0 14 2 2810 2811 0 0 14 2 2812 2813 0 0 14 2 2814 2815 0 0 14 2 2816 2817 0 0 14 2 2818 2819 0 0 14 2 2820 2821 0 0 14 2 2822 2823 0 0 14 2 2824 2825 0 0 14 2 2826 2827 0 0 14 2 2828 2829 0 0 14 2 2830 2831 0 0 14 2 2832 2833 0 0 14 2 2834 2835 0 0 14 2 2836 2837 0 0 14 2 2838 2839 0 0 14 2 2840 2841 0 0 14 2 2842 2843 0 0 14 2 2844 2845 0 0 14 2 2846 2847 0 0 14 2 2848 2849 0 0 14 2 2850 2851 0 0 14 2 2852 2853 0 0 14 2 2854 2855 0 0 14 2 2856 2857 0 0 14 2 2858 2859 0 0 14 2 2860 2861 0 0 14 2 2862 2863 0 0 14 2 2864 2865 0 0 14 2 2866 2867 0 0 14 2 2868 2869 0 0 14 2 2870 2871 0 0 14 2 2872 2873 0 0 14 2 2874 2875 0 0 14 2 2876 2877 0 0 14 2 2878 2879 0 0 14 2 2880 2881 0 0 14 2 2882 2883 0 0 14 2 2884 2885 0 0 14 2 2886 2887 0 0 14 2 2888 2889 0 0 14 2 2890 2891 0 0 14 2 2892 2893 0 0 14 2 2894 2895 0 0 14 2 2896 2897 0 0 14 2 2898 2899 0 0 14 2 2900 2901 0 0 14 2 2902 2903 0 0 14 2 2904 2905 0 0 14 2 2906 2907 0 0 14 2 2908 2909 0 0 14 2 2910 2911 0 0 14 2 2912 2913 0 0 14 2 2914 2915 0 0 14 2 2916 2917 0 0 14 2 2918 2919 0 0 14 2 2920 2921 0 0 14 2 2922 2923 0 0 14 2 2924 2925 0 0 14 2 2926 2927 0 0 14 2 2928 2929 0 0 14 2 2930 2931 0 0 14 2 2932 2933 0 0 14 2 2934 2935 0 0 14 2 2936 2937 0 0 14 2 2938 2939 0 0 14 2 2940 2941 0 0 14 2 2942 2943 0 0 14 2 2944 2945 0 0 14 2 2946 2947 0 0 14 2 2948 2949 0 0 14 2 2950 2951 0 0 14 2 2952 2953 0 0 14 2 2954 2955 0 0 14 2 2956 2957 0 0 14 2 2958 2959 0 0 14 2 2960 2961 0 0 14 2 2962 2963 0 0 14 2 2964 2965 0 0 14 2 2966 2967 0 0 14 2 2968 2969 0 0 14 2 2970 2971 0 0 14 2 2972 2973 0 0 14 2 2974 2975 0 0 14 2 2976 2977 0 0 14 2 2978 2979 0 0 14 2 2980 2981 0 0 14 2 2982 2983 0 0 14 2 2984 2985 0 0 14 2 2986 2987 0 0 14 2 2988 2989 0 0 14 2 2990 2991 0 0 14 2 2992 2993 0 0 14 2 2994 2995 0 0 14 2 2996 2997 0 0 14 2 2998 2999 0 0 
14 2 3000 3001 0 0 14 2 3002 3003 0 0 14 2 3004 3005 0 0 14 2 3006 3007 0 0 14 2 3008 3009 0 0 14 2 3010 3011 0 0 14 2 3012 3013 0 0 14 2 3014 3015 0 0 14 2 3016 3017 0 0 14 2 3018 3019 0 0 14 2 3020 3021 0 0 14 2 3022 3023 0 0 14 2 3024 3025 0 0 14 2 3026 3027 0 0 14 2 3028 3029 0 0 14 2 3030 3031 0 0 14 2 3032 3033 0 0 14 2 3034 3035 0 0 14 2 3036 3037 0 0 14 2 3038 3039 0 0 14 2 3040 3041 0 0 14 2 3042 3043 0 0 14 2 3044 3045 0 0 14 2 3046 3047 0 0 14 2 3048 3049 0 0 14 2 3050 3051 0 0 14 2 3052 3053 0 0 14 2 3054 3055 0 0 14 2 3056 3057 0 0 14 2 3058 3059 0 0 14 2 3060 3061 0 0 14 2 3062 3063 0 0 14 2 3064 3065 0 0 14 2 3066 3067 0 0 14 2 3068 3069 0 0 14 2 3070 3071 0 0 14 2 3072 3073 0 0 14 2 3074 3075 0 0 14 2 3076 3077 0 0 14 2 3078 3079 0 0 14 2 3080 3081 0 0 14 2 3082 3083 0 0 14 2 3084 3085 0 0 14 2 3086 3087 0 0 14 2 3088 3089 0 0 14 2 3090 3091 0 0 14 2 3092 3093 0 0 14 2 3094 3095 0 0 14 2 3096 3097 0 0 14 2 3098 3099 0 0 14 2 3100 3101 0 0 14 2 3102 3103 0 0 14 2 3104 3105 0 0 14 2 3106 3107 0 0 14 2 3108 3109 0 0 14 2 3110 3111 0 0 14 2 3112 3113 0 0 14 2 3114 3115 0 0 14 2 3116 3117 0 0 14 2 3118 3119 0 0 14 2 3120 3121 0 0 14 2 3122 3123 0 0 14 2 3124 3125 0 0 14 2 3126 3127 0 0 14 2 3128 3129 0 0 14 2 3130 3131 0 0 14 2 3132 3133 0 0 14 2 3134 3135 0 0 14 2 3136 3137 0 0 14 2 3138 3139 0 0 14 2 3140 3141 0 0 14 2 3142 3143 0 0 14 2 3144 3145 0 0 14 2 3146 3147 0 0 14 2 3148 3149 0 0 14 2 3150 3151 0 0 14 2 3152 3153 0 0 14 2 3154 3155 0 0 14 2 3156 3157 0 0 14 2 3158 3159 0 0 14 2 3160 3161 0 0 14 2 3162 3163 0 0 14 2 3164 3165 0 0 14 2 3166 3167 0 0 14 2 3168 3169 0 0 14 2 3170 3171 0 0 14 2 3172 3173 0 0 14 2 3174 3175 0 0 14 2 3176 3177 0 0 14 2 3178 3179 0 0 14 2 3180 3181 0 0 14 2 3182 3183 0 0 14 2 3184 3185 0 0 14 2 3186 3187 0 0 14 2 3188 3189 0 0 14 2 3190 3191 0 0 14 2 3192 3193 0 0 14 2 3194 3195 0 0 14 2 3196 3197 0 0 14 2 3198 3199 0 0 
14 2 3200 3201 0 0 14 2 3202 3203 0 0 14 2 3204 3205 0 0 14 2 3206 3207 0 0 14 2 3208 3209 0 0 14 2 3210 3211 0 0 14 2 3212 3213 0 0 14 2 3214 3215 0 0 14 2 3216 3217 0 0 14 2 3218 3219 0 0 14 2 3220 3221 0 0 14 2 3222 3223 0 0 14 2 3224 3225 0 0 14 2 3226 3227 0 0 14 2 3228 3229 0 0 14 2 3230 3231 0 0 14 2 3232 3233 0 0 14 2 3234 3235 0 0 14 2 3236 3237 0 0 14 2 3238 3239 0 0 14 2 3240 3241 0 0 14 2 3242 3243 0 0 14 2 3244 3245 0 0 14 2 3246 3247 0 0 14 2 3248 3249 0 0 14 2 3250 3251 0 0 14 2 3252 3253 0 0 14 2 3254 3255 0 0 14 2 3256 3257 0 0 14 2 3258 3259 0 0 14 2 3260 3261 0 0 14 2 3262 3263 0 0 14 2 3264 3265 0 0 14 2 3266 3267 0 0 14 2 3268 3269 0 0 14 2 3270 3271 0 0 14 2 3272 3273 0 0 14 2 3274 3275 0 0 14 2 3276 3277 0 0 14 2 3278 3279 0 0 14 2 3280 3281 0 0 14 2 3282 3283 0 0 14 2 3284 3285 0 0 14 2 3286 3287 0 0 14 2 3288 3289 0 0 14 2 3290 3291 0 0 14 2 3292 3293 0 0 14 2 3294 3295 0 0 14 2 3296 3297 0 0 14 2 3298 3299 0 0 14 2 3300 3301 0 0 14 2 3302 3303 0 0 14 2 3304 3305 0 0 14 2 3306 3307 0 0 14 2 3308 3309 0 0 14 2 3310 3311 0 0 14 2 3312 3313 0 0 14 2 3314 3315 0 0 14 2 3316 3317 0 0 14 2 3318 3319 0 0 14 2 3320 3321 0 0 14 2 3322 3323 0 0 14 2 3324 3325 0 0 14 2 3326 3327 0 0 14 2 3328 3329 0 0 14 2 3330 3331 0 0 14 2 3332 3333 0 0 14 2 3334 3335 0 0 14 2 3336 3337 0 0 14 2 3338 3339 0 0 14 2 3340 3341 0 0 14 2 3342 3343 0 0 14 2 3344 3345 0 0 14 2 3346 3347 0 0 14 2 3348 3349 0 0 14 2 3350 3351 0 0 14 2 3352 3353 0 0 14 2 3354 3355 0 0 14 2 3356 3357 0 0 14 2 3358 3359 0 0 14 2 3360 3361 0 0 14 2 3362 3363 0 0 14 2 3364 3365 0 0 14 2 3366 3367 0 0 14 2 3368 3369 0 0 14 2 3370 3371 0 0 14 2 3372 3373 0 0 14 2 3374 3375 0 0 14 2 3376 3377 0 0 14 2 3378 3379 0 0 14 2 3380 3381 0 0 14 2 3382 3383 0 0 14 2 3384 3385 0 0 14 2 3386 3387 0 0 14 2 3388 3389 0 0 14 2 3390 3391 0 0 14 2 3392 3393 0 0 14 2 3394 3395 0 0 14 2 3396 3397 0 0 14 2 3398 3399 0 0 
14 2 3400 3401 0 0 14 2 3402 3403 0 0 14 2 3404 3405 0 0 14 2 3406 3407 0 0 14 2 3408 3409 0 0 14 2 3410 3411 0 0 14 2 3412 3413 0 0 14 2 3414 3415 0 0 14 2 3416 3417 0 0 14 2 3418 3419 0 0 14 2 3420 3421 0 0 14 2 3422 3423 0 0 14 2 3424 3425 0 0 14 2 3426 3427 0 0 14 2 3428 3429 0 0 14 2 3430 3431 0 0 14 2 3432 3433 0 0 14 2 3434 3435 0 0 14 2 3436 3437 0 0 14 2 3438 3439 0 0 14 2 3440 3441 0 0 14 2 3442 3443 0 0 14 2 3444 3445 0 0 14 2 3446 3447 0 0 14 2 3448 3449 0 0 14 2 3450 3451 0 0 14 2 3452 3453 0 0 14 2 3454 3455 0 0 14 2 3456 3457 0 0 14 2 3458 3459 0 0 14 2 3460 3461 0 0 14 2 3462 3463 0 0 14 2 3464 3465 0 0 14 2 3466 3467 0 0 14 2 3468 3469 0 0 14 2 3470 3471 0 0 14 2 3472 3473 0 0 14 2 3474 3475 0 0 14 2 3476 3477 0 0 14 2 3478 3479 0 0 14 2 3480 3481 0 0 14 2 3482 3483 0 0 14 2 3484 3485 0 0 14 2 3486 3487 0 0 14 2 3488 3489 0 0 14 2 3490 3491 0 0 14 2 3492 3493 0 0 14 2 3494 3495 0 0 14 2 3496 3497 0 0 14 2 3498 3499 0 0 14 2 3500 3501 0 0 14 2 3502 3503 0 0 14 2 3504 3505 0 0 14 2 3506 3507 0 0 14 2 3508 3509 0 0 14 2 3510 3511 0 0 14 2 3512 3513 0 0 14 2 3514 3515 0 0 14 2 3516 3517 0 0 14 2 3518 3519 0 0 14 2 3520 3521 0 0 14 2 3522 3523 0 0 14 2 3524 3525 0 0 14 2 3526 3527 0 0 14 2 3528 3529 0 0 14 2 3530 3531 0 0 14 2 3532 3533 0 0 14 2 3534 3535 0 0 14 2 3536 3537 0 0 14 2 3538 3539 0 0 14 2 3540 3541 0 0 14 2 3542 3543 0 0 14 2 3544 3545 0 0 14 2 3546 3547 0 0 14 2 3548 3549 0 0 14 2 3550 3551 0 0 14 2 3552 3553 0 0 14 2 3554 3555 0 0 14 2 3556 3557 0 0 14 2 3558 3559 0 0 14 2 3560 3561 0 0 14 2 3562 3563 0 0 14 2 3564 3565 0 0 14 2 3566 3567 0 0 14 2 3568 3569 0 0 14 2 3570 3571 0 0 14 2 3572 3573 0 0 14 2 3574 3575 0 0 14 2 3576 3577 0 0 14 2 3578 3579 0 0 14 2 3580 3581 0 0 14 2 3582 3583 0 0 14 2 3584 3585 0 0 14 2 3586 3587 0 0 14 2 3588 3589 0 0 14 2 3590 3591 0 0 14 2 3592 3593 0 0 14 2 3594 3595 0 0 14 2 3596 3597 0 0 14 2 3598 3599 0 0 
0 0 0 0 0 0 0 0 0 0 0 0 0 0 0 0 0 0 0 0 0 0 0 0 0 0 0 0 0 0 0 0 0 0 0 0 0 0 0 0 0 0 0 0 0 0 0 0 0 0 0 0 0 0 0 0 0 0 0 0 0 0 0 0 0 0 0 0 0 0 0 0 0 0 0 0 0 0 0 0 0 0 0 0 0 0 0 0 0 0 0 0 0 0 0 0 0 0 0 0 
0 0 0 0 0 0 0 0 0 0 0 0 0 0 0 0 0 0 0 0 0 0 0 0 0 0 0 0 0 0 0 0 0 0 0 0 0 0 0 0 0 0 0 0 0 0 0 0 0 0 0 0 0 0 0 0 0 0 0 0 0 0 0 0 0 0 0 0 0 0 0 0 0 0 0 0 0 0 0 0 0 0 0 0 0 0 0 0 0 0 0 0 0 0 0 0 0 0 0 0 
0 0 0 0 0 0 0 0 0 0 0 0 0 0 0 0 0 0 0 0 0 0 0 0 0 0 0 0 0 0 0 0 0 0 0 0 0 0 0 0 0 0 0 0 0 0 0 0 0 0 0 0 0 0 0 0 0 0 0 0 0 0 0 0 0 0 0 0 0 0 0 0 0 0 0 0 0 0 0 0 0 0 0 0 0 0 0 0 0 0 0 0 0 0 0 0 0 0 0 0 
0 0 0 0 0 0 0 0 0 0 0 0 0 0 0 0 0 0 0 0 0 0 0 0 0 0 0 0 0 0 0 0 0 0 0 0 0 0 0 0 0 0 0 0 0 0 0 0 0 0 0 0 0 0 0 0 0 0 0 0 0 0 0 0 0 0 0 0 0 0 0 0 0 0 0 0 0 0 0 0 0 0 0 0 0 0 0 0 0 0 0 0 0 0 0 0 0 0 0 0 
0 0 0 0 0 0 0 0 0 0 0 0 0 0 0 0 0 0 0 0 0 0 0 0 0 0 0 0 0 0 0 0 0 0 0 0 0 0 0 0 0 0 0 0 0 0 0 0 0 0 0 0 0 0 0 0 0 0 0 0 0 0 0 0 0 0 0 0 0 0 0 0 0 0 0 0 0 0 0 0 0 0 0 0 0 0 0 0 0 0 0 0 0 0 0 0 0 0 0 0 
0 0 0 0 0 0 0 0 0 0 0 0 0 0 0 0 0 0 0 0 0 0 0 0 0 0 0 0 0 0 0 0 0 0 0 0 0 0 0 0 0 0 0 0 0 0 0 0 0 0 0 0 0 0 0 0 0 0 0 0 0 0 0 0 0 0 0 0 0 0 0 0 0 0 0 0 0 0 0 0 0 0 0 0 0 0 0 0 0 0 0 0 0 0 0 0 0 0 0 0 
0 0 0 0 0 0 0 0 0 0 0 0 0 0 0 0 0 0 0 0 0 0 0 0 0 0 0 0 0 0 0 0 0 0 0 0 0 0 0 0 0 0 0 0 0 0 0 0 0 0 0 0 0 0 0 0 0 0 0 0 0 0 0 0 0 0 0 0 0 0 0 0 0 0 0 0 0 0 0 0 0 0 0 0 0 0 0 0 0 0 0 0 0 0 0 0 0 0 0 0 
0 0 0 0 0 0 0 0 0 0 0 0 0 0 0 0 0 0 0 0 0 0 0 0 0 0 0 0 0 0 0 0 0 0 0 0 0 0 0 0 0 0 0 0 0 0 0 0 0 0 0 0 0 0 0 0 0 0 0 0 0 0 0 0 0 0 0 0 0 0 0 0 0 0 0 0 0 0 0 0 0 0 0 0 0 0 0 0 0 0 0 0 0 0 0 0 0 0 0 0 
0 0 0 0 0 0 0 0 0 0 0 0 0 0 0 0 0 0 0 0 0 0 0 0 0 0 0 0 0 0 0 0 0 0 0 0 0 0 0 0 0 0 0 0 0 0 0 0 0 0 0 0 0 0 0 0 0 0 0 0 0 0 0 0 0 0 0 0 0 0 0 0 0 0 0 0 0 0 0 0 0 0 0 0 0 0 0 0 0 0 0 0 0 0 0 0 0 0 0 0 
0 0 0 0 0 0 0 0 0 0 0 0 0 0 0 0 0 0 0 0 0 0 0 0 0 0 0 0 0 0 0 0 0 0 0 0 0 0 0 0 0 0 0 0 0 0 0 0 0 0 0 0 0 0 0 0 0 0 0 0 0 0 0 0 0 0 0 0 0 0 0 0 0 0 0 0 0 0 0 0 0 0 0 0 0 0 0 0 0 0 0 0 0 0 0 0 0 0 0 0 
0 0 0 0 0 0 0 0 0 0 0 0 0 0 0 0 0 0 0 0 0 0 0 0 0 0 0 0 0 0 0 0 0 0 0 0 0 0 0 0 0 0 0 0 0 0 0 0 0 0 0 0 0 0 0 0 0 0 0 0 0 0 0 0 0 0 0 0 0 0 0 0 0 0 0 0 0 0 0 0 0 0 0 0 0 0 0 0 0 0 0 0 0 0 0 0 0 0 0 0 
0 0 0 0 0 0 0 0 0 0 0 0 0 0 0 0 0 0 0 0 0 0 0 0 0 0 0 0 0 0 0 0 0 0 0 0 0 0 0 0 0 0 0 0 0 0 0 0 0 0 0 0 0 0 0 0 0 0 0 0 0 0 0 0 0 0 0 0 0 0 0 0 0 0 0 0 0 0 0 0 0 0 0 0 0 0 0 0 0 0 0 0 0 0 0 0 0 0 0 0 
0 0 0 0 0 0 0 0 0 0 0 0 0 0 0 0 0 0 0 0 0 0 0 0 0 0 0 0 0 0 0 0 0 0 0 0 0 0 0 0 0 0 0 0 0 0 0 0 0 0 0 0 0 0 0 0 0 0 0 0 0 0 0 0 0 0 0 0 0 0 0 0 0 0 0 0 0 0 0 0 0 0 0 0 0 0 0 0 0 0 0 0 0 0 0 0 0 0 0 0 
14 2 6200 6201 0 0 14 2 6202 6203 0 0 14 2 6204 6205 0 0 14 2 6206 6207 0 0 14 2 6208 6209 0 0 14 2 6210 6211 0 0 14 2 6212 6213 0 0 14 2 6214 6215 0 0 14 2 6216 6217 0 0 14 2 6218 6219 0 0 14 2 6220 6221 0 0 14 2 6222 6223 0 0 14 2 6224 6225 0 0 14 2 6226 6227 0 0 14 2 6228 6229 0 0 14 2 6230 6231 0 0 14 2 6232 6233 0 0 14 2 6234 6235 0 0 14 2 6236 6237 0 0 14 2 6238 6239 0 0 14 2 6240 6241 0 0 14 2 6242 6243 0 0 14 2 6244 6245 0 0 14 2 6246 6247 0 0 14 2 6248 6249 0 0 14 2 6250 6251 0 0 14 2 6252 6253 0 0 14 2 6254 6255 0 0 14 2 6256 6257 0 0 14 2 6258 6259 0 0 14 2 6260 6261 0 0 14 2 6262 6263 0 0 14 2 6264 6265 0 0 14 2 6266 6267 0 0 14 2 6268 6269 0 0 14 2 6270 6271 0 0 14 2 6272 6273 0 0 14 2 6274 6275 0 0 14 2 6276 6277 0 0 14 2 6278 6279 0 0 14 2 6280 6281 0 0 14 2 6282 6283 0 0 14 2 6284 6285 0 0 14 2 6286 6287 0 0 14 2 6288 6289 0 0 14 2 6290 6291 0 0 14 2 6292 6293 0 0 14 2 6294 6295 0 0 14 2 6296 6297 0 0 14 2 6298 6299 0 0 14 2 6300 6301 0 0 14 2 6302 6303 0 0 14 2 6304 6305 0 0 14 2 6306 6307 0 0 14 2 6308 6309 0 0 14 2 6310 6311 0 0 14 2 6312 6313 0 0 14 2 6314 6315 0 0 14 2 6316 6317 0 0 14 2 6318 6319 0 0 14 2 6320 6321 0 0 14 2 6322 6323 0 0 14 2 6324 6325 0 0 14 2 6326 6327 0 0 14 2 6328 6329 0 0 14 2 6330 6331 0 0 14 2 6332 6333 0 0 14 2 6334 6335 0 0 14 2 6336 6337 0 0 14 2 6338 6339 0 0 14 2 6340 6341 0 0 14 2 6342 6343 0 0 14 2 6344 6345 0 0 14 2 6346 6347 0 0 14 2 6348 6349 0 0 14 2 6350 6351 0 0 14 2 6352 6353 0 0 14 2 6354 6355 0 0 14 2 6356 6357 0 0 14 2 6358 6359 0 0 14 2 6360 6361 0 0 14 2 6362 6363 0 0 14 2 6364 6365 0 0 14 2 6366 6367 0 0 14 2 6368 6369 0 0 14 2 6370 6371 0 0 14 2 6372 6373 0 0 14 2 6374 6375 0 0 14 2 6376 6377 0 0 14 2 6378 6379 0 0 14 2 6380 6381 0 0 14 2 6382 6383 0 0 14 2 6384 6385 0 0 14 2 6386 6387 0 0 14 2 6388 6389 0 0 14 2 6390 6391 0 0 14 2 6392 6393 0 0 14 2 6394 6395 0 0 14 2 6396 6397 0 0 14 2 6398 6399 0 0 
14 2 6400 6401 0 0 14 2 6402 6403 0 0 14 2 6404 6405 0 0 14 2 6406 6407 0 0 14 2 6408 6409 0 0 14 2 6410 6411 0 0 14 2 6412 6413 0 0 14 2 6414 6415 0 0 14 2 6416 6417 0 0 14 2 6418 6419 0 0 14 2 6420 6421 0 0 14 2 6422 6423 0 0 14 2 6424 6425 0 0 14 2 6426 6427 0 0 14 2 6428 6429 0 0 14 2 6430 6431 0 0 14 2 6432 6433 0 0 14 2 6434 6435 0 0 14 2 6436 6437 0 0 14 2 6438 6439 0 0 14 2 6440 6441 0 0 14 2 6442 6443 0 0 14 2 6444 6445 0 0 14 2 6446 6447 0 0 14 2 6448 6449 0 0 14 2 6450 6451 0 0 14 2 6452 6453 0 0 14 2 6454 6455 0 0 14 2 6456 6457 0 0 14 2 6458 6459 0 0 14 2 6460 6461 0 0 14 2 6462 6463 0 0 14 2 6464 6465 0 0 14 2 6466 6467 0 0 14 2 6468 6469 0 0 14 2 6470 6471 0 0 14 2 6472 6473 0 0 14 2 6474 6475 0 0 14 2 6476 6477 0 0 14 2 6478 6479 0 0 14 2 6480 6481 0 0 14 2 6482 6483 0 0 14 2 6484 6485 0 0 14 2 6486 6487 0 0 14 2 6488 6489 0 0 14 2 6490 6491 0 0 14 2 6492 6493 0 0 14 2 6494 6495 0 0 14 2 6496 6497 0 0 14 2 6498 6499 0 0 14 2 6500 6501 0 0 14 2 6502 6503 0 0 14 2 6504 6505 0 0 14 2 6506 6507 0 0 14 2 6508 6509 0 0 14 2 6510 6511 0 0 14 2 6512 6513 0 0 14 2 6514 6515 0 0 14 2 6516 6517 0 0 14 2 6518 6519 0 0 14 2 6520 6521 0 0 14 2 6522 6523 0 0 14 2 6524 6525 0 0 14 2 6526 6527 0 0 14 2 6528 6529 0 0 14 2 6530 6531 0 0 14 2 6532 6533 0 0 14 2 6534 6535 0 0 14 2 6536 6537 0 0 14 2 6538 6539 0 0 14 2 6540 6541 0 0 14 2 6542 6543 0 0 14 2 6544 6545 0 0 14 2 6546 6547 0 0 14 2 6548 6549 0 0 14 2 6550 6551 0 0 14 2 6552 6553 0 0 14 2 6554 6555 0 0 14 2 6556 6557 0 0 14 2 6558 6559 0 0 14 2 6560 6561 0 0 14 2 6562 6563 0 0 14 2 6564 6565 0 0 14 2 6566 6567 0 0 14 2 6568 6569 0 0 14 2 6570 6571 0 0 14 2 6572 6573 0 0 14 2 6574 6575 0 0 14 2 6576 6577 0 0 14 2 6578 6579 0 0 14 2 6580 6581 0 0 14 2 6582 6583 0 0 14 2 6584 6585 0 0 14 2 6586 6587 0 0 14 2 6588 6589 0 0 14 2 6590 6591 0 0 14 2 6592 6593 0 0 14 2 6594 6595 0 0 14 2 6596 6597 0 0 14 2 6598 6599 0 0 
14 2 6600 6601 0 0 14 2 6602 6603 0 0 14 2 6604 6605 0 0 14 2 6606 6607 0 0 14 2 6608 6609 0 0 14 2 6610 6611 0 0 14 2 6612 6613 0 0 14 2 6614 6615 0 0 14 2 6616 6617 0 0 14 2 6618 6619 0 0 14 2 6620 6621 0 0 14 2 6622 6623 0 0 14 2 6624 6625 0 0 14 2 6626 6627 0 0 14 2 6628 6629 0 0 14 2 6630 6631 0 0 14 2 6632 6633 0 0 14 2 6634 6635 0 0 14 2 6636 6637 0 0 14 2 6638 6639 0 0 14 2 6640 6641 0 0 14 2 6642 6643 0 0 14 2 6644 6645 0 0 14 2 6646 6647 0 0 14 2 6648 6649 0 0 14 2 6650 6651 0 0 14 2 6652 6653 0 0 14 2 6654 6655 0 0 14 2 6656 6657 0 0 14 2 6658 6659 0 0 14 2 6660 6661 0 0 14 2 6662 6663 0 0 14 2 6664 6665 0 0 14 2 6666 6667 0 0 14 2 6668 6669 0 0 14 2 6670 6671 0 0 14 2 6672 6673 0 0 14 2 6674 6675 0 0 14 2 6676 6677 0 0 14 2 6678 6679 0 0 14 2 6680 6681 0 0 14 2 6682 6683 0 0 14 2 6684 6685 0 0 14 2 6686 6687 0 0 14 2 6688 6689 0 0 14 2 6690 6691 0 0 14 2 6692 6693 0 0 14 2 6694 6695 0 0 14 2 6696 6697 0 0 14 2 6698 6699 0 0 14 2 6700 6701 0 0 14 2 6702 6703 0 0 14 2 6704 6705 0 0 14 2 6706 6707 0 0 14 2 6708 6709 0 0 14 2 6710 6711 0 0 14 2 6712 6713 0 0 14 2 6714 6715 0 0 14 2 6716 6717 0 0 14 2 6718 6719 0 0 14 2 6720 6721 0 0 14 2 6722 6723 0 0 14 2 6724 6725 0 0 14 2 6726 6727 0 0 14 2 6728 6729 0 0 14 2 6730 6731 0 0 14 2 6732 6733 0 0 14 2 6734 6735 0 0 14 2 6736 6737 0 0 14 2 6738 6739 0 0 14 2 6740 6741 0 0 14 2 6742 6743 0 0 14 2 6744 6745 0 0 14 2 6746 6747 0 0 14 2 6748 6749 0 0 14 2 6750 6751 0 0 14 2 6752 6753 0 0 14 2 6754 6755 0 0 14 2 6756 6757 0 0 14 2 6758 6759 0 0 14 2 6760 6761 0 0 14 2 6762 6763 0 0 14 2 6764 6765 0 0 14 2 6766 6767 0 0 14 2 6768 6769 0 0 14 2 6770 6771 0 0 14 2 6772 6773 0 0 14 2 6774 6775 0 0 14 2 6776 6777 0 0 14 2 6778 6779 0 0 14 2 6780 6781 0 0 14 2 6782 6783 0 0 14 2 6784 6785 0 0 14 2 6786 6787 0 0 14 2 6788 6789 0 0 14 2 6790 6791 0 0 14 2 6792 6793 0 0 14 2 6794 6795 0 0 14 2 6796 6797 0 0 14 2 6798 6799 0 0 
14 2 6800 6801 0 0 14 2 6802 6803 0 0 14 2 6804 6805 0 0 14 2 6806 6807 0 0 14 2 6808 6809 0 0 14 2 6810 6811 0 0 14 2 6812 6813 0 0 14 2 6814 6815 0 0 14 2 6816 6817 0 0 14 2 6818 6819 0 0 14 2 6820 6821 0 0 14 2 6822 6823 0 0 14 2 6824 6825 0 0 14 2 6826 6827 0 0 14 2 6828 6829 0 0 14 2 6830 6831 0 0 14 2 6832 6833 0 0 14 2 6834 6835 0 0 14 2 6836 6837 0 0 14 2 6838 6839 0 0 14 2 6840 6841 0 0 14 2 6842 6843 0 0 14 2 6844 6845 0 0 14 2 6846 6847 0 0 14 2 6848 6849 0 0 14 2 6850 6851 0 0 14 2 6852 6853 0 0 14 2 6854 6855 0 0 14 2 6856 6857 0 0 14 2 6858 6859 0 0 14 2 6860 6861 0 0 14 2 6862 6863 0 0 14 2 6864 6865 0 0 14 2 6866 6867 0 0 14 2 6868 6869 0 0 14 2 6870 6871 0 0 14 2 6872 6873 0 0 14 2 6874 6875 0 0 14 2 6876 6877 0 0 14 2 6878 6879 0 0 14 2 6880 6881 0 0 14 2 6882 6883 0 0 14 2 6884 6885 0 0 14 2 6886 6887 0 0 14 2 6888 6889 0 0 14 2 6890 6891 0 0 14 2 6892 6893 0 0 14 2 6894 6895 0 0 14 2 6896 6897 0 0 14 2 6898 6899 0 0 14 2 6900 6901 0 0 14 2 6902 6903 0 0 14 2 6904 6905 0 0 14 2 6906 6907 0 0 14 2 6908 6909 0 0 14 2 6910 6911 0 0 14 2 6912 6913 0 0 14 2 6914 6915 0 0 14 2 6916 6917 0 0 14 2 6918 6919 0 0 14 2 6920 6921 0 0 14 2 6922 6923 0 0 14 2 6924 6925 0 0 14 2 6926 6927 0 0 14 2 6928 6929 0 0 14 2 6930 6931 0 0 14 2 6932 6933 0 0 14 2 6934 6935 0 0 14 2 6936 6937 0 0 14 2 6938 6939 0 0 14 2 6940 6941 0 0 14 2 6942 6943 0 0 14 2 6944 6945 0 0 14 2 6946 6947 0 0 14 2 6948 6949 0 0 14 2 6950 6951 0 0 14 2 6952 6953 0 0 14 2 6954 6955 0 0 14 2 6956 6957 0 0 14 2 6958 6959 0 0 14 2 6960 6961 0 0 14 2 6962 6963 0 0 14 2 6964 6965 0 0 14 2 6966 6967 0 0 14 2 6968 6969 0 0 14 2 6970 6971 0 0 14 2 6972 6973 0 0 14 2 6974 6975 0 0 14 2 6976 6977 0 0 14 2 6978 6979 0 0 14 2 6980 6981 0 0 14 2 6982 6983 0 0 14 2 6984 6985 0 0 14 2 6986 6987 0 0 14 2 6988 6989 0 0 14 2 6990 6991 0 0 14 2 6992 6993 0 0 14 2 6994 6995 0 0 14 2 6996 6997 0 0 14 2 6998 6999 0 0 
0 0 0 0 0 0 0 0 0 0 0 0 0 0 0 0 0 0 0 0 0 0 0 0 0 0 0 0 0 0 0 0 0 0 0 0 0 0 0 0 0 0 0 0 0 0 0 0 0 0 0 0 0 0 0 0 0 0 0 0 0 0 0 0 0 0 0 0 0 0 0 0 0 0 0 0 0 0 0 0 0 0 0 0 0 0 0 0 0 0 0 0 0 0 0 0 0 0 0 0 
0 0 0 0 0 0 0 0 0 0 0 0 0 0 0 0 0 0 0 0 0 0 0 0 0 0 0 0 0 0 0 0 0 0 0 0 0 0 0 0 0 0 0 0 0 0 0 0 0 0 0 0 0 0 0 0 0 0 0 0 0 0 0 0 0 0 0 0 0 0 0 0 0 0 0 0 0 0 0 0 0 0 0 0 0 0 0 0 0 0 0 0 0 0 0 0 0 0 0 0 
0 0 0 0 0 0 0 0 0 0 0 0 0 0 0 0 0 0 0 0 0 0 0 0 0 0 0 0 0 0 0 0 0 0 0 0 0 0 0 0 0 0 0 0 0 0 0 0 0 0 0 0 0 0 0 0 0 0 0 0 0 0 0 0 0 0 0 0 0 0 0 0 0 0 0 0 0 0 0 0 0 0 0 0 0 0 0 0 0 0 0 0 0 0 0 0 0 0 0 0 
0 0 0 0 0 0 0 0 0 0 0 0 0 0 0 0 0 0 0 0 0 0 0 0 0 0 0 0 0 0 0 0 0 0 0 0 0 0 0 0 0 0 0 0 0 0 0 0 0 0 0 0 0 0 0 0 0 0 0 0 0 0 0 0 0 0 0 0 0 0 0 0 0 0 0 0 0 0 0 0 0 0 0 0 0 0 0 0 0 0 0 0 0 0 0 0 0 0 0 0 
0 0 0 0 0 0 0 0 0 0 0 0 0 0 0 0 0 0 0 0 0 0 0 0 0 0 0 0 0 0 0 0 0 0 0 0 0 0 0 0 0 0 0 0 0 0 0 0 0 0 0 0 0 0 0 0 0 0 0 0 0 0 0 0 0 0 0 0 0 0 0 0 0 0 0 0 0 0 0 0 0 0 0 0 0 0 0 0 0 0 0 0 0 0 0 0 0 0 0 0 
0 0 0 0 0 0 0 0 0 0 0 0 0 0 0 0 0 0 0 0 0 0 0 0 0 0 0 0 0 0 0 0 0 0 0 0 0 0 0 0 0 0 0 0 0 0 0 0 0 0 0 0 0 0 0 0 0 0 0 0 0 0 0 0 0 0 0 0 0 0 0 0 0 0 0 0 0 0 0 0 0 0 0 0 0 0 0 0 0 0 0 0 0 0 0 0 0 0 0 0 
0 0 0 0 0 0 0 0 0 0 0 0 0 0 0 0 0 0 0 0 0 0 0 0 0 0 0 0 0 0 0 0 0 0 0 0 0 0 0 0 0 0 0 0 0 0 0 0 0 0 0 0 0 0 0 0 0 0 0 0 0 0 0 0 0 0 0 0 0 0 0 0 0 0 0 0 0 0 0 0 0 0 0 0 0 0 0 0 0 0 0 0 0 0 0 0 0 0 0 0 
0 0 0 0 0 0 0 0 0 0 0 0 0 0 0 0 0 0 0 0 0 0 0 0 0 0 0 0 0 0 0 0 0 0 0 0 0 0 0 0 0 0 0 0 0 0 0 0 0 0 0 0 0 0 0 0 0 0 0 0 0 0 0 0 0 0 0 0 0 0 0 0 0 0 0 0 0 0 0 0 0 0 0 0 0 0 0 0 0 0 0 0 0 0 0 0 0 0 0 0 
0 0 0 0 0 0 0 0 0 0 0 0 0 0 0 0 0 0 0 0 0 0 0 0 0 0 0 0 0 0 0 0 0 0 0 0 0 0 0 0 0 0 0 0 0 0 0 0 0 0 0 0 0 0 0 0 0 0 0 0 0 0 0 0 0 0 0 0 0 0 0 0 0 0 0 0 0 0 0 0 0 0 0 0 0 0 0 0 0 0 0 0 0 0 0 0 0 0 0 0 
0 0 0 0 0 0 0 0 0 0 0 0 0 0 0 0 0 0 0 0 0 0 0 0 0 0 0 0 0 0 0 0 0 0 0 0 0 0 0 0 0 0 0 0 0 0 0 0 0 0 0 0 0 0 0 0 0 0 0 0 0 0 0 0 0 0 0 0 0 0 0 0 0 0 0 0 0 0 0 0 0 0 0 0 0 0 0 0 0 0 0 0 0 0 0 0 0 0 0 0 
0 0 0 0 0 0 0 0 0 0 0 0 0 0 0 0 0 0 0 0 0 0 0 0 0 0 0 0 0 0 0 0 0 0 0 0 0 0 0 0 0 0 0 0 0 0 0 0 0 0 0 0 0 0 0 0 0 0 0 0 0 0 0 0 0 0 0 0 0 0 0 0 0 0 0 0 0 0 0 0 0 0 0 0 0 0 0 0 0 0 0 0 0 0 0 0 0 0 0 0 
0 0 0 0 0 0 0 0 0 0 0 0 0 0 0 0 0 0 0 0 0 0 0 0 0 0 0 0 0 0 0 0 0 0 0 0 0 0 0 0 0 0 0 0 0 0 0 0 0 0 0 0 0 0 0 0 0 0 0 0 0 0 0 0 0 0 0 0 0 0 0 0 0 0 0 0 0 0 0 0 0 0 0 0 0 0 0 0 0 0 0 0 0 0 0 0 0 0 0 0 
0 0 0 0 0 0 0 0 0 0 0 0 0 0 0 0 0 0 0 0 0 0 0 0 0 0 0 0 0 0 0 0 0 0 0 0 0 0 0 0 0 0 0 0 0 0 0 0 0 0 0 0 0 0 0 0 0 0 0 0 0 0 0 0 0 0 0 0 0 0 0 0 0 0 0 0 0 0 0 0 0 0 0 0 0 0 0 0 0 0 0 0 0 0 0 0 0 0 0 0 
0 0 0 0 0 0 0 0 0 0 0 0 0 0 0 0 0 0 0 0 0 0 0 0 0 0 0 0 0 0 0 0 0 0 0 0 0 0 0 0 0 0 0 0 0 0 0 0 0 0 0 0 0 0 0 0 0 0 0 0 0 0 0 0 0 0 0 0 0 0 0 0 0 0 0 0 0 0 0 0 0 0 0 0 0 0 0 0 0 0 0 0 0 0 0 0 0 0 0 0 
0 0 0 0 0 0 0 0 0 0 0 0 0 0 0 0 0 0 0 0 0 0 0 0 0 0 0 0 0 0 0 0 0 0 0 0 0 0 0 0 0 0 0 0 0 0 0 0 0 0 0 0 0 0 0 0 0 0 0 0 0 0 0 0 0 0 0 0 0 0 0 0 0 0 0 0 0 0 0 0 0 0 0 0 0 0 0 0 0 0 0 0 0 0 0 0 0 0 0 0 
0 0 0 0 0 0 0 0 0 0 0 0 0 0 0 0 0 0 0 0 0 0 0 0 0 0 0 0 0 0 0 0 0 0 0 0 0 0 0 0 0 0 0 0 0 0 0 0 0 0 0 0 0 0 0 0 0 0 0 0 0 0 0 0 0 0 0 0 0 0 0 0 0 0 0 0 0 0 0 0 0 0 0 0 0 0 0 0 0 0 0 0 0 0 0 0 0 0 0 0 
0 0 0 0 0 0 0 0 0 0 0 0 0 0 0 0 0 0 0 0 0 0 0 0 0 0 0 0 0 0 0 0 0 0 0 0 0 0 0 0 0 0 0 0 0 0 0 0 0 0 0 0 0 0 0 0 0 0 0 0 0 0 0 0 0 0 0 0 0 0 0 0 0 0 0 0 0 0 0 0 0 0 0 0 0 0 0 0 0 0 0 0 0 0 0 0 0 0 0 0 
0 0 0 0 0 0 0 0 0 0 0 0 0 0 0 0 0 0 0 0 0 0 0 0 0 0 0 0 0 0 0 0 0 0 0 0 0 0 0 0 0 0 0 0 0 0 0 0 0 0 0 0 0 0 0 0 0 0 0 0 0 0 0 0 0 0 0 0 0 0 0 0 0 0 0 0 0 0 0 0 0 0 0 0 0 0 0 0 0 0 0 0 0 0 0 0 0 0 0 0 
0 0 0 0 0 0 0 0 0 0 0 0 0 0 0 0 0 0 0 0 0 0 0 0 0 0 0 0 0 0 0 0 0 0 0 0 0 0 0 0 0 0 0 0 0 0 0 0 0 0 0 0 0 0 0 0 0 0 0 0 0 0 0 0 0 0 0 0 0 0 0 0 0 0 0 0 0 0 0 0 0 0 0 0 0 0 0 0 0 0 0 0 0 0 0 0 0 0 0 0 
0 0 0 0 0 0 0 0 0 0 0 0 0 0 0 0 0 0 0 0 0 0 0 0 0 0 0 0 0 0 0 0 0 0 0 0 0 0 0 0 0 0 0 0 0 0 0 0 0 0 0 0 0 0 0 0 0 0 0 0 0 0 0 0 0 0 0 0 0 0 0 0 0 0 0 0 0 0 0 0 0 0 0 0 0 0 0 0 0 0 0 0 0 0 0 0 0 0 0 0 
0 0 0 0 0 0 0 0 0 0 0 0 0 0 0 0 0 0 0 0 0 0 0 0 0 0 0 0 0 0 0 0 0 0 0 0 0 0 0 0 0 0 0 0 0 0 0 0 0 0 0 0 0 0 0 0 0 0 0 0 0 0 0 0 0 0 0 0 0 0 0 0 0 0 0 0 0 0 0 0 0 0 0 0 0 0 0 0 0 0 0 0 0 0 0 0 0 0 0 0 
0 0 0 0 0 0 0 0 0 0 0 0 0 0 0 0 0 0 0 0 0 0 0 0 0 0 0 0 0 0 0 0 0 0 0 0 0 0 0 0 0 0 0 0 0 0 0 0 0 0 0 0 0 0 0 0 0 0 0 0 0 0 0 0 0 0 0 0 0 0 0 0 0 0 0 0 0 0 0 0 0 0 0 0 0 0 0 0 0 0 0 0 0 0 0 0 0 0 0 0 
0 0 0 0 0 0 0 0 0 0 0 0 0 0 0 0 0 0 0 0 0 0 0 0 0 0 0 0 0 0 0 0 0 0 0 0 0 0 0 0 0 0 0 0 0 0 0 0 0 0 0 0 0 0 0 0 0 0 0 0 0 0 0 0 0 0 0 0 0 0 0 0 0 0 0 0 0 0 0 0 0 0 0 0 0 0 0 0 0 0 0 0 0 0 0 0 0 0 0 0 
0 0 0 0 0 0 0 0 0 0 0 0 0 0 0 0 0 0 0 0 0 0 0 0 0 0 0 0 0 0 0 0 0 0 0 0 0 0 0 0 0 0 0 0 0 0 0 0 0 0 0 0 0 0 0 0 0 0 0 0 0 0 0 0 0 0 0 0 0 0 0 0 0 0 0 0 0 0 0 0 0 0 0 0 0 0 0 0 0 0 0 0 0 0 0 0 0 0 0 0 
0 0 0 0 0 0 0 0 0 0 0 0 0 0 0 0 0 0 0 0 0 0 0 0 0 0 0 0 0 0 0 0 0 0 0 0 0 0 0 0 0 0 0 0 0 0 0 0 0 0 0 0 0 0 0 0 0 0 0 0 0 0 0 0 0 0 0 0 0 0 0 0 0 0 0 0 0 0 0 0 0 0 0 0 0 0 0 0 0 0 0 0 0 0 0 0 0 0 0 0 
0 0 0 0 0 0 0 0 0 0 0 0 0 0 0 0 0 0 0 0 0 0 0 0 0 0 0 0 0 0 0 0 0 0 0 0 0 0 0 0 0 0 0 0 0 0 0 0 0 0 0 0 0 0 0 0 0 0 0 0 0 0 0 0 0 0 0 0 0 0 0 0 0 0 0 0 0 0 0 0 0 0 0 0 0 0 0 0 0 0 0 0 0 0 0 0 0 0 0 0 
0 0 0 0 0 0 0 0 0 0 0 0 0 0 0 0 0 0 0 0 0 0 0 0 0 0 0 0 0 0 0 0 0 0 0 0 0 0 0 0 0 0 0 0 0 0 0 0 0 0 0 0 0 0 0 0 0 0 0 0 0 0 0 0 0 0 0 0 0 0 0 0 0 0 0 0 0 0 0 0 0 0 0 0 0 0 0 0 0 0 0 0 0 0 0 0 0 0 0 0 
0 0 0 0 0 0 0 0 0 0 0 0 0 0 0 0 0 0 0 0 0 0 0 0 0 0 0 0 0 0 0 0 0 0 0 0 0 0 0 0 0 0 0 0 0 0 0 0 0 0 0 0 0 0 0 0 0 0 0 0 0 0 0 0 0 0 0 0 0 0 0 0 0 0 0 0 0 0 0 0 0 0 0 0 0 0 0 0 0 0 0 0 0 0 0 0 0 0 0 0 
0 0 0 0 0 0 0 0 0 0 0 0 0 0 0 0 0 0 0 0 0 0 0 0 0 0 0 0 0 0 0 0 0 0 0 0 0 0 0 0 0 0 0 0 0 0 0 0 0 0 0 0 0 0 0 0 0 0 0 0 0 0 0 0 0 0 0 0 0 0 0 0 0 0 0 0 0 0 0 0 0 0 0 0 0 0 0 0 0 0 0 0 0 0 0 0 0 0 0 0 
0 0 0 0 0 0 0 0 0 0 0 0 0 0 0 0 0 0 0 0 0 0 0 0 0 0 0 0 0 0 0 0 0 0 0 0 0 0 0 0 0 0 0 0 0 0 0 0 0 0 0 0 0 0 0 0 0 0 0 0 0 0 0 0 0 0 0 0 0 0 0 0 0 0 0 0 0 0 0 0 0 0 0 0 0 0 0 0 0 0 0 0 0 0 0 0 0 0 0 0 
0 0 0 0 0 0 0 0 0 0 0 0 0 0 0 0 0 0 0 0 0 0 0 0 0 0 0 0 0 0 0 0 0 0 0 0 0 0 0 0 0 0 0 0 0 0 0 0 0 0 0 0 0 0 0 0 0 0 0 0 0 0 0 0 0 0 0 0 0 0 0 0 0 0 0 0 0 0 0 0 0 0 0 0 0 0 0 0 0 0 0 0 0 0 0 0 0 0 0 0 
0 0 0 0 0 0 0 0 0 0 0 0 0 0 0 0 0 0 0 0 0 0 0 0 0 0 0 0 0 0 0 0 0 0 0 0 0 0 0 0 0 0 0 0 0 0 0 0 0 0 0 0 0 0 0 0 0 0 0 0 0 0 0 0 0 0 0 0 0 0 0 0 0 0 0 0 0 0 0 0 0 0 0 0 0 0 0 0 0 0 0 0 0 0 0 0 0 0 0 0 
0 0 0 0 0 0 0 0 0 0 0 0 0 0 0 0 0 0 0 0 0 0 0 0 0 0 0 0 0 0 0 0 0 0 0 0 0 0 0 0 0 0 0 0 0 0 0 0 0 0 0 0 0 0 0 0 0 0 0 0 0 0 0 0 0 0 0 0 0 0 0 0 0 0 0 0 0 0 0 0 0 0 0 0 0 0 0 0 0 0 0 0 0 0 0 0 0 0 0 0 
0 0 0 0 0 0 0 0 0 0 0 0 0 0 0 0 0 0 0 0 0 0 0 0 0 0 0 0 0 0 0 0 0 0 0 0 0 0 0 0 0 0 0 0 0 0 0 0 0 0 0 0 0 0 0 0 0 0 0 0 0 0 0 0 0 0 0 0 0 0 0 0 0 0 0 0 0 0 0 0 0 0 0 0 0 0 0 0 0 0 0 0 0 0 0 0 0 0 0 0 
0 0 0 0 0 0 0 0 0 0 0 0 0 0 0 0 0 0 0 0 0 0 0 0 0 0 0 0 0 0 0 0 0 0 0 0 0 0 0 0 0 0 0 0 0 0 0 0 0 0 0 0 0 0 0 0 0 0 0 0 0 0 0 0 0 0 0 0 0 0 0 0 0 0 0 0 0 0 0 0 0 0 0 0 0 0 0 0 0 0 0 0 0 0 0 0 0 0 0 0 
0 0 0 0 0 0 0 0 0 0 0 0 0 0 0 0 0 0 0 0 0 0 0 0 0 0 0 0 0 0 0 0 0 0 0 0 0 0 0 0 0 0 0 0 0 0 0 0 0 0 0 0 0 0 0 0 0 0 0 0 0 0 0 0 0 0 0 0 0 0 0 0 0 0 0 0 0 0 0 0 0 0 0 0 0 0 0 0 0 0 0 0 0 0 0 0 0 0 0 0 
0 0 0 0 0 0 0 0 0 0 0 0 0 0 0 0 0 0 0 0 0 0 0 0 0 0 0 0 0 0 0 0 0 0 0 0 0 0 0 0 0 0 0 0 0 0 0 0 0 0 0 0 0 0 0 0 0 0 0 0 0 0 0 0 0 0 0 0 0 0 0 0 0 0 0 0 0 0 0 0 0 0 0 0 0 0 0 0 0 0 0 0 0 0 0 0 0 0 0 0 
0 0 0 0 0 0 0 0 0 0 0 0 0 0 0 0 0 0 0 0 0 0 0 0 0 0 0 0 0 0 0 0 0 0 0 0 0 0 0 0 0 0 0 0 0 0 0 0 0 0 0 0 0 0 0 0 0 0 0 0 0 0 0 0 0 0 0 0 0 0 0 0 0 0 0 0 0 0 0 0 0 0 0 0 0 0 0 0 0 0 0 0 0 0 0 0 0 0 0 0 
0 0 0 0 0 0 0 0 0 0 0 0 0 0 0 0 0 0 0 0 0 0 0 0 0 0 0 0 0 0 0 0 0 0 0 0 0 0 0 0 0 0 0 0 0 0 0 0 0 0 0 0 0 0 0 0 0 0 0 0 0 0 0 0 0 0 0 0 0 0 0 0 0 0 0 0 0 0 0 0 0 0 0 0 0 0 0 0 0 0 0 0 0 0 0 0 0 0 0 0 
0 0 0 0 0 0 0 0 0 0 0 0 0 0 0 0 0 0 0 0 0 0 0 0 0 0 0 0 0 0 0 0 0 0 0 0 0 0 0 0 0 0 0 0 0 0 0 0 0 0 0 0 0 0 0 0 0 0 0 0 0 0 0 0 0 0 0 0 0 0 0 0 0 0 0 0 0 0 0 0 0 0 0 0 0 0 0 0 0 0 0 0 0 0 0 0 0 0 0 0 
0 0 0 0 0 0 0 0 0 0 0 0 0 0 0 0 0 0 0 0 0 0 0 0 0 0 0 0 0 0 0 0 0 0 0 0 0 0 0 0 0 0 0 0 0 0 0 0 0 0 0 0 0 0 0 0 0 0 0 0 0 0 0 0 0 0 0 0 0 0 0 0 0 0 0 0 0 0 0 0 0 0 0 0 0 0 0 0 0 0 0 0 0 0 0 0 0 0 0 0 
0 0 0 0 0 0 0 0 0 0 0 0 0 0 0 0 0 0 0 0 0 0 0 0 0 0 0 0 0 0 0 0 0 0 0 0 0 0 0 0 0 0 0 0 0 0 0 0 0 0 0 0 0 0 0 0 0 0 0 0 0 0 0 0 0 0 0 0 0 0 0 0 0 0 0 0 0 0 0 0 0 0 0 0 0 0 0 0 0 0 0 0 0 0 0 0 0 0 0 0 
0 0 0 0 0 0 0 0 0 0 0 0 0 0 0 0 0 0 0 0 0 0 0 0 0 0 0 0 0 0 0 0 0 0 0 0 0 0 0 0 0 0 0 0 0 0 0 0 0 0 0 0 0 0 0 0 0 0 0 0 0 0 0 0 0 0 0 0 0 0 0 0 0 0 0 0 0 0 0 0 0 0 0 0 0 0 0 0 0 0 0 0 0 0 0 0 0 0 0 0 
0 0 0 0 0 0 0 0 0 0 0 0 0 0 0 0 0 0 0 0 0 0 0 0 0 0 0 0 0 0 0 0 0 0 0 0 0 0 0 0 0 0 0 0 0 0 0 0 0 0 0 0 0 0 0 0 0 0 0 0 0 0 0 0 0 0 0 0 0 0 0 0 0 0 0 0 0 0 0 0 0 0 0 0 0 0 0 0 0 0 0 0 0 0 0 0 0 0 0 0 
0 0 0 0 0 0 0 0 0 0 0 0 0 0 0 0 0 0 0 0 0 0 0 0 0 0 0 0 0 0 0 0 0 0 0 0 0 0 0 0 0 0 0 0 0 0 0 0 0 0 0 0 0 0 0 0 0 0 0 0 0 0 0 0 0 0 0 0 0 0 0 0 0 0 0 0 0 0 0 0 0 0 0 0 0 0 0 0 0 0 0 0 0 0 0 0 0 0 0 0 
0 0 0 0 0 0 0 0 0 0 0 0 0 0 0 0 0 0 0 0 0 0 0 0 0 0 0 0 0 0 0 0 0 0 0 0 0 0 0 0 0 0 0 0 0 0 0 0 0 0 0 0 0 0 0 0 0 0 0 0 0 0 0 0 0 0 0 0 0 0 0 0 0 0 0 0 0 0 0 0 0 0 0 0 0 0 0 0 0 0 0 0 0 0 0 0 0 0 0 0 
0 0 0 0 0 0 0 0 0 0 0 0 0 0 0 0 0 0 0 0 0 0 0 0 0 0 0 0 0 0 0 0 0 0 0 0 0 0 0 0 0 0 0 0 0 0 0 0 0 0 0 0 0 0 0 0 0 0 0 0 0 0 0 0 0 0 0 0 0 0 0 0 0 0 0 0 0 0 0 0 0 0 0 0 0 0 0 0 0 0 0 0 0 0 0 0 0 0 0 0 
0 0 0 0 0 0 0 0 0 0 0 0 0 0 0 0 0 0 0 0 0 0 0 0 0 0 0 0 0 0 0 0 0 0 0 0 0 0 0 0 0 0 0 0 0 0 0 0 0 0 0 0 0 0 0 0 0 0 0 0 0 0 0 0 0 0 0 0 0 0 0 0 0 0 0 0 0 0 0 0 0 0 0 0 0 0 0 0 0 0 0 0 0 0 0 0 0 0 0 0 
0 0 0 0 0 0 0 0 0 0 0 0 0 0 0 0 0 0 0 0 0 0 0 0 0 0 0 0 0 0 0 0 0 0 0 0 0 0 0 0 0 0 0 0 0 0 0 0 0 0 0 0 0 0 0 0 0 0 0 0 0 0 0 0 0 0 0 0 0 0 0 0 0 0 0 0 0 0 0 0 0 0 0 0 0 0 0 0 0 0 0 0 0 0 0 0 0 0 0 0 
0 0 0 0 0 0 0 0 0 0 0 0 0 0 0 0 0 0 0 0 0 0 0 0 0 0 0 0 0 0 0 0 0 0 0 0 0 0 0 0 0 0 0 0 0 0 0 0 0 0 0 0 0 0 0 0 0 0 0 0 0 0 0 0 0 0 0 0 0 0 0 0 0 0 0 0 0 0 0 0 0 0 0 0 0 0 0 0 0 0 0 0 0 0 0 0 0 0 0 0 
0 0 0 0 0 0 0 0 0 0 0 0 0 0 0 0 0 0 0 0 0 0 0 0 0 0 0 0 0 0 0 0 0 0 0 0 0 0 0 0 0 0 0 0 0 0 0 0 0 0 0 0 0 0 0 0 0 0 0 0 0 0 0 0 0 0 0 0 0 0 0 0 0 0 0 0 0 0 0 0 0 0 0 0 0 0 0 0 0 0 0 0 0 0 0 0 0 0 0 0 
0 0 0 0 0 0 0 0 0 0 0 0 0 0 0 0 0 0 0 0 0 0 0 0 0 0 0 0 0 0 0 0 0 0 0 0 0 0 0 0 0 0 0 0 0 0 0 0 0 0 0 0 0 0 0 0 0 0 0 0 0 0 0 0 0 0 0 0 0 0 0 0 0 0 0 0 0 0 0 0 0 0 0 0 0 0 0 0 0 0 0 0 0 0 0 0 0 0 0 0 
0 0 0 0 0 0 0 0 0 0 0 0 0 0 0 0 0 0 0 0 0 0 0 0 0 0 0 0 0 0 0 0 0 0 0 0 0 0 0 0 0 0 0 0 0 0 0 0 0 0 0 0 0 0 0 0 0 0 0 0 0 0 0 0 0 0 0 0 0 0 0 0 0 0 0 0 0 0 0 0 0 0 0 0 0 0 0 0 0 0 0 0 0 0 0 0 0 0 0 0 
0 0 0 0 0 0 0 0 0 0 0 0 0 0 0 0 0 0 0 0 0 0 0 0 0 0 0 0 0 0 0 0 0 0 0 0 0 0 0 0 0 0 0 0 0 0 0 0 0 0 0 0 0 0 0 0 0 0 0 0 0 0 0 0 0 0 0 0 0 0 0 0 0 0 0 0 0 0 0 0 0 0 0 0 0 0 0 0 0 0 0 0 0 0 0 0 0 0 0 0 
0 0 0 0 0 0 0 0 0 0 0 0 0 0 0 0 0 0 0 0 0 0 0 0 0 0 0 0 0 0 0 0 0 0 0 0 0 0 0 0 0 0 0 0 0 0 0 0 0 0 0 0 0 0 0 0 0 0 0 0 0 0 0 0 0 0 0 0 0 0 0 0 0 0 0 0 0 0 0 0 0 0 0 0 0 0 0 0 0 0 0 0 0 0 0 0 0 0 0 0 
0 0 0 0 0 0 0 0 0 0 0 0 0 0 0 0 0 0 0 0 0 0 0 0 0 0 0 0 0 0 0 0 0 0 0 0 0 0 0 0 0 0 0 0 0 0 0 0 0 0 0 0 0 0 0 0 0 0 0 0 0 0 0 0 0 0 0 0 0 0 0 0 0 0 0 0 0 0 0 0 0 0 0 0 0 0 0 0 0 0 0 0 0 0 0 0 0 0 0 0 
0 0 0 0 0 0 0 0 0 0 0 0 0 0 0 0 0 0 0 0 0 0 0 0 0 0 0 0 0 0 0 0 0 0 0 0 0 0 0 0 0 0 0 0 0 0 0 0 0 0 0 0 0 0 0 0 0 0 0 0 0 0 0 0 0 0 0 0 0 0 0 0 0 0 0 0 0 0 0 0 0 0 0 0 0 0 0 0 0 0 0 0 0 0 0 0 0 0 0 0 
0 0 0 0 0 0 0 0 0 0 0 0 0 0 0 0 0 0 0 0 0 0 0 0 0 0 0 0 0 0 0 0 0 0 0 0 0 0 0 0 0 0 0 0 0 0 0 0 0 0 0 0 0 0 0 0 0 0 0 0 0 0 0 0 0 0 0 0 0 0 0 0 0 0 0 0 0 0 0 0 0 0 0 0 0 0 0 0 0 0 0 0 0 0 0 0 0 0 0 0 
0 0 0 0 0 0 0 0 0 0 0 0 0 0 0 0 0 0 0 0 0 0 0 0 0 0 0 0 0 0 0 0 0 0 0 0 0 0 0 0 0 0 0 0 0 0 0 0 0 0 0 0 0 0 0 0 0 0 0 0 0 0 0 0 0 0 0 0 0 0 0 0 0 0 0 0 0 0 0 0 0 0 0 0 0 0 0 0 0 0 0 0 0 0 0 0 0 0 0 0 
0 0 0 0 0 0 0 0 0 0 0 0 0 0 0 0 0 0 0 0 0 0 0 0 0 0 0 0 0 0 0 0 0 0 0 0 0 0 0 0 0 0 0 0 0 0 0 0 0 0 0 0 0 0 0 0 0 0 0 0 0 0 0 0 0 0 0 0 0 0 0 0 0 0 0 0 0 0 0 0 0 0 0 0 0 0 0 0 0 0 0 0 0 0 0 0 0 0 0 0 
0 0 0 0 0 0 0 0 0 0 0 0 0 0 0 0 0 0 0 0 0 0 0 0 0 0 0 0 0 0 0 0 0 0 0 0 0 0 0 0 0 0 0 0 0 0 0 0 0 0 0 0 0 0 0 0 0 0 0 0 0 0 0 0 0 0 0 0 0 0 0 0 0 0 0 0 0 0 0 0 0 0 0 0 0 0 0 0 0 0 0 0 0 0 0 0 0 0 0 0 
0 0 0 0 0 0 0 0 0 0 0 0 0 0 0 0 0 0 0 0 0 0 0 0 0 0 0 0 0 0 0 0 0 0 0 0 0 0 0 0 0 0 0 0 0 0 0 0 0 0 0 0 0 0 0 0 0 0 0 0 0 0 0 0 0 0 0 0 0 0 0 0 0 0 0 0 0 0 0 0 0 0 0 0 0 0 0 0 0 0 0 0 0 0 0 0 0 0 0 0 
0 0 0 0 0 0 0 0 0 0 0 0 0 0 0 0 0 0 0 0 0 0 0 0 0 0 0 0 0 0 0 0 0 0 0 0 0 0 0 0 0 0 0 0 0 0 0 0 0 0 0 0 0 0 0 0 0 0 0 0 0 0 0 0 0 0 0 0 0 0 0 0 0 0 0 0 0 0 0 0 0 0 0 0 0 0 0 0 0 0 0 0 0 0 0 0 0 0 0 0 
0 0 0 0 0 0 0 0 0 0 0 0 0 0 0 0 0 0 0 0 0 0 0 0 0 0 0 0 0 0 0 0 0 0 0 0 0 0 0 0 0 0 0 0 0 0 0 0 0 0 0 0 0 0 0 0 0 0 0 0 0 0 0 0 0 0 0 0 0 0 0 0 0 0 0 0 0 0 0 0 0 0 0 0 0 0 0 0 0 0 0 0 0 0 0 0 0 0 0 0 
0 0 0 0 0 0 0 0 0 0 0 0 0 0 0 0 0 0 0 0 0 0 0 0 0 0 0 0 0 0 0 0 0 0 0 0 0 0 0 0 0 0 0 0 0 0 0 0 0 0 0 0 0 0 0 0 0 0 0 0 0 0 0 0 0 0 0 0 0 0 0 0 0 0 0 0 0 0 0 0 0 0 0 0 0 0 0 0 0 0 0 0 0 0 0 0 0 0 0 0 

0 0 0 0 0 0 0 0 0 0 0 0 0 0 0 0 0 0 0 0 0 0 0 0 0 0 0 0 0 0 0 0 0 0 0 0 0 0 0 0 0 0 0 0 0 0 0 0 0 0 0 0 0 0 0 0 0 0 0 0 0 0 0 0 0 0 0 0 0 0 0 0 0 0 0 0 0 0 0 0 0 0 0 0 0 0 0 0 0 0 0 0 0 0 0 0 0 0 0 0 
0 0 0 0 0 0 0 0 0 0 0 0 0 0 0 0 0 0 0 0 0 0 0 0 0 0 0 0 0 0 0 0 0 0 0 0 0 0 0 0 0 0 0 0 0 0 0 0 0 0 0 0 0 0 0 0 0 0 0 0 0 0 0 0 0 0 0 0 0 0 0 0 0 0 0 0 0 0 0 0 0 0 0 0 0 0 0 0 0 0 0 0 0 0 0 0 0 0 0 0 
0 0 0 0 0 0 0 0 0 0 0 0 0 0 0 0 0 0 0 0 0 0 0 0 0 0 0 0 0 0 0 0 0 0 0 0 0 0 0 0 0 0 0 0 0 0 0 0 0 0 0 0 0 0 0 0 0 0 0 0 0 0 0 0 0 0 0 0 0 0 0 0 0 0 0 0 0 0 0 0 0 0 0 0 0 0 0 0 0 0 0 0 0 0 0 0 0 0 0 0 
0 0 0 0 0 0 0 0 0 0 0 0 0 0 0 0 0 0 0 0 0 0 0 0 0 0 0 0 0 0 0 0 0 0 0 0 0 0 0 0 0 0 0 0 0 0 0 0 0 0 0 0 0 0 0 0 0 0 0 0 0 0 0 0 0 0 0 0 0 0 0 0 0 0 0 0 0 0 0 0 0 0 0 0 0 0 0 0 0 0 0 0 0 0 0 0 0 0 0 0 
0 0 0 0 0 0 0 0 0 0 0 0 0 0 0 0 0 0 0 0 0 0 0 0 0 0 0 0 0 0 0 0 0 0 0 0 0 0 0 0 0 0 0 0 0 0 0 0 0 0 0 0 0 0 0 0 0 0 0 0 0 0 0 0 0 0 0 0 0 0 0 0 0 0 0 0 0 0 0 0 0 0 0 0 0 0 0 0 0 0 0 0 0 0 0 0 0 0 0 0 
0 0 0 0 0 0 0 0 0 0 0 0 0 0 0 0 0 0 0 0 0 0 0 0 0 0 0 0 0 0 0 0 0 0 0 0 0 0 0 0 0 0 0 0 0 0 0 0 0 0 0 0 0 0 0 0 0 0 0 0 0 0 0 0 0 0 0 0 0 0 0 0 0 0 0 0 0 0 0 0 0 0 0 0 0 0 0 0 0 0 0 0 0 0 0 0 0 0 0 0 
0 0 0 0 0 0 0 0 0 0 0 0 0 0 0 0 0 0 0 0 0 0 0 0 0 0 0 0 0 0 0 0 0 0 0 0 0 0 0 0 0 0 0 0 0 0 0 0 0 0 0 0 0 0 0 0 0 0 0 0 0 0 0 0 0 0 0 0 0 0 0 0 0 0 0 0 0 0 0 0 0 0 0 0 0 0 0 0 0 0 0 0 0 0 0 0 0 0 0 0 
0 0 0 0 0 0 0 0 0 0 0 0 0 0 0 0 0 0 0 0 0 0 0 0 0 0 0 0 0 0 0 0 0 0 0 0 0 0 0 0 0 0 0 0 0 0 0 0 0 0 0 0 0 0 0 0 0 0 0 0 0 0 0 0 0 0 0 0 0 0 0 0 0 0 0 0 0 0 0 0 0 0 0 0 0 0 0 0 0 0 0 0 0 0 0 0 0 0 0 0 
0 0 0 0 0 0 0 0 0 0 0 0 0 0 0 0 0 0 0 0 0 0 0 0 0 0 0 0 0 0 0 0 0 0 0 0 0 0 0 0 0 0 0 0 0 0 0 0 0 0 0 0 0 0 0 0 0 0 0 0 0 0 0 0 0 0 0 0 0 0 0 0 0 0 0 0 0 0 0 0 0 0 0 0 0 0 0 0 0 0 0 0 0 0 0 0 0 0 0 0 
0 0 0 0 0 0 0 0 0 0 0 0 0 0 0 0 0 0 0 0 0 0 0 0 0 0 0 0 0 0 0 0 0 0 0 0 0 0 0 0 0 0 0 0 0 0 0 0 0 0 0 0 0 0 0 0 0 0 0 0 0 0 0 0 0 0 0 0 0 0 0 0 0 0 0 0 0 0 0 0 0 0 0 0 0 0 0 0 0 0 0 0 0 0 0 0 0 0 0 0 
0 0 0 0 0 0 0 0 0 0 0 0 0 0 0 0 0 0 0 0 0 0 0 0 0 0 0 0 0 0 0 0 0 0 0 0 0 0 0 0 0 0 0 0 0 0 0 0 0 0 0 0 0 0 0 0 0 0 0 0 0 0 0 0 0 0 0 0 0 0 0 0 0 0 0 0 0 0 0 0 0 0 0 0 0 0 0 0 0 0 0 0 0 0 0 0 0 0 0 0 
0 0 0 0 0 0 0 0 0 0 0 0 0 0 0 0 0 0 0 0 0 0 0 0 0 0 0 0 0 0 0 0 0 0 0 0 0 0 0 0 0 0 0 0 0 0 0 0 0 0 0 0 0 0 0 0 0 0 0 0 0 0 0 0 0 0 0 0 0 0 0 0 0 0 0 0 0 0 0 0 0 0 0 0 0 0 0 0 0 0 0 0 0 0 0 0 0 0 0 0 
0 0 0 0 0 0 0 0 0 0 0 0 0 0 0 0 0 0 0 0 0 0 0 0 0 0 0 0 0 0 0 0 0 0 0 0 0 0 0 0 0 0 0 0 0 0 0 0 0 0 0 0 0 0 0 0 0 0 0 0 0 0 0 0 0 0 0 0 0 0 0 0 0 0 0 0 0 0 0 0 0 0 0 0 0 0 0 0 0 0 0 0 0 0 0 0 0 0 0 0 
0 0 0 0 0 0 0 0 0 0 0 0 0 0 0 0 0 0 0 0 0 0 0 0 0 0 0 0 0 0 0 0 0 0 0 0 0 0 0 0 0 0 0 0 0 0 0 0 0 0 0 0 0 0 0 0 0 0 0 0 0 0 0 0 0 0 0 0 0 0 0 0 0 0 0 0 0 0 0 0 0 0 0 0 0 0 0 0 0 0 0 0 0 0 0 0 0 0 0 0 
0 0 0 0 0 0 0 0 0 0 0 0 0 0 0 0 0 0 0 0 0 0 0 0 0 0 0 0 0 0 0 0 0 0 0 0 0 0 0 0 0 0 0 0 0 0 0 0 0 0 0 0 0 0 0 0 0 0 0 0 0 0 0 0 0 0 0 0 0 0 0 0 0 0 0 0 0 0 0 0 0 0 0 0 0 0 0 0 0 0 0 0 0 0 0 0 0 0 0 0 
0 0 0 0 0 0 0 0 0 0 0 0 0 0 0 0 0 0 0 0 0 0 0 0 0 0 0 0 0 0 0 0 0 0 0 0 0 0 0 0 0 0 0 0 0 0 0 0 0 0 0 0 0 0 0 0 0 0 0 0 0 0 0 0 0 0 0 0 0 0 0 0 0 0 0 0 0 0 0 0 0 0 0 0 0 0 0 0 0 0 0 0 0 0 0 0 0 0 0 0 
0 0 0 0 0 0 0 0 0 0 0 0 0 0 0 0 0 0 0 0 0 0 0 0 0 0 0 0 0 0 0 0 0 0 0 0 0 0 0 0 0 0 0 0 0 0 0 0 0 0 0 0 0 0 0 0 0 0 0 0 0 0 0 0 0 0 0 0 0 0 0 0 0 0 0 0 0 0 0 0 0 0 0 0 0 0 0 0 0 0 0 0 0 0 0 0 0 0 0 0 
14 2 3400 3401 0 0 14 2 3402 3403 0 0 14 2 3404 3405 0 0 14 2 3406 3407 0 0 14 2 3408 3409 0 0 14 2 3410 3411 0 0 14 2 3412 3413 0 0 14 2 3414 3415 0 0 14 2 3416 3417 0 0 14 2 3418 3419 0 0 14 2 3420 3421 0 0 14 2 3422 3423 0 0 14 2 3424 3425 0 0 14 2 3426 3427 0 0 14 2 3428 3429 0 0 14 2 3430 3431 0 0 14 2 3432 3433 0 0 14 2 3434 3435 0 0 14 2 3436 3437 0 0 14 2 3438 3439 0 0 14 2 3440 3441 0 0 14 2 3442 3443 0 0 14 2 3444 3445 0 0 14 2 3446 3447 0 0 14 2 3448 3449 0 0 14 2 3450 3451 0 0 14 2 3452 3453 0 0 14 2 3454 3455 0 0 14 2 3456 3457 0 0 14 2 3458 3459 0 0 14 2 3460 3461 0 0 14 2 3462 3463 0 0 14 2 3464 3465 0 0 14 2 3466 3467 0 0 14 2 3468 3469 0 0 14 2 3470 3471 0 0 14 2 3472 3473 0 0 14 2 3474 3475 0 0 14 2 3476 3477 0 0 14 2 3478 3479 0 0 14 2 3480 3481 0 0 14 2 3482 3483 0 0 14 2 3484 3485 0 0 14 2 3486 3487 0 0 14 2 3488 3489 0 0 14 2 3490 3491 0 0 14 2 3492 3493 0 0 14 2 3494 3495 0 0 14 2 3496 3497 0 0 14 2 3498 3499 0 0 14 2 3500 3501 0 0 14 2 3502 3503 0 0 14 2 3504 3505 0 0 14 2 3506 3507 0 0 14 2 3508 3509 0 0 14 2 3510 3511 0 0 14 2 3512 3513 0 0 14 2 3514 3515 0 0 14 2 3516 3517 0 0 14 2 3518 3519 0 0 14 2 3520 3521 0 0 14 2 3522 3523 0 0 14 2 3524 3525 0 0 14 2 3526 3527 0 0 14 2 3528 3529 0 0 14 2 3530 3531 0 0 14 2 3532 3533 0 0 14 2 3534 3535 0 0 14 2 3536 3537 0 0 14 2 3538 3539 0 0 14 2 3540 3541 0 0 14 2 3542 3543 0 0 14 2 3544 3545 0 0 14 2 3546 3547 0 0 14 2 3548 3549 0 0 14 2 3550 3551 0 0 14 2 3552 3553 0 0 14 2 3554 3555 0 0 14 2 3556 3557 0 0 14 2 3558 3559 0 0 14 2 3560 3561 0 0 14 2 3562 3563 0 0 14 2 3564 3565 0 0 14 2 3566 3567 0 0 14 2 3568 3569 0 0 14 2 3570 3571 0 0 14 2 3572 3573 0 0 14 2 3574 3575 0 0 14 2 3576 3577 0 0 14 2 3578 3579 0 0 14 2 3580 3581 0 0 14 2 3582 3583 0 0 14 2 3584 3585 0 0 14 2 3586 3587 0 0 14 2 3588 3589 0 0 14 2 3590 3591 0 0 14 2 3592 3593 0 0 14 2 3594 3595 0 0 14 2 3596 3597 0 0 14 2 3598 3599 0 0 
14 2 3600 3601 0 0 14 2 3602 3603 0 0 14 2 3604 3605 0 0 14 2 3606 3607 0 0 14 2 3608 3609 0 0 14 2 3610 3611 0 0 14 2 3612 3613 0 0 14 2 3614 3615 0 0 14 2 3616 3617 0 0 14 2 3618 3619 0 0 14 2 3620 3621 0 0 14 2 3622 3623 0 0 14 2 3624 3625 0 0 14 2 3626 3627 0 0 14 2 3628 3629 0 0 14 2 3630 3631 0 0 14 2 3632 3633 0 0 14 2 3634 3635 0 0 14 2 3636 3637 0 0 14 2 3638 3639 0 0 14 2 3640 3641 0 0 14 2 3642 3643 0 0 14 2 3644 3645 0 0 14 2 3646 3647 0 0 14 2 3648 3649 0 0 14 2 3650 3651 0 0 14 2 3652 3653 0 0 14 2 3654 3655 0 0 14 2 3656 3657 0 0 14 2 3658 3659 0 0 14 2 3660 3661 0 0 14 2 3662 3663 0 0 14 2 3664 3665 0 0 14 2 3666 3667 0 0 14 2 3668 3669 0 0 14 2 3670 3671 0 0 14 2 3672 3673 0 0 14 2 3674 3675 0 0 14 2 3676 3677 0 0 14 2 3678 3679 0 0 14 2 3680 3681 0 0 14 2 3682 3683 0 0 14 2 3684 3685 0 0 14 2 3686 3687 0 0 14 2 3688 3689 0 0 14 2 3690 3691 0 0 14 2 3692 3693 0 0 14 2 3694 3695 0 0 14 2 3696 3697 0 0 14 2 3698 3699 0 0 14 2 3700 3701 0 0 14 2 3702 3703 0 0 14 2 3704 3705 0 0 14 2 3706 3707 0 0 14 2 3708 3709 0 0 14 2 3710 3711 0 0 14 2 3712 3713 0 0 14 2 3714 3715 0 0 14 2 3716 3717 0 0 14 2 3718 3719 0 0 14 2 3720 3721 0 0 14 2 3722 3723 0 0 14 2 3724 3725 0 0 14 2 3726 3727 0 0 14 2 3728 3729 0 0 14 2 3730 3731 0 0 14 2 3732 3733 0 0 14 2 3734 3735 0 0 14 2 3736 3737 0 0 14 2 3738 3739 0 0 14 2 3740 3741 0 0 14 2 3742 3743 0 0 14 2 3744 3745 0 0 14 2 3746 3747 0 0 14 2 3748 3749 0 0 14 2 3750 3751 0 0 14 2 3752 3753 0 0 14 2 3754 3755 0 0 14 2 3756 3757 0 0 14 2 3758 3759 0 0 14 2 3760 3761 0 0 14 2 3762 3763 0 0 14 2 3764 3765 0 0 14 2 3766 3767 0 0 14 2 3768 3769 0 0 14 2 3770 3771 0 0 14 2 3772 3773 0 0 14 2 3774 3775 0 0 14 2 3776 3777 0 0 14 2 3778 3779 0 0 14 2 3780 3781 0 0 14 2 3782 3783 0 0 14 2 3784 3785 0 0 14 2 3786 3787 0 0 14 2 3788 3789 0 0 14 2 3790 3791 0 0 14 2 3792 3793 0 0 14 2 3794 3795 0 0 14 2 3796 3797 0 0 14 2 3798 3799 0 0 
14 2 3800 3801 0 0 14 2 3802 3803 0 0 14 2 3804 3805 0 0 14 2 3806 3807 0 0 14 2 3808 3809 0 0 14 2 3810 3811 0 0 14 2 3812 3813 0 0 14 2 3814 3815 0 0 14 2 3816 3817 0 0 14 2 3818 3819 0 0 14 2 3820 3821 0 0 14 2 3822 3823 0 0 14 2 3824 3825 0 0 14 2 3826 3827 0 0 14 2 3828 3829 0 0 14 2 3830 3831 0 0 14 2 3832 3833 0 0 14 2 3834 3835 0 0 14 2 3836 3837 0 0 14 2 3838 3839 0 0 14 2 3840 3841 0 0 14 2 3842 3843 0 0 14 2 3844 3845 0 0 14 2 3846 3847 0 0 14 2 3848 3849 0 0 14 2 3850 3851 0 0 14 2 3852 3853 0 0 14 2 3854 3855 0 0 14 2 3856 3857 0 0 14 2 3858 3859 0 0 14 2 3860 3861 0 0 14 2 3862 3863 0 0 14 2 3864 3865 0 0 14 2 3866 3867 0 0 14 2 3868 3869 0 0 14 2 3870 3871 0 0 14 2 3872 3873 0 0 14 2 3874 3875 0 0 14 2 3876 3877 0 0 14 2 3878 3879 0 0 14 2 3880 3881 0 0 14 2 3882 3883 0 0 14 2 3884 3885 0 0 14 2 3886 3887 0 0 14 2 3888 3889 0 0 14 2 3890 3891 0 0 14 2 3892 3893 0 0 14 2 3894 3895 0 0 14 2 3896 3897 0 0 14 2 3898 3899 0 0 14 2 3900 3901 0 0 14 2 3902 3903 0 0 14 2 3904 3905 0 0 14 2 3906 3907 0 0 14 2 3908 3909 0 0 14 2 3910 3911 0 0 14 2 3912 3913 0 0 14 2 3914 3915 0 0 14 2 3916 3917 0 0 14 2 3918 3919 0 0 14 2 3920 3921 0 0 14 2 3922 3923 0 0 14 2 3924 3925 0 0 14 2 3926 3927 0 0 14 2 3928 3929 0 0 14 2 3930 3931 0 0 14 2 3932 3933 0 0 14 2 3934 3935 0 0 14 2 3936 3937 0 0 14 2 3938 3939 0 0 14 2 3940 3941 0 0 14 2 3942 3943 0 0 14 2 3944 3945 0 0 14 2 3946 3947 0 0 14 2 3948 3949 0 0 14 2 3950 3951 0 0 14 2 3952 3953 0 0 14 2 3954 3955 0 0 14 2 3956 3957 0 0 14 2 3958 3959 0 0 14 2 3960 3961 0 0 14 2 3962 3963 0 0 14 2 3964 3965 0 0 14 2 3966 3967 0 0 14 2 3968 3969 0 0 14 2 3970 3971 0 0 14 2 3972 3973 0 0 14 2 3974 3975 0 0 14 2 3976 3977 0 0 14 2 3978 3979 0 0 14 2 3980 3981 0 0 14 2 3982 3983 0 0 14 2 3984 3985 0 0 14 2 3986 3987 0 0 14 2 3988 3989 0 0 14 2 3990 3991 0 0 14 2 3992 3993 0 0 14 2 3994 3995 0 0 14 2 3996 3997 0 0 14 2 3998 3999 0 0 
14 2 4000 4001 0 0 14 2 4002 4003 0 0 14 2 4004 4005 0 0 14 2 4006 4007 0 0 14 2 4008 4009 0 0 14 2 4010 4011 0 0 14 2 4012 4013 0 0 14 2 4014 4015 0 0 14 2 4016 4017 0 0 14 2 4018 4019 0 0 14 2 4020 4021 0 0 14 2 4022 4023 0 0 14 2 4024 4025 0 0 14 2 4026 4027 0 0 14 2 4028 4029 0 0 14 2 4030 4031 0 0 14 2 4032 4033 0 0 14 2 4034 4035 0 0 14 2 4036 4037 0 0 14 2 4038 4039 0 0 14 2 4040 4041 0 0 14 2 4042 4043 0 0 14 2 4044 4045 0 0 14 2 4046 4047 0 0 14 2 4048 4049 0 0 14 2 4050 4051 0 0 14 2 4052 4053 0 0 14 2 4054 4055 0 0 14 2 4056 4057 0 0 14 2 4058 4059 0 0 14 2 4060 4061 0 0 14 2 4062 4063 0 0 14 2 4064 4065 0 0 14 2 4066 4067 0 0 14 2 4068 4069 0 0 14 2 4070 4071 0 0 14 2 4072 4073 0 0 14 2 4074 4075 0 0 14 2 4076 4077 0 0 14 2 4078 4079 0 0 14 2 4080 4081 0 0 14 2 4082 4083 0 0 14 2 4084 4085 0 0 14 2 4086 4087 0 0 14 2 4088 4089 0 0 14 2 4090 4091 0 0 14 2 4092 4093 0 0 14 2 4094 4095 0 0 14 2 4096 4097 0 0 14 2 4098 4099 0 0 14 2 4100 4101 0 0 14 2 4102 4103 0 0 14 2 4104 4105 0 0 14 2 4106 4107 0 0 14 2 4108 4109 0 0 14 2 4110 4111 0 0 14 2 4112 4113 0 0 14 2 4114 4115 0 0 14 2 4116 4117 0 0 14 2 4118 4119 0 0 14 2 4120 4121 0 0 14 2 4122 4123 0 0 14 2 4124 4125 0 0 14 2 4126 4127 0 0 14 2 4128 4129 0 0 14 2 4130 4131 0 0 14 2 4132 4133 0 0 14 2 4134 4135 0 0 14 2 4136 4137 0 0 14 2 4138 4139 0 0 14 2 4140 4141 0 0 14 2 4142 4143 0 0 14 2 4144 4145 0 0 14 2 4146 4147 0 0 14 2 4148 4149 0 0 14 2 4150 4151 0 0 14 2 4152 4153 0 0 14 2 4154 4155 0 0 14 2 4156 4157 0 0 14 2 4158 4159 0 0 14 2 4160 4161 0 0 14 2 4162 4163 0 0 14 2 4164 4165 0 0 14 2 4166 4167 0 0 14 2 4168 4169 0 0 14 2 4170 4171 0 0 14 2 4172 4173 0 0 14 2 4174 4175 0 0 14 2 4176 4177 0 0 14 2 4178 4179 0 0 14 2 4180 4181 0 0 14 2 4182 4183 0 0 14 2 4184 4185 0 0 14 2 4186 4187 0 0 14 2 4188 4189 0 0 14 2 4190 4191 0 0 14 2 4192 4193 0 0 14 2 4194 4195 0 0 14 2 4196 4197 0 0 14 2 4198 4199 0 0 
14 2 4200 4201 0 0 14 2 4202 4203 0 0 14 2 4204 4205 0 0 14 2 4206 4207 0 0 14 2 4208 4209 0 0 14 2 4210 4211 0 0 14 2 4212 4213 0 0 14 2 4214 4215 0 0 14 2 4216 4217 0 0 14 2 4218 4219 0 0 14 2 4220 4221 0 0 14 2 4222 4223 0 0 14 2 4224 4225 0 0 14 2 4226 4227 0 0 14 2 4228 4229 0 0 14 2 4230 4231 0 0 14 2 4232 4233 0 0 14 2 4234 4235 0 0 14 2 4236 4237 0 0 14 2 4238 4239 0 0 14 2 4240 4241 0 0 14 2 4242 4243 0 0 14 2 4244 4245 0 0 14 2 4246 4247 0 0 14 2 4248 4249 0 0 14 2 4250 4251 0 0 14 2 4252 4253 0 0 14 2 4254 4255 0 0 14 2 4256 4257 0 0 14 2 4258 4259 0 0 14 2 4260 4261 0 0 14 2 4262 4263 0 0 14 2 4264 4265 0 0 14 2 4266 4267 0 0 14 2 4268 4269 0 0 14 2 4270 4271 0 0 14 2 4272 4273 0 0 14 2 4274 4275 0 0 14 2 4276 4277 0 0 14 2 4278 4279 0 0 14 2 4280 4281 0 0 14 2 4282 4283 0 0 14 2 4284 4285 0 0 14 2 4286 4287 0 0 14 2 4288 4289 0 0 14 2 4290 4291 0 0 14 2 4292 4293 0 0 14 2 4294 4295 0 0 14 2 4296 4297 0 0 14 2 4298 4299 0 0 14 2 4300 4301 0 0 14 2 4302 4303 0 0 14 2 4304 4305 0 0 14 2 4306 4307 0 0 14 2 4308 4309 0 0 14 2 4310 4311 0 0 14 2 4312 4313 0 0 14 2 4314 4315 0 0 14 2 4316 4317 0 0 14 2 4318 4319 0 0 14 2 4320 4321 0 0 14 2 4322 4323 0 0 14 2 4324 4325 0 0 14 2 4326 4327 0 0 14 2 4328 4329 0 0 14 2 4330 4331 0 0 14 2 4332 4333 0 0 14 2 4334 4335 0 0 14 2 4336 4337 0 0 14 2 4338 4339 0 0 14 2 4340 4341 0 0 14 2 4342 4343 0 0 14 2 4344 4345 0 0 14 2 4346 4347 0 0 14 2 4348 4349 0 0 14 2 4350 4351 0 0 14 2 4352 4353 0 0 14 2 4354 4355 0 0 14 2 4356 4357 0 0 14 2 4358 4359 0 0 14 2 4360 4361 0 0 14 2 4362 4363 0 0 14 2 4364 4365 0 0 14 2 4366 4367 0 0 14 2 4368 4369 0 0 14 2 4370 4371 0 0 14 2 4372 4373 0 0 14 2 4374 4375 0 0 14 2 4376 4377 0 0 14 2 4378 4379 0 0 14 2 4380 4381 0 0 14 2 4382 4383 0 0 14 2 4384 4385 0 0 14 2 4386 4387 0 0 14 2 4388 4389 0 0 14 2 4390 4391 0 0 14 2 4392 4393 0 0 14 2 4394 4395 0 0 14 2 4396 4397 0 0 14 2 4398 4399 0 0 
14 2 4400 4401 0 0 14 2 4402 4403 0 0 14 2 4404 4405 0 0 14 2 4406 4407 0 0 14 2 4408 4409 0 0 14 2 4410 4411 0 0 14 2 4412 4413 0 0 14 2 4414 4415 0 0 14 2 4416 4417 0 0 14 2 4418 4419 0 0 14 2 4420 4421 0 0 14 2 4422 4423 0 0 14 2 4424 4425 0 0 14 2 4426 4427 0 0 14 2 4428 4429 0 0 14 2 4430 4431 0 0 14 2 4432 4433 0 0 14 2 4434 4435 0 0 14 2 4436 4437 0 0 14 2 4438 4439 0 0 14 2 4440 4441 0 0 14 2 4442 4443 0 0 14 2 4444 4445 0 0 14 2 4446 4447 0 0 14 2 4448 4449 0 0 14 2 4450 4451 0 0 14 2 4452 4453 0 0 14 2 4454 4455 0 0 14 2 4456 4457 0 0 14 2 4458 4459 0 0 14 2 4460 4461 0 0 14 2 4462 4463 0 0 14 2 4464 4465 0 0 14 2 4466 4467 0 0 14 2 4468 4469 0 0 14 2 4470 4471 0 0 14 2 4472 4473 0 0 14 2 4474 4475 0 0 14 2 4476 4477 0 0 14 2 4478 4479 0 0 14 2 4480 4481 0 0 14 2 4482 4483 0 0 14 2 4484 4485 0 0 14 2 4486 4487 0 0 14 2 4488 4489 0 0 14 2 4490 4491 0 0 14 2 4492 4493 0 0 14 2 4494 4495 0 0 14 2 4496 4497 0 0 14 2 4498 4499 0 0 14 2 4500 4501 0 0 14 2 4502 4503 0 0 14 2 4504 4505 0 0 14 2 4506 4507 0 0 14 2 4508 4509 0 0 14 2 4510 4511 0 0 14 2 4512 4513 0 0 14 2 4514 4515 0 0 14 2 4516 4517 0 0 14 2 4518 4519 0 0 14 2 4520 4521 0 0 14 2 4522 4523 0 0 14 2 4524 4525 0 0 14 2 4526 4527 0 0 14 2 4528 4529 0 0 14 2 4530 4531 0 0 14 2 4532 4533 0 0 14 2 4534 4535 0 0 14 2 4536 4537 0 0 14 2 4538 4539 0 0 14 2 4540 4541 0 0 14 2 4542 4543 0 0 14 2 4544 4545 0 0 14 2 4546 4547 0 0 14 2 4548 4549 0 0 14 2 4550 4551 0 0 14 2 4552 4553 0 0 14 2 4554 4555 0 0 14 2 4556 4557 0 0 14 2 4558 4559 0 0 14 2 4560 4561 0 0 14 2 4562 4563 0 0 14 2 4564 4565 0 0 14 2 4566 4567 0 0 14 2 4568 4569 0 0 14 2 4570 4571 0 0 14 2 4572 4573 0 0 14 2 4574 4575 0 0 14 2 4576 4577 0 0 14 2 4578 4579 0 0 14 2 4580 4581 0 0 14 2 4582 4583 0 0 14 2 4584 4585 0 0 14 2 4586 4587 0 0 14 2 4588 4589 0 0 14 2 4590 4591 0 0 14 2 4592 4593 0 0 14 2 4594 4595 0 0 14 2 4596 4597 0 0 14 2 4598 4599 0 0 
14 2 4600 4601 0 0 14 2 4602 4603 0 0 14 2 4604 4605 0 0 14 2 4606 4607 0 0 14 2 4608 4609 0 0 14 2 4610 4611 0 0 14 2 4612 4613 0 0 14 2 4614 4615 0 0 14 2 4616 4617 0 0 14 2 4618 4619 0 0 14 2 4620 4621 0 0 14 2 4622 4623 0 0 14 2 4624 4625 0 0 14 2 4626 4627 0 0 14 2 4628 4629 0 0 14 2 4630 4631 0 0 14 2 4632 4633 0 0 14 2 4634 4635 0 0 14 2 4636 4637 0 0 14 2 4638 4639 0 0 14 2 4640 4641 0 0 14 2 4642 4643 0 0 14 2 4644 4645 0 0 14 2 4646 4647 0 0 14 2 4648 4649 0 0 14 2 4650 4651 0 0 14 2 4652 4653 0 0 14 2 4654 4655 0 0 14 2 4656 4657 0 0 14 2 4658 4659 0 0 14 2 4660 4661 0 0 14 2 4662 4663 0 0 14 2 4664 4665 0 0 14 2 4666 4667 0 0 14 2 4668 4669 0 0 14 2 4670 4671 0 0 14 2 4672 4673 0 0 14 2 4674 4675 0 0 14 2 4676 4677 0 0 14 2 4678 4679 0 0 14 2 4680 4681 0 0 14 2 4682 4683 0 0 14 2 4684 4685 0 0 14 2 4686 4687 0 0 14 2 4688 4689 0 0 14 2 4690 4691 0 0 14 2 4692 4693 0 0 14 2 4694 4695 0 0 14 2 4696 4697 0 0 14 2 4698 4699 0 0 14 2 4700 4701 0 0 14 2 4702 4703 0 0 14 2 4704 4705 0 0 14 2 4706 4707 0 0 14 2 4708 4709 0 0 14 2 4710 4711 0 0 14 2 4712 4713 0 0 14 2 4714 4715 0 0 14 2 4716 4717 0 0 14 2 4718 4719 0 0 14 2 4720 4721 0 0 14 2 4722 4723 0 0 14 2 4724 4725 0 0 14 2 4726 4727 0 0 14 2 4728 4729 0 0 14 2 4730 4731 0 0 14 2 4732 4733 0 0 14 2 4734 4735 0 0 14 2 4736 4737 0 0 14 2 4738 4739 0 0 14 2 4740 4741 0 0 14 2 4742 4743 0 0 14 2 4744 4745 0 0 14 2 4746 4747 0 0 14 2 4748 4749 0 0 14 2 4750 4751 0 0 14 2 4752 4753 0 0 14 2 4754 4755 0 0 14 2 4756 4757 0 0 14 2 4758 4759 0 0 14 2 4760 4761 0 0 14 2 4762 4763 0 0 14 2 4764 4765 0 0 14 2 4766 4767 0 0 14 2 4768 4769 0 0 14 2 4770 4771 0 0 14 2 4772 4773 0 0 14 2 4774 4775 0 0 14 2 4776 4777 0 0 14 2 4778 4779 0 0 14 2 4780 4781 0 0 14 2 4782 4783 0 0 14 2 4784 4785 0 0 14 2 4786 4787 0 0 14 2 4788 4789 0 0 14 2 4790 4791 0 0 14 2 4792 4793 0 0 14 2 4794 4795 0 0 14 2 4796 4797 0 0 14 2 4798 4799 0 0 
14 2 4800 4801 0 0 14 2 4802 4803 0 0 14 2 4804 4805 0 0 14 2 4806 4807 0 0 14 2 4808 4809 0 0 14 2 4810 4811 0 0 14 2 4812 4813 0 0 14 2 4814 4815 0 0 14 2 4816 4817 0 0 14 2 4818 4819 0 0 14 2 4820 4821 0 0 14 2 4822 4823 0 0 14 2 4824 4825 0 0 14 2 4826 4827 0 0 14 2 4828 4829 0 0 14 2 4830 4831 0 0 14 2 4832 4833 0 0 14 2 4834 4835 0 0 14 2 4836 4837 0 0 14 2 4838 4839 0 0 14 2 4840 4841 0 0 14 2 4842 4843 0 0 14 2 4844 4845 0 0 14 2 4846 4847 0 0 14 2 4848 4849 0 0 14 2 4850 4851 0 0 14 2 4852 4853 0 0 14 2 4854 4855 0 0 14 2 4856 4857 0 0 14 2 4858 4859 0 0 14 2 4860 4861 0 0 14 2 4862 4863 0 0 14 2 4864 4865 0 0 14 2 4866 4867 0 0 14 2 4868 4869 0 0 14 2 4870 4871 0 0 14 2 4872 4873 0 0 14 2 4874 4875 0 0 14 2 4876 4877 0 0 14 2 4878 4879 0 0 14 2 4880 4881 0 0 14 2 4882 4883 0 0 14 2 4884 4885 0 0 14 2 4886 4887 0 0 14 2 4888 4889 0 0 14 2 4890 4891 0 0 14 2 4892 4893 0 0 14 2 4894 4895 0 0 14 2 4896 4897 0 0 14 2 4898 4899 0 0 14 2 4900 4901 0 0 14 2 4902 4903 0 0 14 2 4904 4905 0 0 14 2 4906 4907 0 0 14 2 4908 4909 0 0 14 2 4910 4911 0 0 14 2 4912 4913 0 0 14 2 4914 4915 0 0 14 2 4916 4917 0 0 14 2 4918 4919 0 0 14 2 4920 4921 0 0 14 2 4922 4923 0 0 14 2 4924 4925 0 0 14 2 4926 4927 0 0 14 2 4928 4929 0 0 14 2 4930 4931 0 0 14 2 4932 4933 0 0 14 2 4934 4935 0 0 14 2 4936 4937 0 0 14 2 4938 4939 0 0 14 2 4940 4941 0 0 14 2 4942 4943 0 0 14 2 4944 4945 0 0 14 2 4946 4947 0 0 14 2 4948 4949 0 0 14 2 4950 4951 0 0 14 2 4952 4953 0 0 14 2 4954 4955 0 0 14 2 4956 4957 0 0 14 2 4958 4959 0 0 14 2 4960 4961 0 0 14 2 4962 4963 0 0 14 2 4964 4965 0 0 14 2 4966 4967 0 0 14 2 4968 4969 0 0 14 2 4970 4971 0 0 14 2 4972 4973 0 0 14 2 4974 4975 0 0 14 2 4976 4977 0 0 14 2 4978 4979 0 0 14 2 4980 4981 0 0 14 2 4982 4983 0 0 14 2 4984 4985 0 0 14 2 4986 4987 0 0 14 2 4988 4989 0 0 14 2 4990 4991 0 0 14 2 4992 4993 0 0 14 2 4994 4995 0 0 14 2 4996 4997 0 0 14 2 4998 4999 0 0 
14 2 5000 5001 0 0 14 2 5002 5003 0 0 14 2 5004 5005 0 0 14 2 5006 5007 0 0 14 2 5008 5009 0 0 14 2 5010 5011 0 0 14 2 5012 5013 0 0 14 2 5014 5015 0 0 14 2 5016 5017 0 0 14 2 5018 5019 0 0 14 2 5020 5021 0 0 14 2 5022 5023 0 0 14 2 5024 5025 0 0 14 2 5026 5027 0 0 14 2 5028 5029 0 0 14 2 5030 5031 0 0 14 2 5032 5033 0 0 14 2 5034 5035 0 0 14 2 5036 5037 0 0 14 2 5038 5039 0 0 14 2 5040 5041 0 0 14 2 5042 5043 0 0 14 2 5044 5045 0 0 14 2 5046 5047 0 0 14 2 5048 5049 0 0 14 2 5050 5051 0 0 14 2 5052 5053 0 0 14 2 5054 5055 0 0 14 2 5056 5057 0 0 14 2 5058 5059 0 0 14 2 5060 5061 0 0 14 2 5062 5063 0 0 14 2 5064 5065 0 0 14 2 5066 5067 0 0 14 2 5068 5069 0 0 14 2 5070 5071 0 0 14 2 5072 5073 0 0 14 2 5074 5075 0 0 14 2 5076 5077 0 0 14 2 5078 5079 0 0 14 2 5080 5081 0 0 14 2 5082 5083 0 0 14 2 5084 5085 0 0 14 2 5086 5087 0 0 14 2 5088 5089 0 0 14 2 5090 5091 0 0 14 2 5092 5093 0 0 14 2 5094 5095 0 0 14 2 5096 5097 0 0 14 2 5098 5099 0 0 14 2 5100 5101 0 0 14 2 5102 5103 0 0 14 2 5104 5105 0 0 14 2 5106 5107 0 0 14 2 5108 5109 0 0 14 2 5110 5111 0 0 14 2 5112 5113 0 0 14 2 5114 5115 0 0 14 2 5116 5117 0 0 14 2 5118 5119 0 0 14 2 5120 5121 0 0 14 2 5122 5123 0 0 14 2 5124 5125 0 0 14 2 5126 5127 0 0 14 2 5128 5129 0 0 14 2 5130 5131 0 0 14 2 5132 5133 0 0 14 2 5134 5135 0 0 14 2 5136 5137 0 0 14 2 5138 5139 0 0 14 2 5140 5141 0 0 14 2 5142 5143 0 0 14 2 5144 5145 0 0 14 2 5146 5147 0 0 14 2 5148 5149 0 0 14 2 5150 5151 0 0 14 2 5152 5153 0 0 14 2 5154 5155 0 0 14 2 5156 5157 0 0 14 2 5158 5159 0 0 14 2 5160 5161 0 0 14 2 5162 5163 0 0 14 2 5164 5165 0 0 14 2 5166 5167 0 0 14 2 5168 5169 0 0 14 2 5170 5171 0 0 14 2 5172 5173 0 0 14 2 5174 5175 0 0 14 2 5176 5177 0 0 14 2 5178 5179 0 0 14 2 5180 5181 0 0 14 2 5182 5183 0 0 14 2 5184 5185 0 0 14 2 5186 5187 0 0 14 2 5188 5189 0 0 14 2 5190 5191 0 0 14 2 5192 5193 0 0 14 2 5194 5195 0 0 14 2 5196 5197 0 0 14 2 5198 5199 0 0 
14 2 5200 5201 0 0 14 2 5202 5203 0 0 14 2 5204 5205 0 0 14 2 5206 5207 0 0 14 2 5208 5209 0 0 14 2 5210 5211 0 0 14 2 5212 5213 0 0 14 2 5214 5215 0 0 14 2 5216 5217 0 0 14 2 5218 5219 0 0 14 2 5220 5221 0 0 14 2 5222 5223 0 0 14 2 5224 5225 0 0 14 2 5226 5227 0 0 14 2 5228 5229 0 0 14 2 5230 5231 0 0 14 2 5232 5233 0 0 14 2 5234 5235 0 0 14 2 5236 5237 0 0 14 2 5238 5239 0 0 14 2 5240 5241 0 0 14 2 5242 5243 0 0 14 2 5244 5245 0 0 14 2 5246 5247 0 0 14 2 5248 5249 0 0 14 2 5250 5251 0 0 14 2 5252 5253 0 0 14 2 5254 5255 0 0 14 2 5256 5257 0 0 14 2 5258 5259 0 0 14 2 5260 5261 0 0 14 2 5262 5263 0 0 14 2 5264 5265 0 0 14 2 5266 5267 0 0 14 2 5268 5269 0 0 14 2 5270 5271 0 0 14 2 5272 5273 0 0 14 2 5274 5275 0 0 14 2 5276 5277 0 0 14 2 5278 5279 0 0 14 2 5280 5281 0 0 14 2 5282 5283 0 0 14 2 5284 5285 0 0 14 2 5286 5287 0 0 14 2 5288 5289 0 0 14 2 5290 5291 0 0 14 2 5292 5293 0 0 14 2 5294 5295 0 0 14 2 5296 5297 0 0 14 2 5298 5299 0 0 14 2 5300 5301 0 0 14 2 5302 5303 0 0 14 2 5304 5305 0 0 14 2 5306 5307 0 0 14 2 5308 5309 0 0 14 2 5310 5311 0 0 14 2 5312 5313 0 0 14 2 5314 5315 0 0 14 2 5316 5317 0 0 14 2 5318 5319 0 0 14 2 5320 5321 0 0 14 2 5322 5323 0 0 14 2 5324 5325 0 0 14 2 5326 5327 0 0 14 2 5328 5329 0 0 14 2 5330 5331 0 0 14 2 5332 5333 0 0 14 2 5334 5335 0 0 14 2 5336 5337 0 0 14 2 5338 5339 0 0 14 2 5340 5341 0 0 14 2 5342 5343 0 0 14 2 5344 5345 0 0 14 2 5346 5347 0 0 14 2 5348 5349 0 0 14 2 5350 5351 0 0 14 2 5352 5353 0 0 14 2 5354 5355 0 0 14 2 5356 5357 0 0 14 2 5358 5359 0 0 14 2 5360 5361 0 0 14 2 5362 5363 0 0 14 2 5364 5365 0 0 14 2 5366 5367 0 0 14 2 5368 5369 0 0 14 2 5370 5371 0 0 14 2 5372 5373 0 0 14 2 5374 5375 0 0 14 2 5376 5377 0 0 14 2 5378 5379 0 0 14 2 5380 5381 0 0 14 2 5382 5383 0 0 14 2 5384 5385 0 0 14 2 5386 5387 0 0 14 2 5388 5389 0 0 14 2 5390 5391 0 0 14 2 5392 5393 0 0 14 2 5394 5395 0 0 14 2 5396 5397 0 0 14 2 5398 5399 0 0 
14 2 5400 5401 0 0 14 2 5402 5403 0 0 14 2 5404 5405 0 0 14 2 5406 5407 0 0 14 2 5408 5409 0 0 14 2 5410 5411 0 0 14 2 5412 5413 0 0 14 2 5414 5415 0 0 14 2 5416 5417 0 0 14 2 5418 5419 0 0 14 2 5420 5421 0 0 14 2 5422 5423 0 0 14 2 5424 5425 0 0 14 2 5426 5427 0 0 14 2 5428 5429 0 0 14 2 5430 5431 0 0 14 2 5432 5433 0 0 14 2 5434 5435 0 0 14 2 5436 5437 0 0 14 2 5438 5439 0 0 14 2 5440 5441 0 0 14 2 5442 5443 0 0 14 2 5444 5445 0 0 14 2 5446 5447 0 0 14 2 5448 5449 0 0 14 2 5450 5451 0 0 14 2 5452 5453 0 0 14 2 5454 5455 0 0 14 2 5456 5457 0 0 14 2 5458 5459 0 0 14 2 5460 5461 0 0 14 2 5462 5463 0 0 14 2 5464 5465 0 0 14 2 5466 5467 0 0 14 2 5468 5469 0 0 14 2 5470 5471 0 0 14 2 5472 5473 0 0 14 2 5474 5475 0 0 14 2 5476 5477 0 0 14 2 5478 5479 0 0 14 2 5480 5481 0 0 14 2 5482 5483 0 0 14 2 5484 5485 0 0 14 2 5486 5487 0 0 14 2 5488 5489 0 0 14 2 5490 5491 0 0 14 2 5492 5493 0 0 14 2 5494 5495 0 0 14 2 5496 5497 0 0 14 2 5498 5499 0 0 14 2 5500 5501 0 0 14 2 5502 5503 0 0 14 2 5504 5505 0 0 14 2 5506 5507 0 0 14 2 5508 5509 0 0 14 2 5510 5511 0 0 14 2 5512 5513 0 0 14 2 5514 5515 0 0 14 2 5516 5517 0 0 14 2 5518 5519 0 0 14 2 5520 5521 0 0 14 2 5522 5523 0 0 14 2 5524 5525 0 0 14 2 5526 5527 0 0 14 2 5528 5529 0 0 14 2 5530 5531 0 0 14 2 5532 5533 0 0 14 2 5534 5535 0 0 14 2 5536 5537 0 0 14 2 5538 5539 0 0 14 2 5540 5541 0 0 14 2 5542 5543 0 0 14 2 5544 5545 0 0 14 2 5546 5547 0 0 14 2 5548 5549 0 0 14 2 5550 5551 0 0 14 2 5552 5553 0 0 14 2 5554 5555 0 0 14 2 5556 5557 0 0 14 2 5558 5559 0 0 14 2 5560 5561 0 0 14 2 5562 5563 0 0 14 2 5564 5565 0 0 14 2 5566 5567 0 0 14 2 5568 5569 0 0 14 2 5570 5571 0 0 14 2 5572 5573 0 0 14 2 5574 5575 0 0 14 2 5576 5577 0 0 14 2 5578 5579 0 0 14 2 5580 5581 0 0 14 2 5582 5583 0 0 14 2 5584 5585 0 0 14 2 5586 5587 0 0 14 2 5588 5589 0 0 14 2 5590 5591 0 0 14 2 5592 5593 0 0 14 2 5594 5595 0 0 14 2 5596 5597 0 0 14 2 5598 5599 0 0 
14 2 5600 5601 0 0 14 2 5602 5603 0 0 14 2 5604 5605 0 0 14 2 5606 5607 0 0 14 2 5608 5609 0 0 14 2 5610 5611 0 0 14 2 5612 5613 0 0 14 2 5614 5615 0 0 14 2 5616 5617 0 0 14 2 5618 5619 0 0 14 2 5620 5621 0 0 14 2 5622 5623 0 0 14 2 5624 5625 0 0 14 2 5626 5627 0 0 14 2 5628 5629 0 0 14 2 5630 5631 0 0 14 2 5632 5633 0 0 14 2 5634 5635 0 0 14 2 5636 5637 0 0 14 2 5638 5639 0 0 14 2 5640 5641 0 0 14 2 5642 5643 0 0 14 2 5644 5645 0 0 14 2 5646 5647 0 0 14 2 5648 5649 0 0 14 2 5650 5651 0 0 14 2 5652 5653 0 0 14 2 5654 5655 0 0 14 2 5656 5657 0 0 14 2 5658 5659 0 0 14 2 5660 5661 0 0 14 2 5662 5663 0 0 14 2 5664 5665 0 0 14 2 5666 5667 0 0 14 2 5668 5669 0 0 14 2 5670 5671 0 0 14 2 5672 5673 0 0 14 2 5674 5675 0 0 14 2 5676 5677 0 0 14 2 5678 5679 0 0 14 2 5680 5681 0 0 14 2 5682 5683 0 0 14 2 5684 5685 0 0 14 2 5686 5687 0 0 14 2 5688 5689 0 0 14 2 5690 5691 0 0 14 2 5692 5693 0 0 14 2 5694 5695 0 0 14 2 5696 5697 0 0 14 2 5698 5699 0 0 14 2 5700 5701 0 0 14 2 5702 5703 0 0 14 2 5704 5705 0 0 14 2 5706 5707 0 0 14 2 5708 5709 0 0 14 2 5710 5711 0 0 14 2 5712 5713 0 0 14 2 5714 5715 0 0 14 2 5716 5717 0 0 14 2 5718 5719 0 0 14 2 5720 5721 0 0 14 2 5722 5723 0 0 14 2 5724 5725 0 0 14 2 5726 5727 0 0 14 2 5728 5729 0 0 14 2 5730 5731 0 0 14 2 5732 5733 0 0 14 2 5734 5735 0 0 14 2 5736 5737 0 0 14 2 5738 5739 0 0 14 2 5740 5741 0 0 14 2 5742 5743 0 0 14 2 5744 5745 0 0 14 2 5746 5747 0 0 14 2 5748 5749 0 0 14 2 5750 5751 0 0 14 2 5752 5753 0 0 14 2 5754 5755 0 0 14 2 5756 5757 0 0 14 2 5758 5759 0 0 14 2 5760 5761 0 0 14 2 5762 5763 0 0 14 2 5764 5765 0 0 14 2 5766 5767 0 0 14 2 5768 5769 0 0 14 2 5770 5771 0 0 14 2 5772 5773 0 0 14 2 5774 5775 0 0 14 2 5776 5777 0 0 14 2 5778 5779 0 0 14 2 5780 5781 0 0 14 2 5782 5783 0 0 14 2 5784 5785 0 0 14 2 5786 5787 0 0 14 2 5788 5789 0 0 14 2 5790 5791 0 0 14 2 5792 5793 0 0 14 2 5794 5795 0 0 14 2 5796 5797 0 0 14 2 5798 5799 0 0 
14 2 5800 5801 0 0 14 2 5802 5803 0 0 14 2 5804 5805 0 0 14 2 5806 5807 0 0 14 2 5808 5809 0 0 14 2 5810 5811 0 0 14 2 5812 5813 0 0 14 2 5814 5815 0 0 14 2 5816 5817 0 0 14 2 5818 5819 0 0 14 2 5820 5821 0 0 14 2 5822 5823 0 0 14 2 5824 5825 0 0 14 2 5826 5827 0 0 14 2 5828 5829 0 0 14 2 5830 5831 0 0 14 2 5832 5833 0 0 14 2 5834 5835 0 0 14 2 5836 5837 0 0 14 2 5838 5839 0 0 14 2 5840 5841 0 0 14 2 5842 5843 0 0 14 2 5844 5845 0 0 14 2 5846 5847 0 0 14 2 5848 5849 0 0 14 2 5850 5851 0 0 14 2 5852 5853 0 0 14 2 5854 5855 0 0 14 2 5856 5857 0 0 14 2 5858 5859 0 0 14 2 5860 5861 0 0 14 2 5862 5863 0 0 14 2 5864 5865 0 0 14 2 5866 5867 0 0 14 2 5868 5869 0 0 14 2 5870 5871 0 0 14 2 5872 5873 0 0 14 2 5874 5875 0 0 14 2 5876 5877 0 0 14 2 5878 5879 0 0 14 2 5880 5881 0 0 14 2 5882 5883 0 0 14 2 5884 5885 0 0 14 2 5886 5887 0 0 14 2 5888 5889 0 0 14 2 5890 5891 0 0 14 2 5892 5893 0 0 14 2 5894 5895 0 0 14 2 5896 5897 0 0 14 2 5898 5899 0 0 14 2 5900 5901 0 0 14 2 5902 5903 0 0 14 2 5904 5905 0 0 14 2 5906 5907 0 0 14 2 5908 5909 0 0 14 2 5910 5911 0 0 14 2 5912 5913 0 0 14 2 5914 5915 0 0 14 2 5916 5917 0 0 14 2 5918 5919 0 0 14 2 5920 5921 0 0 14 2 5922 5923 0 0 14 2 5924 5925 0 0 14 2 5926 5927 0 0 14 2 5928 5929 0 0 14 2 5930 5931 0 0 14 2 5932 5933 0 0 14 2 5934 5935 0 0 14 2 5936 5937 0 0 14 2 5938 5939 0 0 14 2 5940 5941 0 0 14 2 5942 5943 0 0 14 2 5944 5945 0 0 14 2 5946 5947 0 0 14 2 5948 5949 0 0 14 2 5950 5951 0 0 14 2 5952 5953 0 0 14 2 5954 5955 0 0 14 2 5956 5957 0 0 14 2 5958 5959 0 0 14 2 5960 5961 0 0 14 2 5962 5963 0 0 14 2 5964 5965 0 0 14 2 5966 5967 0 0 14 2 5968 5969 0 0 14 2 5970 5971 0 0 14 2 5972 5973 0 0 14 2 5974 5975 0 0 14 2 5976 5977 0 0 14 2 5978 5979 0 0 14 2 5980 5981 0 0 14 2 5982 5983 0 0 14 2 5984 5985 0 0 14 2 5986 5987 0 0 14 2 5988 5989 0 0 14 2 5990 5991 0 0 14 2 5992 5993 0 0 14 2 5994 5995 0 0 14 2 5996 5997 0 0 14 2 5998 5999 0 0 
14 2 6000 6001 0 0 14 2 6002 6003 0 0 14 2 6004 6005 0 0 14 2 6006 6007 0 0 14 2 6008 6009 0 0 14 2 6010 6011 0 0 14 2 6012 6013 0 0 14 2 6014 6015 0 0 14 2 6016 6017 0 0 14 2 6018 6019 0 0 14 2 6020 6021 0 0 14 2 6022 6023 0 0 14 2 6024 6025 0 0 14 2 6026 6027 0 0 14 2 6028 6029 0 0 14 2 6030 6031 0 0 14 2 6032 6033 0 0 14 2 6034 6035 0 0 14 2 6036 6037 0 0 14 2 6038 6039 0 0 14 2 6040 6041 0 0 14 2 6042 6043 0 0 14 2 6044 6045 0 0 14 2 6046 6047 0 0 14 2 6048 6049 0 0 14 2 6050 6051 0 0 14 2 6052 6053 0 0 14 2 6054 6055 0 0 14 2 6056 6057 0 0 14 2 6058 6059 0 0 14 2 6060 6061 0 0 14 2 6062 6063 0 0 14 2 6064 6065 0 0 14 2 6066 6067 0 0 14 2 6068 6069 0 0 14 2 6070 6071 0 0 14 2 6072 6073 0 0 14 2 6074 6075 0 0 14 2 6076 6077 0 0 14 2 6078 6079 0 0 14 2 6080 6081 0 0 14 2 6082 6083 0 0 14 2 6084 6085 0 0 14 2 6086 6087 0 0 14 2 6088 6089 0 0 14 2 6090 6091 0 0 14 2 6092 6093 0 0 14 2 6094 6095 0 0 14 2 6096 6097 0 0 14 2 6098 6099 0 0 14 2 6100 6101 0 0 14 2 6102 6103 0 0 14 2 6104 6105 0 0 14 2 6106 6107 0 0 14 2 6108 6109 0 0 14 2 6110 6111 0 0 14 2 6112 6113 0 0 14 2 6114 6115 0 0 14 2 6116 6117 0 0 14 2 6118 6119 0 0 14 2 6120 6121 0 0 14 2 6122 6123 0 0 14 2 6124 6125 0 0 14 2 6126 6127 0 0 14 2 6128 6129 0 0 14 2 6130 6131 0 0 14 2 6132 6133 0 0 14 2 6134 6135 0 0 14 2 6136 6137 0 0 14 2 6138 6139 0 0 14 2 6140 6141 0 0 14 2 6142 6143 0 0 14 2 6144 6145 0 0 14 2 6146 6147 0 0 14 2 6148 6149 0 0 14 2 6150 6151 0 0 14 2 6152 6153 0 0 14 2 6154 6155 0 0 14 2 6156 6157 0 0 14 2 6158 6159 0 0 14 2 6160 6161 0 0 14 2 6162 6163 0 0 14 2 6164 6165 0 0 14 2 6166 6167 0 0 14 2 6168 6169 0 0 14 2 6170 6171 0 0 14 2 6172 6173 0 0 14 2 6174 6175 0 0 14 2 6176 6177 0 0 14 2 6178 6179 0 0 14 2 6180 6181 0 0 14 2 6182 6183 0 0 14 2 6184 6185 0 0 14 2 6186 6187 0 0 14 2 6188 6189 0 0 14 2 6190 6191 0 0 14 2 6192 6193 0 0 14 2 6194 6195 0 0 14 2 6196 6197 0 0 14 2 6198 6199 0 0 
14 2 6200 6201 0 0 14 2 6202 6203 0 0 14 2 6204 6205 0 0 14 2 6206 6207 0 0 14 2 6208 6209 0 0 14 2 6210 6211 0 0 14 2 6212 6213 0 0 14 2 6214 6215 0 0 14 2 6216 6217 0 0 14 2 6218 6219 0 0 14 2 6220 6221 0 0 14 2 6222 6223 0 0 14 2 6224 6225 0 0 14 2 6226 6227 0 0 14 2 6228 6229 0 0 14 2 6230 6231 0 0 14 2 6232 6233 0 0 14 2 6234 6235 0 0 14 2 6236 6237 0 0 14 2 6238 6239 0 0 14 2 6240 6241 0 0 14 2 6242 6243 0 0 14 2 6244 6245 0 0 14 2 6246 6247 0 0 14 2 6248 6249 0 0 14 2 6250 6251 0 0 14 2 6252 6253 0 0 14 2 6254 6255 0 0 14 2 6256 6257 0 0 14 2 6258 6259 0 0 14 2 6260 6261 0 0 14 2 6262 6263 0 0 14 2 6264 6265 0 0 14 2 6266 6267 0 0 14 2 6268 6269 0 0 14 2 6270 6271 0 0 14 2 6272 6273 0 0 14 2 6274 6275 0 0 14 2 6276 6277 0 0 14 2 6278 6279 0 0 14 2 6280 6281 0 0 14 2 6282 6283 0 0 14 2 6284 6285 0 0 14 2 6286 6287 0 0 14 2 6288 6289 0 0 14 2 6290 6291 0 0 14 2 6292 6293 0 0 14 2 6294 6295 0 0 14 2 6296 6297 0 0 14 2 6298 6299 0 0 14 2 6300 6301 0 0 14 2 6302 6303 0 0 14 2 6304 6305 0 0 14 2 6306 6307 0 0 14 2 6308 6309 0 0 14 2 6310 6311 0 0 14 2 6312 6313 0 0 14 2 6314 6315 0 0 14 2 6316 6317 0 0 14 2 6318 6319 0 0 14 2 6320 6321 0 0 14 2 6322 6323 0 0 14 2 6324 6325 0 0 14 2 6326 6327 0 0 14 2 6328 6329 0 0 14 2 6330 6331 0 0 14 2 6332 6333 0 0 14 2 6334 6335 0 0 14 2 6336 6337 0 0 14 2 6338 6339 0 0 14 2 6340 6341 0 0 14 2 6342 6343 0 0 14 2 6344 6345 0 0 14 2 6346 6347 0 0 14 2 6348 6349 0 0 14 2 6350 6351 0 0 14 2 6352 6353 0 0 14 2 6354 6355 0 0 14 2 6356 6357 0 0 14 2 6358 6359 0 0 14 2 6360 6361 0 0 14 2 6362 6363 0 0 14 2 6364 6365 0 0 14 2 6366 6367 0 0 14 2 6368 6369 0 0 14 2 6370 6371 0 0 14 2 6372 6373 0 0 14 2 6374 6375 0 0 14 2 6376 6377 0 0 14 2 6378 6379 0 0 14 2 6380 6381 0 0 14 2 6382 6383 0 0 14 2 6384 6385 0 0 14 2 6386 6387 0 0 14 2 6388 6389 0 0 14 2 6390 6391 0 0 14 2 6392 6393 0 0 14 2 6394 6395 0 0 14 2 6396 6397 0 0 14 2 6398 6399 0 0 
0 0 0 0 0 0 0 0 0 0 0 0 0 0 0 0 0 0 0 0 0 0 0 0 0 0 0 0 0 0 0 0 0 0 0 0 0 0 0 0 0 0 0 0 0 0 0 0 0 0 0 0 0 0 0 0 0 0 0 0 0 0 0 0 0 0 0 0 0 0 0 0 0 0 0 0 0 0 0 0 0 0 0 0 0 0 0 0 0 0 0 0 0 0 0 0 0 0 0 0 
0 0 0 0 0 0 0 0 0 0 0 0 0 0 0 0 0 0 0 0 0 0 0 0 0 0 0 0 0 0 0 0 0 0 0 0 0 0 0 0 0 0 0 0 0 0 0 0 0 0 0 0 0 0 0 0 0 0 0 0 0 0 0 0 0 0 0 0 0 0 0 0 0 0 0 0 0 0 0 0 0 0 0 0 0 0 0 0 0 0 0 0 0 0 0 0 0 0 0 0 
0 0 0 0 0 0 0 0 0 0 0 0 0 0 0 0 0 0 0 0 0 0 0 0 0 0 0 0 0 0 0 0 0 0 0 0 0 0 0 0 0 0 0 0 0 0 0 0 0 0 0 0 0 0 0 0 0 0 0 0 0 0 0 0 0 0 0 0 0 0 0 0 0 0 0 0 0 0 0 0 0 0 0 0 0 0 0 0 0 0 0 0 0 0 0 0 0 0 0 0 
0 0 0 0 0 0 0 0 0 0 0 0 0 0 0 0 0 0 0 0 0 0 0 0 0 0 0 0 0 0 0 0 0 0 0 0 0 0 0 0 0 0 0 0 0 0 0 0 0 0 0 0 0 0 0 0 0 0 0 0 0 0 0 0 0 0 0 0 0 0 0 0 0 0 0 0 0 0 0 0 0 0 0 0 0 0 0 0 0 0 0 0 0 0 0 0 0 0 0 0 
0 0 0 0 0 0 0 0 0 0 0 0 0 0 0 0 0 0 0 0 0 0 0 0 0 0 0 0 0 0 0 0 0 0 0 0 0 0 0 0 0 0 0 0 0 0 0 0 0 0 0 0 0 0 0 0 0 0 0 0 0 0 0 0 0 0 0 0 0 0 0 0 0 0 0 0 0 0 0 0 0 0 0 0 0 0 0 0 0 0 0 0 0 0 0 0 0 0 0 0 
0 0 0 0 0 0 0 0 0 0 0 0 0 0 0 0 0 0 0 0 0 0 0 0 0 0 0 0 0 0 0 0 0 0 0 0 0 0 0 0 0 0 0 0 0 0 0 0 0 0 0 0 0 0 0 0 0 0 0 0 0 0 0 0 0 0 0 0 0 0 0 0 0 0 0 0 0 0 0 0 0 0 0 0 0 0 0 0 0 0 0 0 0 0 0 0 0 0 0 0 
0 0 0 0 0 0 0 0 0 0 0 0 0 0 0 0 0 0 0 0 0 0 0 0 0 0 0 0 0 0 0 0 0 0 0 0 0 0 0 0 0 0 0 0 0 0 0 0 0 0 0 0 0 0 0 0 0 0 0 0 0 0 0 0 0 0 0 0 0 0 0 0 0 0 0 0 0 0 0 0 0 0 0 0 0 0 0 0 0 0 0 0 0 0 0 0 0 0 0 0 
0 0 0 0 0 0 0 0 0 0 0 0 0 0 0 0 0 0 0 0 0 0 0 0 0 0 0 0 0 0 0 0 0 0 0 0 0 0 0 0 0 0 0 0 0 0 0 0 0 0 0 0 0 0 0 0 0 0 0 0 0 0 0 0 0 0 0 0 0 0 0 0 0 0 0 0 0 0 0 0 0 0 0 0 0 0 0 0 0 0 0 0 0 0 0 0 0 0 0 0 
0 0 0 0 0 0 0 0 0 0 0 0 0 0 0 0 0 0 0 0 0 0 0 0 0 0 0 0 0 0 0 0 0 0 0 0 0 0 0 0 0 0 0 0 0 0 0 0 0 0 0 0 0 0 0 0 0 0 0 0 0 0 0 0 0 0 0 0 0 0 0 0 0 0 0 0 0 0 0 0 0 0 0 0 0 0 0 0 0 0 0 0 0 0 0 0 0 0 0 0 
0 0 0 0 0 0 0 0 0 0 0 0 0 0 0 0 0 0 0 0 0 0 0 0 0 0 0 0 0 0 0 0 0 0 0 0 0 0 0 0 0 0 0 0 0 0 0 0 0 0 0 0 0 0 0 0 0 0 0 0 0 0 0 0 0 0 0 0 0 0 0 0 0 0 0 0 0 0 0 0 0 0 0 0 0 0 0 0 0 0 0 0 0 0 0 0 0 0 0 0 
0 0 0 0 0 0 0 0 0 0 0 0 0 0 0 0 0 0 0 0 0 0 0 0 0 0 0 0 0 0 0 0 0 0 0 0 0 0 0 0 0 0 0 0 0 0 0 0 0 0 0 0 0 0 0 0 0 0 0 0 0 0 0 0 0 0 0 0 0 0 0 0 0 0 0 0 0 0 0 0 0 0 0 0 0 0 0 0 0 0 0 0 0 0 0 0 0 0 0 0 
0 0 0 0 0 0 0 0 0 0 0 0 0 0 0 0 0 0 0 0 0 0 0 0 0 0 0 0 0 0 0 0 0 0 0 0 0 0 0 0 0 0 0 0 0 0 0 0 0 0 0 0 0 0 0 0 0 0 0 0 0 0 0 0 0 0 0 0 0 0 0 0 0 0 0 0 0 0 0 0 0 0 0 0 0 0 0 0 0 0 0 0 0 0 0 0 0 0 0 0 
0 0 0 0 0 0 0 0 0 0 0 0 0 0 0 0 0 0 0 0 0 0 0 0 0 0 0 0 0 0 0 0 0 0 0 0 0 0 0 0 0 0 0 0 0 0 0 0 0 0 0 0 0 0 0 0 0 0 0 0 0 0 0 0 0 0 0 0 0 0 0 0 0 0 0 0 0 0 0 0 0 0 0 0 0 0 0 0 0 0 0 0 0 0 0 0 0 0 0 0 
0 0 0 0 0 0 0 0 0 0 0 0 0 0 0 0 0 0 0 0 0 0 0 0 0 0 0 0 0 0 0 0 0 0 0 0 0 0 0 0 0 0 0 0 0 0 0 0 0 0 0 0 0 0 0 0 0 0 0 0 0 0 0 0 0 0 0 0 0 0 0 0 0 0 0 0 0 0 0 0 0 0 0 0 0 0 0 0 0 0 0 0 0 0 0 0 0 0 0 0 
0 0 0 0 0 0 0 0 0 0 0 0 0 0 0 0 0 0 0 0 0 0 0 0 0 0 0 0 0 0 0 0 0 0 0 0 0 0 0 0 0 0 0 0 0 0 0 0 0 0 0 0 0 0 0 0 0 0 0 0 0 0 0 0 0 0 0 0 0 0 0 0 0 0 0 0 0 0 0 0 0 0 0 0 0 0 0 0 0 0 0 0 0 0 0 0 0 0 0 0 
0 0 0 0 0 0 0 0 0 0 0 0 0 0 0 0 0 0 0 0 0 0 0 0 0 0 0 0 0 0 0 0 0 0 0 0 0 0 0 0 0 0 0 0 0 0 0 0 0 0 0 0 0 0 0 0 0 0 0 0 0 0 0 0 0 0 0 0 0 0 0 0 0 0 0 0 0 0 0 0 0 0 0 0 0 0 0 0 0 0 0 0 0 0 0 0 0 0 0 0 
0 0 0 0 0 0 0 0 0 0 0 0 0 0 0 0 0 0 0 0 0 0 0 0 0 0 0 0 0 0 0 0 0 0 0 0 0 0 0 0 0 0 0 0 0 0 0 0 0 0 0 0 0 0 0 0 0 0 0 0 0 0 0 0 0 0 0 0 0 0 0 0 0 0 0 0 0 0 0 0 0 0 0 0 0 0 0 0 0 0 0 0 0 0 0 0 0 0 0 0 
0 0 0 0 0 0 0 0 0 0 0 0 0 0 0 0 0 0 0 0 0 0 0 0 0 0 0 0 0 0 0 0 0 0 0 0 0 0 0 0 0 0 0 0 0 0 0 0 0 0 0 0 0 0 0 0 0 0 0 0 0 0 0 0 0 0 0 0 0 0 0 0 0 0 0 0 0 0 0 0 0 0 0 0 0 0 0 0 0 0 0 0 0 0 0 0 0 0 0 0 
0 0 0 0 0 0 0 0 0 0 0 0 0 0 0 0 0 0 0 0 0 0 0 0 0 0 0 0 0 0 0 0 0 0 0 0 0 0 0 0 0 0 0 0 0 0 0 0 0 0 0 0 0 0 0 0 0 0 0 0 0 0 0 0 0 0 0 0 0 0 0 0 0 0 0 0 0 0 0 0 0 0 0 0 0 0 0 0 0 0 0 0 0 0 0 0 0 0 0 0 
0 0 0 0 0 0 0 0 0 0 0 0 0 0 0 0 0 0 0 0 0 0 0 0 0 0 0 0 0 0 0 0 0 0 0 0 0 0 0 0 0 0 0 0 0 0 0 0 0 0 0 0 0 0 0 0 0 0 0 0 0 0 0 0 0 0 0 0 0 0 0 0 0 0 0 0 0 0 0 0 0 0 0 0 0 0 0 0 0 0 0 0 0 0 0 0 0 0 0 0 
0 0 0 0 0 0 0 0 0 0 0 0 0 0 0 0 0 0 0 0 0 0 0 0 0 0 0 0 0 0 0 0 0 0 0 0 0 0 0 0 0 0 0 0 0 0 0 0 0 0 0 0 0 0 0 0 0 0 0 0 0 0 0 0 0 0 0 0 0 0 0 0 0 0 0 0 0 0 0 0 0 0 0 0 0 0 0 0 0 0 0 0 0 0 0 0 0 0 0 0 
0 0 0 0 0 0 0 0 0 0 0 0 0 0 0 0 0 0 0 0 0 0 0 0 0 0 0 0 0 0 0 0 0 0 0 0 0 0 0 0 0 0 0 0 0 0 0 0 0 0 0 0 0 0 0 0 0 0 0 0 0 0 0 0 0 0 0 0 0 0 0 0 0 0 0 0 0 0 0 0 0 0 0 0 0 0 0 0 0 0 0 0 0 0 0 0 0 0 0 0 
0 0 0 0 0 0 0 0 0 0 0 0 0 0 0 0 0 0 0 0 0 0 0 0 0 0 0 0 0 0 0 0 0 0 0 0 0 0 0 0 0 0 0 0 0 0 0 0 0 0 0 0 0 0 0 0 0 0 0 0 0 0 0 0 0 0 0 0 0 0 0 0 0 0 0 0 0 0 0 0 0 0 0 0 0 0 0 0 0 0 0 0 0 0 0 0 0 0 0 0 
0 0 0 0 0 0 0 0 0 0 0 0 0 0 0 0 0 0 0 0 0 0 0 0 0 0 0 0 0 0 0 0 0 0 0 0 0 0 0 0 0 0 0 0 0 0 0 0 0 0 0 0 0 0 0 0 0 0 0 0 0 0 0 0 0 0 0 0 0 0 0 0 0 0 0 0 0 0 0 0 0 0 0 0 0 0 0 0 0 0 0 0 0 0 0 0 0 0 0 0 
0 0 0 0 0 0 0 0 0 0 0 0 0 0 0 0 0 0 0 0 0 0 0 0 0 0 0 0 0 0 0 0 0 0 0 0 0 0 0 0 0 0 0 0 0 0 0 0 0 0 0 0 0 0 0 0 0 0 0 0 0 0 0 0 0 0 0 0 0 0 0 0 0 0 0 0 0 0 0 0 0 0 0 0 0 0 0 0 0 0 0 0 0 0 0 0 0 0 0 0 
0 0 0 0 0 0 0 0 0 0 0 0 0 0 0 0 0 0 0 0 0 0 0 0 0 0 0 0 0 0 0 0 0 0 0 0 0 0 0 0 0 0 0 0 0 0 0 0 0 0 0 0 0 0 0 0 0 0 0 0 0 0 0 0 0 0 0 0 0 0 0 0 0 0 0 0 0 0 0 0 0 0 0 0 0 0 0 0 0 0 0 0 0 0 0 0 0 0 0 0 
0 0 0 0 0 0 0 0 0 0 0 0 0 0 0 0 0 0 0 0 0 0 0 0 0 0 0 0 0 0 0 0 0 0 0 0 0 0 0 0 0 0 0 0 0 0 0 0 0 0 0 0 0 0 0 0 0 0 0 0 0 0 0 0 0 0 0 0 0 0 0 0 0 0 0 0 0 0 0 0 0 0 0 0 0 0 0 0 0 0 0 0 0 0 0 0 0 0 0 0 
0 0 0 0 0 0 0 0 0 0 0 0 0 0 0 0 0 0 0 0 0 0 0 0 0 0 0 0 0 0 0 0 0 0 0 0 0 0 0 0 0 0 0 0 0 0 0 0 0 0 0 0 0 0 0 0 0 0 0 0 0 0 0 0 0 0 0 0 0 0 0 0 0 0 0 0 0 0 0 0 0 0 0 0 0 0 0 0 0 0 0 0 0 0 0 0 0 0 0 0 
0 0 0 0 0 0 0 0 0 0 0 0 0 0 0 0 0 0 0 0 0 0 0 0 0 0 0 0 0 0 0 0 0 0 0 0 0 0 0 0 0 0 0 0 0 0 0 0 0 0 0 0 0 0 0 0 0 0 0 0 0 0 0 0 0 0 0 0 0 0 0 0 0 0 0 0 0 0 0 0 0 0 0 0 0 0 0 0 0 0 0 0 0 0 0 0 0 0 0 0 
0 0 0 0 0 0 0 0 0 0 0 0 0 0 0 0 0 0 0 0 0 0 0 0 0 0 0 0 0 0 0 0 0 0 0 0 0 0 0 0 0 0 0 0 0 0 0 0 0 0 0 0 0 0 0 0 0 0 0 0 0 0 0 0 0 0 0 0 0 0 0 0 0 0 0 0 0 0 0 0 0 0 0 0 0 0 0 0 0 0 0 0 0 0 0 0 0 0 0 0 
0 0 0 0 0 0 0 0 0 0 0 0 0 0 0 0 0 0 0 0 0 0 0 0 0 0 0 0 0 0 0 0 0 0 0 0 0 0 0 0 0 0 0 0 0 0 0 0 0 0 0 0 0 0 0 0 0 0 0 0 0 0 0 0 0 0 0 0 0 0 0 0 0 0 0 0 0 0 0 0 0 0 0 0 0 0 0 0 0 0 0 0 0 0 0 0 0 0 0 0 
0 0 0 0 0 0 0 0 0 0 0 0 0 0 0 0 0 0 0 0 0 0 0 0 0 0 0 0 0 0 0 0 0 0 0 0 0 0 0 0 0 0 0 0 0 0 0 0 0 0 0 0 0 0 0 0 0 0 0 0 0 0 0 0 0 0 0 0 0 0 0 0 0 0 0 0 0 0 0 0 0 0 0 0 0 0 0 0 0 0 0 0 0 0 0 0 0 0 0 0 
0 0 0 0 0 0 0 0 0 0 0 0 0 0 0 0 0 0 0 0 0 0 0 0 0 0 0 0 0 0 0 0 0 0 0 0 0 0 0 0 0 0 0 0 0 0 0 0 0 0 0 0 0 0 0 0 0 0 0 0 0 0 0 0 0 0 0 0 0 0 0 0 0 0 0 0 0 0 0 0 0 0 0 0 0 0 0 0 0 0 0 0 0 0 0 0 0 0 0 0 
0 0 0 0 0 0 0 0 0 0 0 0 0 0 0 0 0 0 0 0 0 0 0 0 0 0 0 0 0 0 0 0 0 0 0 0 0 0 0 0 0 0 0 0 0 0 0 0 0 0 0 0 0 0 0 0 0 0 0 0 0 0 0 0 0 0 0 0 0 0 0 0 0 0 0 0 0 0 0 0 0 0 0 0 0 0 0 0 0 0 0 0 0 0 0 0 0 0 0 0 
0 0 0 0 0 0 0 0 0 0 0 0 0 0 0 0 0 0 0 0 0 0 0 0 0 0 0 0 0 0 0 0 0 0 0 0 0 0 0 0 0 0 0 0 0 0 0 0 0 0 0 0 0 0 0 0 0 0 0 0 0 0 0 0 0 0 0 0 0 0 0 0 0 0 0 0 0 0 0 0 0 0 0 0 0 0 0 0 0 0 0 0 0 0 0 0 0 0 0 0 
0 0 0 0 0 0 0 0 0 0 0 0 0 0 0 0 0 0 0 0 0 0 0 0 0 0 0 0 0 0 0 0 0 0 0 0 0 0 0 0 0 0 0 0 0 0 0 0 0 0 0 0 0 0 0 0 0 0 0 0 0 0 0 0 0 0 0 0 0 0 0 0 0 0 0 0 0 0 0 0 0 0 0 0 0 0 0 0 0 0 0 0 0 0 0 0 0 0 0 0 
0 0 0 0 0 0 0 0 0 0 0 0 0 0 0 0 0 0 0 0 0 0 0 0 0 0 0 0 0 0 0 0 0 0 0 0 0 0 0 0 0 0 0 0 0 0 0 0 0 0 0 0 0 0 0 0 0 0 0 0 0 0 0 0 0 0 0 0 0 0 0 0 0 0 0 0 0 0 0 0 0 0 0 0 0 0 0 0 0 0 0 0 0 0 0 0 0 0 0 0 
0 0 0 0 0 0 0 0 0 0 0 0 0 0 0 0 0 0 0 0 0 0 0 0 0 0 0 0 0 0 0 0 0 0 0 0 0 0 0 0 0 0 0 0 0 0 0 0 0 0 0 0 0 0 0 0 0 0 0 0 0 0 0 0 0 0 0 0 0 0 0 0 0 0 0 0 0 0 0 0 0 0 0 0 0 0 0 0 0 0 0 0 0 0 0 0 0 0 0 0 
0 0 0 0 0 0 0 0 0 0 0 0 0 0 0 0 0 0 0 0 0 0 0 0 0 0 0 0 0 0 0 0 0 0 0 0 0 0 0 0 0 0 0 0 0 0 0 0 0 0 0 0 0 0 0 0 0 0 0 0 0 0 0 0 0 0 0 0 0 0 0 0 0 0 0 0 0 0 0 0 0 0 0 0 0 0 0 0 0 0 0 0 0 0 0 0 0 0 0 0 
0 0 0 0 0 0 0 0 0 0 0 0 0 0 0 0 0 0 0 0 0 0 0 0 0 0 0 0 0 0 0 0 0 0 0 0 0 0 0 0 0 0 0 0 0 0 0 0 0 0 0 0 0 0 0 0 0 0 0 0 0 0 0 0 0 0 0 0 0 0 0 0 0 0 0 0 0 0 0 0 0 0 0 0 0 0 0 0 0 0 0 0 0 0 0 0 0 0 0 0 
0 0 0 0 0 0 0 0 0 0 0 0 0 0 0 0 0 0 0 0 0 0 0 0 0 0 0 0 0 0 0 0 0 0 0 0 0 0 0 0 0 0 0 0 0 0 0 0 0 0 0 0 0 0 0 0 0 0 0 0 0 0 0 0 0 0 0 0 0 0 0 0 0 0 0 0 0 0 0 0 0 0 0 0 0 0 0 0 0 0 0 0 0 0 0 0 0 0 0 0 
0 0 0 0 0 0 0 0 0 0 0 0 0 0 0 0 0 0 0 0 0 0 0 0 0 0 0 0 0 0 0 0 0 0 0 0 0 0 0 0 0 0 0 0 0 0 0 0 0 0 0 0 0 0 0 0 0 0 0 0 0 0 0 0 0 0 0 0 0 0 0 0 0 0 0 0 0 0 0 0 0 0 0 0 0 0 0 0 0 0 0 0 0 0 0 0 0 0 0 0 
0 0 0 0 0 0 0 0 0 0 0 0 0 0 0 0 0 0 0 0 0 0 0 0 0 0 0 0 0 0 0 0 0 0 0 0 0 0 0 0 0 0 0 0 0 0 0 0 0 0 0 0 0 0 0 0 0 0 0 0 0 0 0 0 0 0 0 0 0 0 0 0 0 0 0 0 0 0 0 0 0 0 0 0 0 0 0 0 0 0 0 0 0 0 0 0 0 0 0 0 
0 0 0 0 0 0 0 0 0 0 0 0 0 0 0 0 0 0 0 0 0 0 0 0 0 0 0 0 0 0 0 0 0 0 0 0 0 0 0 0 0 0 0 0 0 0 0 0 0 0 0 0 0 0 0 0 0 0 0 0 0 0 0 0 0 0 0 0 0 0 0 0 0 0 0 0 0 0 0 0 0 0 0 0 0 0 0 0 0 0 0 0 0 0 0 0 0 0 0 0 
0 0 0 0 0 0 0 0 0 0 0 0 0 0 0 0 0 0 0 0 0 0 0 0 0 0 0 0 0 0 0 0 0 0 0 0 0 0 0 0 0 0 0 0 0 0 0 0 0 0 0 0 0 0 0 0 0 0 0 0 0 0 0 0 0 0 0 0 0 0 0 0 0 0 0 0 0 0 0 0 0 0 0 0 0 0 0 0 0 0 0 0 0 0 0 0 0 0 0 0 
0 0 0 0 0 0 0 0 0 0 0 0 0 0 0 0 0 0 0 0 0 0 0 0 0 0 0 0 0 0 0 0 0 0 0 0 0 0 0 0 0 0 0 0 0 0 0 0 0 0 0 0 0 0 0 0 0 0 0 0 0 0 0 0 0 0 0 0 0 0 0 0 0 0 0 0 0 0 0 0 0 0 0 0 0 0 0 0 0 0 0 0 0 0 0 0 0 0 0 0 
0 0 0 0 0 0 0 0 0 0 0 0 0 0 0 0 0 0 0 0 0 0 0 0 0 0 0 0 0 0 0 0 0 0 0 0 0 0 0 0 0 0 0 0 0 0 0 0 0 0 0 0 0 0 0 0 0 0 0 0 0 0 0 0 0 0 0 0 0 0 0 0 0 0 0 0 0 0 0 0 0 0 0 0 0 0 0 0 0 0 0 0 0 0 0 0 0 0 0 0 
0 0 0 0 0 0 0 0 0 0 0 0 0 0 0 0 0 0 0 0 0 0 0 0 0 0 0 0 0 0 0 0 0 0 0 0 0 0 0 0 0 0 0 0 0 0 0 0 0 0 0 0 0 0 0 0 0 0 0 0 0 0 0 0 0 0 0 0 0 0 0 0 0 0 0 0 0 0 0 0 0 0 0 0 0 0 0 0 0 0 0 0 0 0 0 0 0 0 0 0 
0 0 0 0 0 0 0 0 0 0 0 0 0 0 0 0 0 0 0 0 0 0 0 0 0 0 0 0 0 0 0 0 0 0 0 0 0 0 0 0 0 0 0 0 0 0 0 0 0 0 0 0 0 0 0 0 0 0 0 0 0 0 0 0 0 0 0 0 0 0 0 0 0 0 0 0 0 0 0 0 0 0 0 0 0 0 0 0 0 0 0 0 0 0 0 0 0 0 0 0 
0 0 0 0 0 0 0 0 0 0 0 0 0 0 0 0 0 0 0 0 0 0 0 0 0 0 0 0 0 0 0 0 0 0 0 0 0 0 0 0 0 0 0 0 0 0 0 0 0 0 0 0 0 0 0 0 0 0 0 0 0 0 0 0 0 0 0 0 0 0 0 0 0 0 0 0 0 0 0 0 0 0 0 0 0 0 0 0 0 0 0 0 0 0 0 0 0 0 0 0 
0 0 0 0 0 0 0 0 0 0 0 0 0 0 0 0 0 0 0 0 0 0 0 0 0 0 0 0 0 0 0 0 0 0 0 0 0 0 0 0 0 0 0 0 0 0 0 0 0 0 0 0 0 0 0 0 0 0 0 0 0 0 0 0 0 0 0 0 0 0 0 0 0 0 0 0 0 0 0 0 0 0 0 0 0 0 0 0 0 0 0 0 0 0 0 0 0 0 0 0 
0 0 0 0 0 0 0 0 0 0 0 0 0 0 0 0 0 0 0 0 0 0 0 0 0 0 0 0 0 0 0 0 0 0 0 0 0 0 0 0 0 0 0 0 0 0 0 0 0 0 0 0 0 0 0 0 0 0 0 0 0 0 0 0 0 0 0 0 0 0 0 0 0 0 0 0 0 0 0 0 0 0 0 0 0 0 0 0 0 0 0 0 0 0 0 0 0 0 0 0 
0 0 0 0 0 0 0 0 0 0 0 0 0 0 0 0 0 0 0 0 0 0 0 0 0 0 0 0 0 0 0 0 0 0 0 0 0 0 0 0 0 0 0 0 0 0 0 0 0 0 0 0 0 0 0 0 0 0 0 0 0 0 0 0 0 0 0 0 0 0 0 0 0 0 0 0 0 0 0 0 0 0 0 0 0 0 0 0 0 0 0 0 0 0 0 0 0 0 0 0 
0 0 0 0 0 0 0 0 0 0 0 0 0 0 0 0 0 0 0 0 0 0 0 0 0 0 0 0 0 0 0 0 0 0 0 0 0 0 0 0 0 0 0 0 0 0 0 0 0 0 0 0 0 0 0 0 0 0 0 0 0 0 0 0 0 0 0 0 0 0 0 0 0 0 0 0 0 0 0 0 0 0 0 0 0 0 0 0 0 0 0 0 0 0 0 0 0 0 0 0 
0 0 0 0 0 0 0 0 0 0 0 0 0 0 0 0 0 0 0 0 0 0 0 0 0 0 0 0 0 0 0 0 0 0 0 0 0 0 0 0 0 0 0 0 0 0 0 0 0 0 0 0 0 0 0 0 0 0 0 0 0 0 0 0 0 0 0 0 0 0 0 0 0 0 0 0 0 0 0 0 0 0 0 0 0 0 0 0 0 0 0 0 0 0 0 0 0 0 0 0 
0 0 0 0 0 0 0 0 0 0 0 0 0 0 0 0 0 0 0 0 0 0 0 0 0 0 0 0 0 0 0 0 0 0 0 0 0 0 0 0 0 0 0 0 0 0 0 0 0 0 0 0 0 0 0 0 0 0 0 0 0 0 0 0 0 0 0 0 0 0 0 0 0 0 0 0 0 0 0 0 0 0 0 0 0 0 0 0 0 0 0 0 0 0 0 0 0 0 0 0 
0 0 0 0 0 0 0 0 0 0 0 0 0 0 0 0 0 0 0 0 0 0 0 0 0 0 0 0 0 0 0 0 0 0 0 0 0 0 0 0 0 0 0 0 0 0 0 0 0 0 0 0 0 0 0 0 0 0 0 0 0 0 0 0 0 0 0 0 0 0 0 0 0 0 0 0 0 0 0 0 0 0 0 0 0 0 0 0 0 0 0 0 0 0 0 0 0 0 0 0 
0 0 0 0 0 0 0 0 0 0 0 0 0 0 0 0 0 0 0 0 0 0 0 0 0 0 0 0 0 0 0 0 0 0 0 0 0 0 0 0 0 0 0 0 0 0 0 0 0 0 0 0 0 0 0 0 0 0 0 0 0 0 0 0 0 0 0 0 0 0 0 0 0 0 0 0 0 0 0 0 0 0 0 0 0 0 0 0 0 0 0 0 0 0 0 0 0 0 0 0 
0 0 0 0 0 0 0 0 0 0 0 0 0 0 0 0 0 0 0 0 0 0 0 0 0 0 0 0 0 0 0 0 0 0 0 0 0 0 0 0 0 0 0 0 0 0 0 0 0 0 0 0 0 0 0 0 0 0 0 0 0 0 0 0 0 0 0 0 0 0 0 0 0 0 0 0 0 0 0 0 0 0 0 0 0 0 0 0 0 0 0 0 0 0 0 0 0 0 0 0 
0 0 0 0 0 0 0 0 0 0 0 0 0 0 0 0 0 0 0 0 0 0 0 0 0 0 0 0 0 0 0 0 0 0 0 0 0 0 0 0 0 0 0 0 0 0 0 0 0 0 0 0 0 0 0 0 0 0 0 0 0 0 0 0 0 0 0 0 0 0 0 0 0 0 0 0 0 0 0 0 0 0 0 0 0 0 0 0 0 0 0 0 0 0 0 0 0 0 0 0 
0 0 0 0 0 0 0 0 0 0 0 0 0 0 0 0 0 0 0 0 0 0 0 0 0 0 0 0 0 0 0 0 0 0 0 0 0 0 0 0 0 0 0 0 0 0 0 0 0 0 0 0 0 0 0 0 0 0 0 0 0 0 0 0 0 0 0 0 0 0 0 0 0 0 0 0 0 0 0 0 0 0 0 0 0 0 0 0 0 0 0 0 0 0 0 0 0 0 0 0 
0 0 0 0 0 0 0 0 0 0 0 0 0 0 0 0 0 0 0 0 0 0 0 0 0 0 0 0 0 0 0 0 0 0 0 0 0 0 0 0 0 0 0 0 0 0 0 0 0 0 0 0 0 0 0 0 0 0 0 0 0 0 0 0 0 0 0 0 0 0 0 0 0 0 0 0 0 0 0 0 0 0 0 0 0 0 0 0 0 0 0 0 0 0 0 0 0 0 0 0 
0 0 0 0 0 0 0 0 0 0 0 0 0 0 0 0 0 0 0 0 0 0 0 0 0 0 0 0 0 0 0 0 0 0 0 0 0 0 0 0 0 0 0 0 0 0 0 0 0 0 0 0 0 0 0 0 0 0 0 0 0 0 0 0 0 0 0 0 0 0 0 0 0 0 0 0 0 0 0 0 0 0 0 0 0 0 0 0 0 0 0 0 0 0 0 0 0 0 0 0 
0 0 0 0 0 0 0 0 0 0 0 0 0 0 0 0 0 0 0 0 0 0 0 0 0 0 0 0 0 0 0 0 0 0 0 0 0 0 0 0 0 0 0 0 0 0 0 0 0 0 0 0 0 0 0 0 0 0 0 0 0 0 0 0 0 0 0 0 0 0 0 0 0 0 0 0 0 0 0 0 0 0 0 0 0 0 0 0 0 0 0 0 0 0 0 0 0 0 0 0 
0 0 0 0 0 0 0 0 0 0 0 0 0 0 0 0 0 0 0 0 0 0 0 0 0 0 0 0 0 0 0 0 0 0 0 0 0 0 0 0 0 0 0 0 0 0 0 0 0 0 0 0 0 0 0 0 0 0 0 0 0 0 0 0 0 0 0 0 0 0 0 0 0 0 0 0 0 0 0 0 0 0 0 0 0 0 0 0 0 0 0 0 0 0 0 0 0 0 0 0 
0 0 0 0 0 0 0 0 0 0 0 0 0 0 0 0 0 0 0 0 0 0 0 0 0 0 0 0 0 0 0 0 0 0 0 0 0 0 0 0 0 0 0 0 0 0 0 0 0 0 0 0 0 0 0 0 0 0 0 0 0 0 0 0 0 0 0 0 0 0 0 0 0 0 0 0 0 0 0 0 0 0 0 0 0 0 0 0 0 0 0 0 0 0 0 0 0 0 0 0 
0 0 0 0 0 0 0 0 0 0 0 0 0 0 0 0 0 0 0 0 0 0 0 0 0 0 0 0 0 0 0 0 0 0 0 0 0 0 0 0 0 0 0 0 0 0 0 0 0 0 0 0 0 0 0 0 0 0 0 0 0 0 0 0 0 0 0 0 0 0 0 0 0 0 0 0 0 0 0 0 0 0 0 0 0 0 0 0 0 0 0 0 0 0 0 0 0 0 0 0 
0 0 0 0 0 0 0 0 0 0 0 0 0 0 0 0 0 0 0 0 0 0 0 0 0 0 0 0 0 0 0 0 0 0 0 0 0 0 0 0 0 0 0 0 0 0 0 0 0 0 0 0 0 0 0 0 0 0 0 0 0 0 0 0 0 0 0 0 0 0 0 0 0 0 0 0 0 0 0 0 0 0 0 0 0 0 0 0 0 0 0 0 0 0 0 0 0 0 0 0 

0 0 0 0 0 0 0 0 0 0 0 0 0 0 0 0 0 0 0 0 0 0 0 0 0 0 0 0 0 0 0 0 0 0 0 0 0 0 0 0 0 0 0 0 0 0 0 0 0 0 0 0 0 0 0 0 0 0 0 0 0 0 0 0 0 0 0 0 0 0 0 0 0 0 0 0 0 0 0 0 0 0 0 0 0 0 0 0 0 0 0 0 0 0 0 0 0 0 0 0 
0 0 0 0 0 0 0 0 0 0 0 0 0 0 0 0 0 0 0 0 0 0 0 0 0 0 0 0 0 0 0 0 0 0 0 0 0 0 0 0 0 0 0 0 0 0 0 0 0 0 0 0 0 0 0 0 0 0 0 0 0 0 0 0 0 0 0 0 0 0 0 0 0 0 0 0 0 0 0 0 0 0 0 0 0 0 0 0 0 0 0 0 0 0 0 0 0 0 0 0 
0 0 0 0 0 0 0 0 0 0 0 0 0 0 0 0 0 0 0 0 0 0 0 0 0 0 0 0 0 0 0 0 0 0 0 0 0 0 0 0 0 0 0 0 0 0 0 0 0 0 0 0 0 0 0 0 0 0 0 0 0 0 0 0 0 0 0 0 0 0 0 0 0 0 0 0 0 0 0 0 0 0 0 0 0 0 0 0 0 0 0 0 0 0 0 0 0 0 0 0 
0 0 0 0 0 0 0 0 0 0 0 0 0 0 0 0 0 0 0 0 0 0 0 0 0 0 0 0 0 0 0 0 0 0 0 0 0 0 0 0 0 0 0 0 0 0 0 0 0 0 0 0 0 0 0 0 0 0 0 0 0 0 0 0 0 0 0 0 0 0 0 0 0 0 0 0 0 0 0 0 0 0 0 0 0 0 0 0 0 0 0 0 0 0 0 0 0 0 0 0 
0 0 0 0 0 0 0 0 0 0 0 0 0 0 0 0 0 0 0 0 0 0 0 0 0 0 0 0 0 0 0 0 0 0 0 0 0 0 0 0 0 0 0 0 0 0 0 0 0 0 0 0 0 0 0 0 0 0 0 0 0 0 0 0 0 0 0 0 0 0 0 0 0 0 0 0 0 0 0 0 0 0 0 0 0 0 0 0 0 0 0 0 0 0 0 0 0 0 0 0 
0 0 0 0 0 0 0 0 0 0 0 0 0 0 0 0 0 0 0 0 0 0 0 0 0 0 0 0 0 0 0 0 0 0 0 0 0 0 0 0 0 0 0 0 0 0 0 0 0 0 0 0 0 0 0 0 0 0 0 0 0 0 0 0 0 0 0 0 0 0 0 0 0 0 0 0 0 0 0 0 0 0 0 0 0 0 0 0 0 0 0 0 0 0 0 0 0 0 0 0 
0 0 0 0 0 0 0 0 0 0 0 0 0 0 0 0 0 0 0 0 0 0 0 0 0 0 0 0 0 0 0 0 0 0 0 0 0 0 0 0 0 0 0 0 0 0 0 0 0 0 0 0 0 0 0 0 0 0 0 0 0 0 0 0 0 0 0 0 0 0 0 0 0 0 0 0 0 0 0 0 0 0 0 0 0 0 0 0 0 0 0 0 0 0 0 0 0 0 0 0 
0 0 0 0 0 0 0 0 0 0 0 0 0 0 0 0 0 0 0 0 0 0 0 0 0 0 0 0 0 0 0 0 0 0 0 0 0 0 0 0 0 0 0 0 0 0 0 0 0 0 0 0 0 0 0 0 0 0 0 0 0 0 0 0 0 0 0 0 0 0 0 0 0 0 0 0 0 0 0 0 0 0 0 0 0 0 0 0 0 0 0 0 0 0 0 0 0 0 0 0 
0 0 0 0 0 0 0 0 0 0 0 0 0 0 0 0 0 0 0 0 0 0 0 0 0 0 0 0 0 0 0 0 0 0 0 0 0 0 0 0 0 0 0 0 0 0 0 0 0 0 0 0 0 0 0 0 0 0 0 0 0 0 0 0 0 0 0 0 0 0 0 0 0 0 0 0 0 0 0 0 0 0 0 0 0 0 0 0 0 0 0 0 0 0 0 0 0 0 0 0 
0 0 0 0 0 0 0 0 0 0 0 0 0 0 0 0 0 0 0 0 0 0 0 0 0 0 0 0 0 0 0 0 0 0 0 0 0 0 0 0 0 0 0 0 0 0 0 0 0 0 0 0 0 0 0 0 0 0 0 0 0 0 0 0 0 0 0 0 0 0 0 0 0 0 0 0 0 0 0 0 0 0 0 0 0 0 0 0 0 0 0 0 0 0 0 0 0 0 0 0 
0 0 0 0 0 0 0 0 0 0 0 0 0 0 0 0 0 0 0 0 0 0 0 0 0 0 0 0 0 0 0 0 0 0 0 0 0 0 0 0 0 0 0 0 0 0 0 0 0 0 0 0 0 0 0 0 0 0 0 0 0 0 0 0 0 0 0 0 0 0 0 0 0 0 0 0 0 0 0 0 0 0 0 0 0 0 0 0 0 0 0 0 0 0 0 0 0 0 0 0 
0 0 0 0 0 0 0 0 0 0 0 0 0 0 0 0 0 0 0 0 0 0 0 0 0 0 0 0 0 0 0 0 0 0 0 0 0 0 0 0 0 0 0 0 0 0 0 0 0 0 0 0 0 0 0 0 0 0 0 0 0 0 0 0 0 0 0 0 0 0 0 0 0 0 0 0 0 0 0 0 0 0 0 0 0 0 0 0 0 0 0 0 0 0 0 0 0 0 0 0 
0 0 0 0 0 0 0 0 0 0 0 0 0 0 0 0 0 0 0 0 0 0 0 0 0 0 0 0 0 0 0 0 0 0 0 0 0 0 0 0 0 0 0 0 0 0 0 0 0 0 0 0 0 0 0 0 0 0 0 0 0 0 0 0 0 0 0 0 0 0 0 0 0 0 0 0 0 0 0 0 0 0 0 0 0 0 0 0 0 0 0 0 0 0 0 0 0 0 0 0 
0 0 0 0 0 0 0 0 0 0 0 0 0 0 0 0 0 0 0 0 0 0 0 0 0 0 0 0 0 0 0 0 0 0 0 0 0 0 0 0 0 0 0 0 0 0 0 0 0 0 0 0 0 0 0 0 0 0 0 0 0 0 0 0 0 0 0 0 0 0 0 0 0 0 0 0 0 0 0 0 0 0 0 0 0 0 0 0 0 0 0 0 0 0 0 0 0 0 0 0 
0 0 0 0 0 0 0 0 0 0 0 0 0 0 0 0 0 0 0 0 0 0 0 0 0 0 0 0 0 0 0 0 0 0 0 0 0 0 0 0 0 0 0 0 0 0 0 0 0 0 0 0 0 0 0 0 0 0 0 0 0 0 0 0 0 0 0 0 0 0 0 0 0 0 0 0 0 0 0 0 0 0 0 0 0 0 0 0 0 0 0 0 0 0 0 0 0 0 0 0 
0 0 0 0 0 0 0 0 0 0 0 0 0 0 0 0 0 0 0 0 0 0 0 0 0 0 0 0 0 0 0 0 0 0 0 0 0 0 0 0 0 0 0 0 0 0 0 0 0 0 0 0 0 0 0 0 0 0 0 0 0 0 0 0 0 0 0 0 0 0 0 0 0 0 0 0 0 0 0 0 0 0 0 0 0 0 0 0 0 0 0 0 0 0 0 0 0 0 0 0 
0 0 0 0 0 0 0 0 0 0 0 0 0 0 0 0 0 0 0 0 0 0 0 0 0 0 0 0 0 0 0 0 0 0 0 0 0 0 0 0 0 0 0 0 0 0 0 0 0 0 0 0 0 0 0 0 0 0 0 0 0 0 0 0 0 0 0 0 0 0 0 0 0 0 0 0 0 0 0 0 0 0 0 0 0 0 0 0 0 0 0 0 0 0 0 0 0 0 0 0 
0 0 0 0 0 0 0 0 0 0 0 0 0 0 0 0 0 0 0 0 0 0 0 0 0 0 0 0 0 0 0 0 0 0 0 0 0 0 0 0 0 0 0 0 0 0 0 0 0 0 0 0 0 0 0 0 0 0 0 0 0 0 0 0 0 0 0 0 0 0 0 0 0 0 0 0 0 0 0 0 0 0 0 0 0 0 0 0 0 0 0 0 0 0 0 0 0 0 0 0 
0 0 0 0 0 0 0 0 0 0 0 0 0 0 0 0 0 0 0 0 0 0 0 0 0 0 0 0 0 0 0 0 0 0 0 0 0 0 0 0 0 0 0 0 0 0 0 0 0 0 0 0 0 0 0 0 0 0 0 0 0 0 0 0 0 0 0 0 0 0 0 0 0 0 0 0 0 0 0 0 0 0 0 0 0 0 0 0 0 0 0 0 0 0 0 0 0 0 0 0 
0 0 0 0 0 0 0 0 0 0 0 0 0 0 0 0 0 0 0 0 0 0 0 0 0 0 0 0 0 0 0 0 0 0 0 0 0 0 0 0 0 0 0 0 0 0 0 0 0 0 0 0 0 0 0 0 0 0 0 0 0 0 0 0 0 0 0 0 0 0 0 0 0 0 0 0 0 0 0 0 0 0 0 0 0 0 0 0 0 0 0 0 0 0 0 0 0 0 0 0 
0 0 0 0 0 0 0 0 0 0 0 0 0 0 0 0 0 0 0 0 0 0 0 0 0 0 0 0 0 0 0 0 0 0 0 0 0 0 0 0 0 0 0 0 0 0 0 0 0 0 0 0 0 0 0 0 0 0 0 0 0 0 0 0 0 0 0 0 0 0 0 0 0 0 0 0 0 0 0 0 0 0 0 0 0 0 0 0 0 0 0 0 0 0 0 0 0 0 0 0 
0 0 0 0 0 0 0 0 0 0 0 0 0 0 0 0 0 0 0 0 0 0 0 0 0 0 0 0 0 0 0 0 0 0 0 0 0 0 0 0 0 0 0 0 0 0 0 0 0 0 0 0 0 0 0 0 0 0 0 0 0 0 0 0 0 0 0 0 0 0 0 0 0 0 0 0 0 0 0 0 0 0 0 0 0 0 0 0 0 0 0 0 0 0 0 0 0 0 0 0 
0 0 0 0 0 0 0 0 0 0 0 0 0 0 0 0 0 0 0 0 0 0 0 0 0 0 0 0 0 0 0 0 0 0 0 0 0 0 0 0 0 0 0 0 0 0 0 0 0 0 0 0 0 0 0 0 0 0 0 0 0 0 0 0 0 0 0 0 0 0 0 0 0 0 0 0 0 0 0 0 0 0 0 0 0 0 0 0 0 0 0 0 0 0 0 0 0 0 0 0 
0 0 0 0 0 0 0 0 0 0 0 0 0 0 0 0 0 0 0 0 0 0 0 0 0 0 0 0 0 0 0 0 0 0 0 0 0 0 0 0 0 0 0 0 0 0 0 0 0 0 0 0 0 0 0 0 0 0 0 0 0 0 0 0 0 0 0 0 0 0 0 0 0 0 0 0 0 0 0 0 0 0 0 0 0 0 0 0 0 0 0 0 0 0 0 0 0 0 0 0 
0 0 0 0 0 0 0 0 0 0 0 0 0 0 0 0 0 0 0 0 0 0 0 0 0 0 0 0 0 0 0 0 0 0 0 0 0 0 0 0 0 0 0 0 0 0 0 0 0 0 0 0 0 0 0 0 0 0 0 0 0 0 0 0 0 0 0 0 0 0 0 0 0 0 0 0 0 0 0 0 0 0 0 0 0 0 0 0 0 0 0 0 0 0 0 0 0 0 0 0 
0 0 0 0 0 0 0 0 0 0 0 0 0 0 0 0 0 0 0 0 0 0 0 0 0 0 0 0 0 0 0 0 0 0 0 0 0 0 0 0 0 0 0 0 0 0 0 0 0 0 0 0 0 0 0 0 0 0 0 0 0 0 0 0 0 0 0 0 0 0 0 0 0 0 0 0 0 0 0 0 0 0 0 0 0 0 0 0 0 0 0 0 0 0 0 0 0 0 0 0 
0 0 0 0 0 0 0 0 0 0 0 0 0 0 0 0 0 0 0 0 0 0 0 0 0 0 0 0 0 0 0 0 0 0 0 0 0 0 0 0 0 0 0 0 0 0 0 0 0 0 0 0 0 0 0 0 0 0 0 0 0 0 0 0 0 0 0 0 0 0 0 0 0 0 0 0 0 0 0 0 0 0 0 0 0 0 0 0 0 0 0 0 0 0 0 0 0 0 0 0 
0 0 0 0 0 0 0 0 0 0 0 0 0 0 0 0 0 0 0 0 0 0 0 0 0 0 0 0 0 0 0 0 0 0 0 0 0 0 0 0 0 0 0 0 0 0 0 0 0 0 0 0 0 0 0 0 0 0 0 0 0 0 0 0 0 0 0 0 0 0 0 0 0 0 0 0 0 0 0 0 0 0 0 0 0 0 0 0 0 0 0 0 0 0 0 0 0 0 0 0 
0 0 0 0 0 0 0 0 0 0 0 0 0 0 0 0 0 0 0 0 0 0 0 0 0 0 0 0 0 0 0 0 0 0 0 0 0 0 0 0 0 0 0 0 0 0 0 0 0 0 0 0 0 0 0 0 0 0 0 0 0 0 0 0 0 0 0 0 0 0 0 0 0 0 0 0 0 0 0 0 0 0 0 0 0 0 0 0 0 0 0 0 0 0 0 0 0 0 0 0 
0 0 0 0 0 0 0 0 0 0 0 0 0 0 0 0 0 0 0 0 0 0 0 0 0 0 0 0 0 0 0 0 0 0 0 0 0 0 0 0 0 0 0 0 0 0 0 0 0 0 0 0 0 0 0 0 0 0 0 0 0 0 0 0 0 0 0 0 0 0 0 0 0 0 0 0 0 0 0 0 0 0 0 0 0 0 0 0 0 0 0 0 0 0 0 0 0 0 0 0 
0 0 0 0 0 0 0 0 0 0 0 0 0 0 0 0 0 0 0 0 0 0 0 0 0 0 0 0 0 0 0 0 0 0 0 0 0 0 0 0 0 0 0 0 0 0 0 0 0 0 0 0 0 0 0 0 0 0 0 0 0 0 0 0 0 0 0 0 0 0 0 0 0 0 0 0 0 0 0 0 0 0 0 0 0 0 0 0 0 0 0 0 0 0 0 0 0 0 0 0 
0 0 0 0 0 0 0 0 0 0 0 0 0 0 0 0 0 0 0 0 0 0 0 0 0 0 0 0 0 0 0 0 0 0 0 0 0 0 0 0 0 0 0 0 0 0 0 0 0 0 0 0 0 0 0 0 0 0 0 0 0 0 0 0 0 0 0 0 0 0 0 0 0 0 0 0 0 0 0 0 0 0 0 0 0 0 0 0 0 0 0 0 0 0 0 0 0 0 0 0 
0 0 0 0 0 0 0 0 0 0 0 0 0 0 0 0 0 0 0 0 0 0 0 0 0 0 0 0 0 0 0 0 0 0 0 0 0 0 0 0 0 0 0 0 0 0 0 0 0 0 0 0 0 0 0 0 0 0 0 0 0 0 0 0 0 0 0 0 0 0 0 0 0 0 0 0 0 0 0 0 0 0 0 0 0 0 0 0 0 0 0 0 0 0 0 0 0 0 0 0 
0 0 0 0 0 0 0 0 0 0 0 0 0 0 0 0 0 0 0 0 0 0 0 0 0 0 0 0 0 0 0 0 0 0 0 0 0 0 0 0 0 0 0 0 0 0 0 0 0 0 0 0 0 0 0 0 0 0 0 0 0 0 0 0 0 0 0 0 0 0 0 0 0 0 0 0 0 0 0 0 0 0 0 0 0 0 0 0 0 0 0 0 0 0 0 0 0 0 0 0 
0 0 0 0 0 0 0 0 0 0 0 0 0 0 0 0 0 0 0 0 0 0 0 0 0 0 0 0 0 0 0 0 0 0 0 0 0 0 0 0 0 0 0 0 0 0 0 0 0 0 0 0 0 0 0 0 0 0 0 0 0 0 0 0 0 0 0 0 0 0 0 0 0 0 0 0 0 0 0 0 0 0 0 0 0 0 0 0 0 0 0 0 0 0 0 0 0 0 0 0 
0 0 0 0 0 0 0 0 0 0 0 0 0 0 0 0 0 0 0 0 0 0 0 0 0 0 0 0 0 0 0 0 0 0 0 0 0 0 0 0 0 0 0 0 0 0 0 0 0 0 0 0 0 0 0 0 0 0 0 0 0 0 0 0 0 0 0 0 0 0 0 0 0 0 0 0 0 0 0 0 0 0 0 0 0 0 0 0 0 0 0 0 0 0 0 0 0 0 0 0 
0 0 0 0 0 0 0 0 0 0 0 0 0 0 0 0 0 0 0 0 0 0 0 0 0 0 0 0 0 0 0 0 0 0 0 0 0 0 0 0 0 0 0 0 0 0 0 0 0 0 0 0 0 0 0 0 0 0 0 0 0 0 0 0 0 0 0 0 0 0 0 0 0 0 0 0 0 0 0 0 0 0 0 0 0 0 0 0 0 0 0 0 0 0 0 0 0 0 0 0 
0 0 0 0 0 0 0 0 0 0 0 0 0 0 0 0 0 0 0 0 0 0 0 0 0 0 0 0 0 0 0 0 0 0 0 0 0 0 0 0 0 0 0 0 0 0 0 0 0 0 0 0 0 0 0 0 0 0 0 0 0 0 0 0 0 0 0 0 0 0 0 0 0 0 0 0 0 0 0 0 0 0 0 0 0 0 0 0 0 0 0 0 0 0 0 0 0 0 0 0 
0 0 0 0 0 0 0 0 0 0 0 0 0 0 0 0 0 0 0 0 0 0 0 0 0 0 0 0 0 0 0 0 0 0 0 0 0 0 0 0 0 0 0 0 0 0 0 0 0 0 0 0 0 0 0 0 0 0 0 0 0 0 0 0 0 0 0 0 0 0 0 0 0 0 0 0 0 0 0 0 0 0 0 0 0 0 0 0 0 0 0 0 0 0 0 0 0 0 0 0 
0 0 0 0 0 0 0 0 0 0 0 0 0 0 0 0 0 0 0 0 0 0 0 0 0 0 0 0 0 0 0 0 0 0 0 0 0 0 0 0 0 0 0 0 0 0 0 0 0 0 0 0 0 0 0 0 0 0 0 0 0 0 0 0 0 0 0 0 0 0 0 0 0 0 0 0 0 0 0 0 0 0 0 0 0 0 0 0 0 0 0 0 0 0 0 0 0 0 0 0 
0 0 0 0 0 0 0 0 0 0 0 0 0 0 0 0 0 0 0 0 0 0 0 0 0 0 0 0 0 0 0 0 0 0 0 0 0 0 0 0 0 0 0 0 0 0 0 0 0 0 0 0 0 0 0 0 0 0 0 0 0 0 0 0 0 0 0 0 0 0 0 0 0 0 0 0 0 0 0 0 0 0 0 0 0 0 0 0 0 0 0 0 0 0 0 0 0 0 0 0 
0 0 0 0 0 0 0 0 0 0 0 0 0 0 0 0 0 0 0 0 0 0 0 0 0 0 0 0 0 0 0 0 0 0 0 0 0 0 0 0 0 0 0 0 0 0 0 0 0 0 0 0 0 0 0 0 0 0 0 0 0 0 0 0 0 0 0 0 0 0 0 0 0 0 0 0 0 0 0 0 0 0 0 0 0 0 0 0 0 0 0 0 0 0 0 0 0 0 0 0 
0 0 0 0 0 0 0 0 0 0 0 0 0 0 0 0 0 0 0 0 0 0 0 0 0 0 0 0 0 0 0 0 0 0 0 0 0 0 0 0 0 0 0 0 0 0 0 0 0 0 0 0 0 0 0 0 0 0 0 0 0 0 0 0 0 0 0 0 0 0 0 0 0 0 0 0 0 0 0 0 0 0 0 0 0 0 0 0 0 0 0 0 0 0 0 0 0 0 0 0 
0 0 0 0 0 0 0 0 0 0 0 0 0 0 0 0 0 0 0 0 0 0 0 0 0 0 0 0 0 0 0 0 0 0 0 0 0 0 0 0 0 0 0 0 0 0 0 0 0 0 0 0 0 0 0 0 0 0 0 0 0 0 0 0 0 0 0 0 0 0 0 0 0 0 0 0 0 0 0 0 0 0 0 0 0 0 0 0 0 0 0 0 0 0 0 0 0 0 0 0 
0 0 0 0 0 0 0 0 0 0 0 0 0 0 0 0 0 0 0 0 0 0 0 0 0 0 0 0 0 0 0 0 0 0 0 0 0 0 0 0 0 0 0 0 0 0 0 0 0 0 0 0 0 0 0 0 0 0 0 0 0 0 0 0 0 0 0 0 0 0 0 0 0 0 0 0 0 0 0 0 0 0 0 0 0 0 0 0 0 0 0 0 0 0 0 0 0 0 0 0 
0 0 0 0 0 0 0 0 0 0 0 0 0 0 0 0 0 0 0 0 0 0 0 0 0 0 0 0 0 0 0 0 0 0 0 0 0 0 0 0 0 0 0 0 0 0 0 0 0 0 0 0 0 0 0 0 0 0 0 0 0 0 0 0 0 0 0 0 0 0 0 0 0 0 0 0 0 0 0 0 0 0 0 0 0 0 0 0 0 0 0 0 0 0 0 0 0 0 0 0 
0 0 0 0 0 0 0 0 0 0 0 0 0 0 0 0 0 0 0 0 0 0 0 0 0 0 0 0 0 0 0 0 0 0 0 0 0 0 0 0 0 0 0 0 0 0 0 0 0 0 0 0 0 0 0 0 0 0 0 0 0 0 0 0 0 0 0 0 0 0 0 0 0 0 0 0 0 0 0 0 0 0 0 0 0 0 0 0 0 0 0 0 0 0 0 0 0 0 0 0 
0 0 0 0 0 0 0 0 0 0 0 0 0 0 0 0 0 0 0 0 0 0 0 0 0 0 0 0 0 0 0 0 0 0 0 0 0 0 0 0 0 0 0 0 0 0 0 0 0 0 0 0 0 0 0 0 0 0 0 0 0 0 0 0 0 0 0 0 0 0 0 0 0 0 0 0 0 0 0 0 0 0 0 0 0 0 0 0 0 0 0 0 0 0 0 0 0 0 0 0 
0 0 0 0 0 0 0 0 0 0 0 0 0 0 0 0 0 0 0 0 0 0 0 0 0 0 0 0 0 0 0 0 0 0 0 0 0 0 0 0 0 0 0 0 0 0 0 0 0 0 0 0 0 0 0 0 0 0 0 0 0 0 0 0 0 0 0 0 0 0 0 0 0 0 0 0 0 0 0 0 0 0 0 0 0 0 0 0 0 0 0 0 0 0 0 0 0 0 0 0 
0 0 0 0 0 0 0 0 0 0 0 0 0 0 0 0 0 0 0 0 0 0 0 0 0 0 0 0 0 0 0 0 0 0 0 0 0 0 0 0 0 0 0 0 0 0 0 0 0 0 0 0 0 0 0 0 0 0 0 0 0 0 0 0 0 0 0 0 0 0 0 0 0 0 0 0 0 0 0 0 0 0 0 0 0 0 0 0 0 0 0 0 0 0 0 0 0 0 0 0 
0 0 0 0 0 0 0 0 0 0 0 0 0 0 0 0 0 0 0 0 0 0 0 0 0 0 0 0 0 0 0 0 0 0 0 0 0 0 0 0 0 0 0 0 0 0 0 0 0 0 0 0 0 0 0 0 0 0 0 0 0 0 0 0 0 0 0 0 0 0 0 0 0 0 0 0 0 0 0 0 0 0 0 0 0 0 0 0 0 0 0 0 0 0 0 0 0 0 0 0 
0 0 0 0 0 0 0 0 0 0 0 0 0 0 0 0 0 0 0 0 0 0 0 0 0 0 0 0 0 0 0 0 0 0 0 0 0 0 0 0 0 0 0 0 0 0 0 0 0 0 0 0 0 0 0 0 0 0 0 0 0 0 0 0 0 0 0 0 0 0 0 0 0 0 0 0 0 0 0 0 0 0 0 0 0 0 0 0 0 0 0 0 0 0 0 0 0 0 0 0 
0 0 0 0 0 0 0 0 0 0 0 0 0 0 0 0 0 0 0 0 0 0 0 0 0 0 0 0 0 0 0 0 0 0 0 0 0 0 0 0 0 0 0 0 0 0 0 0 0 0 0 0 0 0 0 0 0 0 0 0 0 0 0 0 0 0 0 0 0 0 0 0 0 0 0 0 0 0 0 0 0 0 0 0 0 0 0 0 0 0 0 0 0 0 0 0 0 0 0 0 
0 0 0 0 0 0 0 0 0 0 0 0 0 0 0 0 0 0 0 0 0 0 0 0 0 0 0 0 0 0 0 0 0 0 0 0 0 0 0 0 0 0 0 0 0 0 0 0 0 0 0 0 0 0 0 0 0 0 0 0 0 0 0 0 0 0 0 0 0 0 0 0 0 0 0 0 0 0 0 0 0 0 0 0 0 0 0 0 0 0 0 0 0 0 0 0 0 0 0 0 
0 0 0 0 0 0 0 0 0 0 0 0 0 0 0 0 0 0 0 0 0 0 0 0 0 0 0 0 0 0 0 0 0 0 0 0 0 0 0 0 0 0 0 0 0 0 0 0 0 0 0 0 0 0 0 0 0 0 0 0 0 0 0 0 0 0 0 0 0 0 0 0 0 0 0 0 0 0 0 0 0 0 0 0 0 0 0 0 0 0 0 0 0 0 0 0 0 0 0 0 
0 0 0 0 0 0 0 0 0 0 0 0 0 0 0 0 0 0 0 0 0 0 0 0 0 0 0 0 0 0 0 0 0 0 0 0 0 0 0 0 0 0 0 0 0 0 0 0 0 0 0 0 0 0 0 0 0 0 0 0 0 0 0 0 0 0 0 0 0 0 0 0 0 0 0 0 0 0 0 0 0 0 0 0 0 0 0 0 0 0 0 0 0 0 0 0 0 0 0 0 
0 0 0 0 0 0 0 0 0 0 0 0 0 0 0 0 0 0 0 0 0 0 0 0 0 0 0 0 0 0 0 0 0 0 0 0 0 0 0 0 0 0 0 0 0 0 0 0 0 0 0 0 0 0 0 0 0 0 0 0 0 0 0 0 0 0 0 0 0 0 0 0 0 0 0 0 0 0 0 0 0 0 0 0 0 0 0 0 0 0 0 0 0 0 0 0 0 0 0 0 
0 0 0 0 0 0 0 0 0 0 0 0 0 0 0 0 0 0 0 0 0 0 0 0 0 0 0 0 0 0 0 0 0 0 0 0 0 0 0 0 0 0 0 0 0 0 0 0 0 0 0 0 0 0 0 0 0 0 0 0 0 0 0 0 0 0 0 0 0 0 0 0 0 0 0 0 0 0 0 0 0 0 0 0 0 0 0 0 0 0 0 0 0 0 0 0 0 0 0 0 
0 0 0 0 0 0 0 0 0 0 0 0 0 0 0 0 0 0 0 0 0 0 0 0 0 0 0 0 0 0 0 0 0 0 0 0 0 0 0 0 0 0 0 0 0 0 0 0 0 0 0 0 0 0 0 0 0 0 0 0 0 0 0 0 0 0 0 0 0 0 0 0 0 0 0 0 0 0 0 0 0 0 0 0 0 0 0 0 0 0 0 0 0 0 0 0 0 0 0 0 
0 0 0 0 0 0 0 0 0 0 0 0 0 0 0 0 0 0 0 0 0 0 0 0 0 0 0 0 0 0 0 0 0 0 0 0 0 0 0 0 0 0 0 0 0 0 0 0 0 0 0 0 0 0 0 0 0 0 0 0 0 0 0 0 0 0 0 0 0 0 0 0 0 0 0 0 0 0 0 0 0 0 0 0 0 0 0 0 0 0 0 0 0 0 0 0 0 0 0 0 
0 0 0 0 0 0 0 0 0 0 0 0 0 0 0 0 0 0 0 0 0 0 0 0 0 0 0 0 0 0 0 0 0 0 0 0 0 0 0 0 0 0 0 0 0 0 0 0 0 0 0 0 0 0 0 0 0 0 0 0 0 0 0 0 0 0 0 0 0 0 0 0 0 0 0 0 0 0 0 0 0 0 0 0 0 0 0 0 0 0 0 0 0 0 0 0 0 0 0 0 
0 0 0 0 0 0 0 0 0 0 0 0 0 0 0 0 0 0 0 0 0 0 0 0 0 0 0 0 0 0 0 0 0 0 0 0 0 0 0 0 0 0 0 0 0 0 0 0 0 0 0 0 0 0 0 0 0 0 0 0 0 0 0 0 0 0 0 0 0 0 0 0 0 0 0 0 0 0 0 0 0 0 0 0 0 0 0 0 0 0 0 0 0 0 0 0 0 0 0 0 
0 0 0 0 0 0 0 0 0 0 0 0 0 0 0 0 0 0 0 0 0 0 0 0 0 0 0 0 0 0 0 0 0 0 0 0 0 0 0 0 0 0 0 0 0 0 0 0 0 0 0 0 0 0 0 0 0 0 0 0 0 0 0 0 0 0 0 0 0 0 0 0 0 0 0 0 0 0 0 0 0 0 0 0 0 0 0 0 0 0 0 0 0 0 0 0 0 0 0 0 
0 0 0 0 0 0 0 0 0 0 0 0 0 0 0 0 0 0 0 0 0 0 0 0 0 0 0 0 0 0 0 0 0 0 0 0 0 0 0 0 0 0 0 0 0 0 0 0 0 0 0 0 0 0 0 0 0 0 0 0 0 0 0 0 0 0 0 0 0 0 0 0 0 0 0 0 0 0 0 0 0 0 0 0 0 0 0 0 0 0 0 0 0 0 0 0 0 0 0 0 
0 0 0 0 0 0 0 0 0 0 0 0 0 0 0 0 0 0 0 0 0 0 0 0 0 0 0 0 0 0 0 0 0 0 0 0 0 0 0 0 0 0 0 0 0 0 0 0 0 0 0 0 0 0 0 0 0 0 0 0 0 0 0 0 0 0 0 0 0 0 0 0 0 0 0 0 0 0 0 0 0 0 0 0 0 0 0 0 0 0 0 0 0 0 0 0 0 0 0 0 
0 0 0 0 0 0 0 0 0 0 0 0 0 0 0 0 0 0 0 0 0 0 0 0 0 0 0 0 0 0 0 0 0 0 0 0 0 0 0 0 0 0 0 0 0 0 0 0 0 0 0 0 0 0 0 0 0 0 0 0 0 0 0 0 0 0 0 0 0 0 0 0 0 0 0 0 0 0 0 0 0 0 0 0 0 0 0 0 0 0 0 0 0 0 0 0 0 0 0 0 
0 0 0 0 0 0 0 0 0 0 0 0 0 0 0 0 0 0 0 0 0 0 0 0 0 0 0 0 0 0 0 0 0 0 0 0 0 0 0 0 0 0 0 0 0 0 0 0 0 0 0 0 0 0 0 0 0 0 0 0 0 0 0 0 0 0 0 0 0 0 0 0 0 0 0 0 0 0 0 0 0 0 0 0 0 0 0 0 0 0 0 0 0 0 0 0 0 0 0 0 
0 0 0 0 0 0 0 0 0 0 0 0 0 0 0 0 0 0 0 0 0 0 0 0 0 0 0 0 0 0 0 0 0 0 0 0 0 0 0 0 0 0 0 0 0 0 0 0 0 0 0 0 0 0 0 0 0 0 0 0 0 0 0 0 0 0 0 0 0 0 0 0 0 0 0 0 0 0 0 0 0 0 0 0 0 0 0 0 0 0 0 0 0 0 0 0 0 0 0 0 
0 0 0 0 0 0 0 0 0 0 0 0 0 0 0 0 0 0 0 0 0 0 0 0 0 0 0 0 0 0 0 0 0 0 0 0 0 0 0 0 0 0 0 0 0 0 0 0 0 0 0 0 0 0 0 0 0 0 0 0 0 0 0 0 0 0 0 0 0 0 0 0 0 0 0 0 0 0 0 0 0 0 0 0 0 0 0 0 0 0 0 0 0 0 0 0 0 0 0 0 
0 0 0 0 0 0 0 0 0 0 0 0 0 0 0 0 0 0 0 0 0 0 0 0 0 0 0 0 0 0 0 0 0 0 0 0 0 0 0 0 0 0 0 0 0 0 0 0 0 0 0 0 0 0 0 0 0 0 0 0 0 0 0 0 0 0 0 0 0 0 0 0 0 0 0 0 0 0 0 0 0 0 0 0 0 0 0 0 0 0 0 0 0 0 0 0 0 0 0 0 
0 0 0 0 0 0 0 0 0 0 0 0 0 0 0 0 0 0 0 0 0 0 0 0 0 0 0 0 0 0 0 0 0 0 0 0 0 0 0 0 0 0 0 0 0 0 0 0 0 0 0 0 0 0 0 0 0 0 0 0 0 0 0 0 0 0 0 0 0 0 0 0 0 0 0 0 0 0 0 0 0 0 0 0 0 0 0 0 0 0 0 0 0 0 0 0 0 0 0 0 
0 0 0 0 0 0 0 0 0 0 0 0 0 0 0 0 0 0 0 0 0 0 0 0 0 0 0 0 0 0 0 0 0 0 0 0 0 0 0 0 0 0 0 0 0 0 0 0 0 0 0 0 0 0 0 0 0 0 0 0 0 0 0 0 0 0 0 0 0 0 0 0 0 0 0 0 0 0 0 0 0 0 0 0 0 0 0 0 0 0 0 0 0 0 0 0 0 0 0 0 
0 0 0 0 0 0 0 0 0 0 0 0 0 0 0 0 0 0 0 0 0 0 0 0 0 0 0 0 0 0 0 0 0 0 0 0 0 0 0 0 0 0 0 0 0 0 0 0 0 0 0 0 0 0 0 0 0 0 0 0 0 0 0 0 0 0 0 0 0 0 0 0 0 0 0 0 0 0 0 0 0 0 0 0 0 0 0 0 0 0 0 0 0 0 0 0 0 0 0 0 
0 0 0 0 0 0 0 0 0 0 0 0 0 0 0 0 0 0 0 0 0 0 0 0 0 0 0 0 0 0 0 0 0 0 0 0 0 0 0 0 0 0 0 0 0 0 0 0 0 0 0 0 0 0 0 0 0 0 0 0 0 0 0 0 0 0 0 0 0 0 0 0 0 0 0 0 0 0 0 0 0 0 0 0 0 0 0 0 0 0 0 0 0 0 0 0 0 0 0 0 
0 0 0 0 0 0 0 0 0 0 0 0 0 0 0 0 0 0 0 0 0 0 0 0 0 0 0 0 0 0 0 0 0 0 0 0 0 0 0 0 0 0 0 0 0 0 0 0 0 0 0 0 0 0 0 0 0 0 0 0 0 0 0 0 0 0 0 0 0 0 0 0 0 0 0 0 0 0 0 0 0 0 0 0 0 0 0 0 0 0 0 0 0 0 0 0 0 0 0 0 
0 0 0 0 0 0 0 0 0 0 0 0 0 0 0 0 0 0 0 0 0 0 0 0 0 0 0 0 0 0 0 0 0 0 0 0 0 0 0 0 0 0 0 0 0 0 0 0 0 0 0 0 0 0 0 0 0 0 0 0 0 0 0 0 0 0 0 0 0 0 0 0 0 0 0 0 0 0 0 0 0 0 0 0 0 0 0 0 0 0 0 0 0 0 0 0 0 0 0 0 
0 0 0 0 0 0 0 0 0 0 0 0 0 0 0 0 0 0 0 0 0 0 0 0 0 0 0 0 0 0 0 0 0 0 0 0 0 0 0 0 0 0 0 0 0 0 0 0 0 0 0 0 0 0 0 0 0 0 0 0 0 0 0 0 0 0 0 0 0 0 0 0 0 0 0 0 0 0 0 0 0 0 0 0 0 0 0 0 0 0 0 0 0 0 0 0 0 0 0 0 
0 0 0 0 0 0 0 0 0 0 0 0 0 0 0 0 0 0 0 0 0 0 0 0 0 0 0 0 0 0 0 0 0 0 0 0 0 0 0 0 0 0 0 0 0 0 0 0 0 0 0 0 0 0 0 0 0 0 0 0 0 0 0 0 0 0 0 0 0 0 0 0 0 0 0 0 0 0 0 0 0 0 0 0 0 0 0 0 0 0 0 0 0 0 0 0 0 0 0 0 
0 0 0 0 0 0 0 0 0 0 0 0 0 0 0 0 0 0 0 0 0 0 0 0 0 0 0 0 0 0 0 0 0 0 0 0 0 0 0 0 0 0 0 0 0 0 0 0 0 0 0 0 0 0 0 0 0 0 0 0 0 0 0 0 0 0 0 0 0 0 0 0 0 0 0 0 0 0 0 0 0 0 0 0 0 0 0 0 0 0 0 0 0 0 0 0 0 0 0 0 
0 0 0 0 0 0 0 0 0 0 0 0 0 0 0 0 0 0 0 0 0 0 0 0 0 0 0 0 0 0 0 0 0 0 0 0 0 0 0 0 0 0 0 0 0 0 0 0 0 0 0 0 0 0 0 0 0 0 0 0 0 0 0 0 0 0 0 0 0 0 0 0 0 0 0 0 0 0 0 0 0 0 0 0 0 0 0 0 0 0 0 0 0 0 0 0 0 0 0 0 
0 0 0 0 0 0 0 0 0 0 0 0 0 0 0 0 0 0 0 0 0 0 0 0 0 0 0 0 0 0 0 0 0 0 0 0 0 0 0 0 0 0 0 0 0 0 0 0 0 0 0 0 0 0 0 0 0 0 0 0 0 0 0 0 0 0 0 0 0 0 0 0 0 0 0 0 0 0 0 0 0 0 0 0 0 0 0 0 0 0 0 0 0 0 0 0 0 0 0 0 
0 0 0 0 0 0 0 0 0 0 0 0 0 0 0 0 0 0 0 0 0 0 0 0 0 0 0 0 0 0 0 0 0 0 0 0 0 0 0 0 0 0 0 0 0 0 0 0 0 0 0 0 0 0 0 0 0 0 0 0 0 0 0 0 0 0 0 0 0 0 0 0 0 0 0 0 0 0 0 0 0 0 0 0 0 0 0 0 0 0 0 0 0 0 0 0 0 0 0 0 
0 0 0 0 0 0 0 0 0 0 0 0 0 0 0 0 0 0 0 0 0 0 0 0 0 0 0 0 0 0 0 0 0 0 0 0 0 0 0 0 0 0 0 0 0 0 0 0 0 0 0 0 0 0 0 0 0 0 0 0 0 0 0 0 0 0 0 0 0 0 0 0 0 0 0 0 0 0 0 0 0 0 0 0 0 0 0 0 0 0 0 0 0 0 0 0 0 0 0 0 
0 0 0 0 0 0 0 0 0 0 0 0 0 0 0 0 0 0 0 0 0 0 0 0 0 0 0 0 0 0 0 0 0 0 0 0 0 0 0 0 0 0 0 0 0 0 0 0 0 0 0 0 0 0 0 0 0 0 0 0 0 0 0 0 0 0 0 0 0 0 0 0 0 0 0 0 0 0 0 0 0 0 0 0 0 0 0 0 0 0 0 0 0 0 0 0 0 0 0 0 
0 0 0 0 0 0 0 0 0 0 0 0 0 0 0 0 0 0 0 0 0 0 0 0 0 0 0 0 0 0 0 0 0 0 0 0 0 0 0 0 0 0 0 0 0 0 0 0 0 0 0 0 0 0 0 0 0 0 0 0 0 0 0 0 0 0 0 0 0 0 0 0 0 0 0 0 0 0 0 0 0 0 0 0 0 0 0 0 0 0 0 0 0 0 0 0 0 0 0 0 
0 0 0 0 0 0 0 0 0 0 0 0 0 0 0 0 0 0 0 0 0 0 0 0 0 0 0 0 0 0 0 0 0 0 0 0 0 0 0 0 0 0 0 0 0 0 0 0 0 0 0 0 0 0 0 0 0 0 0 0 0 0 0 0 0 0 0 0 0 0 0 0 0 0 0 0 0 0 0 0 0 0 0 0 0 0 0 0 0 0 0 0 0 0 0 0 0 0 0 0 
0 0 0 0 0 0 0 0 0 0 0 0 0 0 0 0 0 0 0 0 0 0 0 0 0 0 0 0 0 0 0 0 0 0 0 0 0 0 0 0 0 0 0 0 0 0 0 0 0 0 0 0 0 0 0 0 0 0 0 0 0 0 0 0 0 0 0 0 0 0 0 0 0 0 0 0 0 0 0 0 0 0 0 0 0 0 0 0 0 0 0 0 0 0 0 0 0 0 0 0 
0 0 0 0 0 0 0 0 0 0 0 0 0 0 0 0 0 0 0 0 0 0 0 0 0 0 0 0 0 0 0 0 0 0 0 0 0 0 0 0 0 0 0 0 0 0 0 0 0 0 0 0 0 0 0 0 0 0 0 0 0 0 0 0 0 0 0 0 0 0 0 0 0 0 0 0 0 0 0 0 0 0 0 0 0 0 0 0 0 0 0 0 0 0 0 0 0 0 0 0 
0 0 0 0 0 0 0 0 0 0 0 0 0 0 0 0 0 0 0 0 0 0 0 0 0 0 0 0 0 0 0 0 0 0 0 0 0 0 0 0 0 0 0 0 0 0 0 0 0 0 0 0 0 0 0 0 0 0 0 0 0 0 0 0 0 0 0 0 0 0 0 0 0 0 0 0 0 0 0 0 0 0 0 0 0 0 0 0 0 0 0 0 0 0 0 0 0 0 0 0 
0 0 0 0 0 0 0 0 0 0 0 0 0 0 0 0 0 0 0 0 0 0 0 0 0 0 0 0 0 0 0 0 0 0 0 0 0 0 0 0 0 0 0 0 0 0 0 0 0 0 0 0 0 0 0 0 0 0 0 0 0 0 0 0 0 0 0 0 0 0 0 0 0 0 0 0 0 0 0 0 0 0 0 0 0 0 0 0 0 0 0 0 0 0 0 0 0 0 0 0 
0 0 0 0 0 0 0 0 0 0 0 0 0 0 0 0 0 0 0 0 0 0 0 0 0 0 0 0 0 0 0 0 0 0 0 0 0 0 0 0 0 0 0 0 0 0 0 0 0 0 0 0 0 0 0 0 0 0 0 0 0 0 0 0 0 0 0 0 0 0 0 0 0 0 0 0 0 0 0 0 0 0 0 0 0 0 0 0 0 0 0 0 0 0 0 0 0 0 0 0 
0 0 0 0 0 0 0 0 0 0 0 0 0 0 0 0 0 0 0 0 0 0 0 0 0 0 0 0 0 0 0 0 0 0 0 0 0 0 0 0 0 0 0 0 0 0 0 0 0 0 0 0 0 0 0 0 0 0 0 0 0 0 0 0 0 0 0 0 0 0 0 0 0 0 0 0 0 0 0 0 0 0 0 0 0 0 0 0 0 0 0 0 0 0 0 0 0 0 0 0 
0 0 0 0 0 0 0 0 0 0 0 0 0 0 0 0 0 0 0 0 0 0 0 0 0 0 0 0 0 0 0 0 0 0 0 0 0 0 0 0 0 0 0 0 0 0 0 0 0 0 0 0 0 0 0 0 0 0 0 0 0 0 0 0 0 0 0 0 0 0 0 0 0 0 0 0 0 0 0 0 0 0 0 0 0 0 0 0 0 0 0 0 0 0 0 0 0 0 0 0 
0 0 0 0 0 0 0 0 0 0 0 0 0 0 0 0 0 0 0 0 0 0 0 0 0 0 0 0 0 0 0 0 0 0 0 0 0 0 0 0 0 0 0 0 0 0 0 0 0 0 0 0 0 0 0 0 0 0 0 0 0 0 0 0 0 0 0 0 0 0 0 0 0 0 0 0 0 0 0 0 0 0 0 0 0 0 0 0 0 0 0 0 0 0 0 0 0 0 0 0 
0 0 0 0 0 0 0 0 0 0 0 0 0 0 0 0 0 0 0 0 0 0 0 0 0 0 0 0 0 0 0 0 0 0 0 0 0 0 0 0 0 0 0 0 0 0 0 0 0 0 0 0 0 0 0 0 0 0 0 0 0 0 0 0 0 0 0 0 0 0 0 0 0 0 0 0 0 0 0 0 0 0 0 0 0 0 0 0 0 0 0 0 0 0 0 0 0 0 0 0 
0 0 0 0 0 0 0 0 0 0 0 0 0 0 0 0 0 0 0 0 0 0 0 0 0 0 0 0 0 0 0 0 0 0 0 0 0 0 0 0 0 0 0 0 0 0 0 0 0 0 0 0 0 0 0 0 0 0 0 0 0 0 0 0 0 0 0 0 0 0 0 0 0 0 0 0 0 0 0 0 0 0 0 0 0 0 0 0 0 0 0 0 0 0 0 0 0 0 0 0 
0 0 0 0 0 0 0 0 0 0 0 0 0 0 0 0 0 0 0 0 0 0 0 0 0 0 0 0 0 0 0 0 0 0 0 0 0 0 0 0 0 0 0 0 0 0 0 0 0 0 0 0 0 0 0 0 0 0 0 0 0 0 0 0 0 0 0 0 0 0 0 0 0 0 0 0 0 0 0 0 0 0 0 0 0 0 0 0 0 0 0 0 0 0 0 0 0 0 0 0 
0 0 0 0 0 0 0 0 0 0 0 0 0 0 0 0 0 0 0 0 0 0 0 0 0 0 0 0 0 0 0 0 0 0 0 0 0 0 0 0 0 0 0 0 0 0 0 0 0 0 0 0 0 0 0 0 0 0 0 0 0 0 0 0 0 0 0 0 0 0 0 0 0 0 0 0 0 0 0 0 0 0 0 0 0 0 0 0 0 0 0 0 0 0 0 0 0 0 0 0 
0 0 0 0 0 0 0 0 0 0 0 0 0 0 0 0 0 0 0 0 0 0 0 0 0 0 0 0 0 0 0 0 0 0 0 0 0 0 0 0 0 0 0 0 0 0 0 0 0 0 0 0 0 0 0 0 0 0 0 0 0 0 0 0 0 0 0 0 0 0 0 0 0 0 0 0 0 0 0 0 0 0 0 0 0 0 0 0 0 0 0 0 0 0 0 0 0 0 0 0 
0 0 0 0 0 0 0 0 0 0 0 0 0 0 0 0 0 0 0 0 0 0 0 0 0 0 0 0 0 0 0 0 0 0 0 0 0 0 0 0 0 0 0 0 0 0 0 0 0 0 0 0 0 0 0 0 0 0 0 0 0 0 0 0 0 0 0 0 0 0 0 0 0 0 0 0 0 0 0 0 0 0 0 0 0 0 0 0 0 0 0 0 0 0 0 0 0 0 0 0 

